map_base,char_base,bpp,score,nonblank_ref_ratio,top_palette_ratio,top_attr_ratio,tile_unique,tile_repeat_ratio,h_or_v_flip_ratio,priority_ratio,pair_repeat_ratio,top_tiles,top_attrs
8000,0000,2,7.4964,1.0,1.0,1.0,1,0.999,0.0,0.0,0.999,000:1024,p0r0h0v0:1024
8000,0000,4,7.4964,1.0,1.0,1.0,1,0.999,0.0,0.0,0.999,000:1024,p0r0h0v0:1024
8000,2000,2,7.4964,1.0,1.0,1.0,1,0.999,0.0,0.0,0.999,000:1024,p0r0h0v0:1024
8000,2000,4,7.4964,1.0,1.0,1.0,1,0.999,0.0,0.0,0.999,000:1024,p0r0h0v0:1024
8000,4000,2,7.4964,1.0,1.0,1.0,1,0.999,0.0,0.0,0.999,000:1024,p0r0h0v0:1024
8000,4000,4,7.4964,1.0,1.0,1.0,1,0.999,0.0,0.0,0.999,000:1024,p0r0h0v0:1024
8000,6000,2,7.4964,1.0,1.0,1.0,1,0.999,0.0,0.0,0.999,000:1024,p0r0h0v0:1024
8000,6000,4,7.4964,1.0,1.0,1.0,1,0.999,0.0,0.0,0.999,000:1024,p0r0h0v0:1024
8000,A000,4,7.4964,1.0,1.0,1.0,1,0.999,0.0,0.0,0.999,000:1024,p0r0h0v0:1024
8000,C000,2,7.4964,1.0,1.0,1.0,1,0.999,0.0,0.0,0.999,000:1024,p0r0h0v0:1024
8000,C000,4,7.4964,1.0,1.0,1.0,1,0.999,0.0,0.0,0.999,000:1024,p0r0h0v0:1024
A800,0000,2,7.4964,1.0,1.0,1.0,1,0.999,0.0,0.0,0.999,000:1024,p0r0h0v0:1024
A800,0000,4,7.4964,1.0,1.0,1.0,1,0.999,0.0,0.0,0.999,000:1024,p0r0h0v0:1024
A800,2000,2,7.4964,1.0,1.0,1.0,1,0.999,0.0,0.0,0.999,000:1024,p0r0h0v0:1024
A800,2000,4,7.4964,1.0,1.0,1.0,1,0.999,0.0,0.0,0.999,000:1024,p0r0h0v0:1024
A800,4000,2,7.4964,1.0,1.0,1.0,1,0.999,0.0,0.0,0.999,000:1024,p0r0h0v0:1024
A800,4000,4,7.4964,1.0,1.0,1.0,1,0.999,0.0,0.0,0.999,000:1024,p0r0h0v0:1024
A800,6000,2,7.4964,1.0,1.0,1.0,1,0.999,0.0,0.0,0.999,000:1024,p0r0h0v0:1024
A800,6000,4,7.4964,1.0,1.0,1.0,1,0.999,0.0,0.0,0.999,000:1024,p0r0h0v0:1024
A800,A000,4,7.4964,1.0,1.0,1.0,1,0.999,0.0,0.0,0.999,000:1024,p0r0h0v0:1024
A800,C000,2,7.4964,1.0,1.0,1.0,1,0.999,0.0,0.0,0.999,000:1024,p0r0h0v0:1024
A800,C000,4,7.4964,1.0,1.0,1.0,1,0.999,0.0,0.0,0.999,000:1024,p0r0h0v0:1024
B000,0000,2,7.4964,1.0,1.0,1.0,1,0.999,0.0,0.0,0.999,000:1024,p0r0h0v0:1024
B000,0000,4,7.4964,1.0,1.0,1.0,1,0.999,0.0,0.0,0.999,000:1024,p0r0h0v0:1024
B000,2000,2,7.4964,1.0,1.0,1.0,1,0.999,0.0,0.0,0.999,000:1024,p0r0h0v0:1024
B000,2000,4,7.4964,1.0,1.0,1.0,1,0.999,0.0,0.0,0.999,000:1024,p0r0h0v0:1024
B000,4000,2,7.4964,1.0,1.0,1.0,1,0.999,0.0,0.0,0.999,000:1024,p0r0h0v0:1024
B000,4000,4,7.4964,1.0,1.0,1.0,1,0.999,0.0,0.0,0.999,000:1024,p0r0h0v0:1024
B000,6000,2,7.4964,1.0,1.0,1.0,1,0.999,0.0,0.0,0.999,000:1024,p0r0h0v0:1024
B000,6000,4,7.4964,1.0,1.0,1.0,1,0.999,0.0,0.0,0.999,000:1024,p0r0h0v0:1024
B000,A000,4,7.4964,1.0,1.0,1.0,1,0.999,0.0,0.0,0.999,000:1024,p0r0h0v0:1024
B000,C000,2,7.4964,1.0,1.0,1.0,1,0.999,0.0,0.0,0.999,000:1024,p0r0h0v0:1024
B000,C000,4,7.4964,1.0,1.0,1.0,1,0.999,0.0,0.0,0.999,000:1024,p0r0h0v0:1024
B800,0000,2,7.4964,1.0,1.0,1.0,1,0.999,0.0,0.0,0.999,000:1024,p0r0h0v0:1024
B800,0000,4,7.4964,1.0,1.0,1.0,1,0.999,0.0,0.0,0.999,000:1024,p0r0h0v0:1024
B800,2000,2,7.4964,1.0,1.0,1.0,1,0.999,0.0,0.0,0.999,000:1024,p0r0h0v0:1024
B800,2000,4,7.4964,1.0,1.0,1.0,1,0.999,0.0,0.0,0.999,000:1024,p0r0h0v0:1024
B800,4000,2,7.4964,1.0,1.0,1.0,1,0.999,0.0,0.0,0.999,000:1024,p0r0h0v0:1024
B800,4000,4,7.4964,1.0,1.0,1.0,1,0.999,0.0,0.0,0.999,000:1024,p0r0h0v0:1024
B800,6000,2,7.4964,1.0,1.0,1.0,1,0.999,0.0,0.0,0.999,000:1024,p0r0h0v0:1024
B800,6000,4,7.4964,1.0,1.0,1.0,1,0.999,0.0,0.0,0.999,000:1024,p0r0h0v0:1024
B800,A000,4,7.4964,1.0,1.0,1.0,1,0.999,0.0,0.0,0.999,000:1024,p0r0h0v0:1024
B800,C000,2,7.4964,1.0,1.0,1.0,1,0.999,0.0,0.0,0.999,000:1024,p0r0h0v0:1024
B800,C000,4,7.4964,1.0,1.0,1.0,1,0.999,0.0,0.0,0.999,000:1024,p0r0h0v0:1024
E000,0000,2,7.4964,1.0,1.0,1.0,1,0.999,0.0,0.0,0.999,000:1024,p0r0h0v0:1024
E000,0000,4,7.4964,1.0,1.0,1.0,1,0.999,0.0,0.0,0.999,000:1024,p0r0h0v0:1024
E000,2000,2,7.4964,1.0,1.0,1.0,1,0.999,0.0,0.0,0.999,000:1024,p0r0h0v0:1024
E000,2000,4,7.4964,1.0,1.0,1.0,1,0.999,0.0,0.0,0.999,000:1024,p0r0h0v0:1024
E000,4000,2,7.4964,1.0,1.0,1.0,1,0.999,0.0,0.0,0.999,000:1024,p0r0h0v0:1024
E000,4000,4,7.4964,1.0,1.0,1.0,1,0.999,0.0,0.0,0.999,000:1024,p0r0h0v0:1024
E000,6000,2,7.4964,1.0,1.0,1.0,1,0.999,0.0,0.0,0.999,000:1024,p0r0h0v0:1024
E000,6000,4,7.4964,1.0,1.0,1.0,1,0.999,0.0,0.0,0.999,000:1024,p0r0h0v0:1024
E000,A000,4,7.4964,1.0,1.0,1.0,1,0.999,0.0,0.0,0.999,000:1024,p0r0h0v0:1024
E000,C000,2,7.4964,1.0,1.0,1.0,1,0.999,0.0,0.0,0.999,000:1024,p0r0h0v0:1024
E000,C000,4,7.4964,1.0,1.0,1.0,1,0.999,0.0,0.0,0.999,000:1024,p0r0h0v0:1024
E800,0000,2,7.4964,1.0,1.0,1.0,1,0.999,0.0,0.0,0.999,000:1024,p0r0h0v0:1024
E800,0000,4,7.4964,1.0,1.0,1.0,1,0.999,0.0,0.0,0.999,000:1024,p0r0h0v0:1024
E800,2000,2,7.4964,1.0,1.0,1.0,1,0.999,0.0,0.0,0.999,000:1024,p0r0h0v0:1024
E800,2000,4,7.4964,1.0,1.0,1.0,1,0.999,0.0,0.0,0.999,000:1024,p0r0h0v0:1024
E800,4000,2,7.4964,1.0,1.0,1.0,1,0.999,0.0,0.0,0.999,000:1024,p0r0h0v0:1024
E800,4000,4,7.4964,1.0,1.0,1.0,1,0.999,0.0,0.0,0.999,000:1024,p0r0h0v0:1024
E800,6000,2,7.4964,1.0,1.0,1.0,1,0.999,0.0,0.0,0.999,000:1024,p0r0h0v0:1024
E800,6000,4,7.4964,1.0,1.0,1.0,1,0.999,0.0,0.0,0.999,000:1024,p0r0h0v0:1024
E800,A000,4,7.4964,1.0,1.0,1.0,1,0.999,0.0,0.0,0.999,000:1024,p0r0h0v0:1024
E800,C000,2,7.4964,1.0,1.0,1.0,1,0.999,0.0,0.0,0.999,000:1024,p0r0h0v0:1024
E800,C000,4,7.4964,1.0,1.0,1.0,1,0.999,0.0,0.0,0.999,000:1024,p0r0h0v0:1024
9800,0000,2,7.3804,1.0,0.9814,0.9717,7,0.9932,0.0273,0.0195,0.9859,000:944 0FF:61 300:13 2FF:2 360:2 3FF:1 307:1,p0r0h0v0:995 p7r1h1v1:16 p0r0h0v1:8 p1r1h1v0:2
9800,0000,4,7.3804,1.0,0.9814,0.9717,7,0.9932,0.0273,0.0195,0.9859,000:944 0FF:61 300:13 2FF:2 360:2 3FF:1 307:1,p0r0h0v0:995 p7r1h1v1:16 p0r0h0v1:8 p1r1h1v0:2
9800,2000,2,7.3804,1.0,0.9814,0.9717,7,0.9932,0.0273,0.0195,0.9859,000:944 0FF:61 300:13 2FF:2 360:2 3FF:1 307:1,p0r0h0v0:995 p7r1h1v1:16 p0r0h0v1:8 p1r1h1v0:2
9800,4000,2,7.3804,1.0,0.9814,0.9717,7,0.9932,0.0273,0.0195,0.9859,000:944 0FF:61 300:13 2FF:2 360:2 3FF:1 307:1,p0r0h0v0:995 p7r1h1v1:16 p0r0h0v1:8 p1r1h1v0:2
9800,C000,2,7.3774,0.998,0.9814,0.9717,7,0.9932,0.0273,0.0195,0.9859,000:944 0FF:61 300:13 2FF:2 360:2 3FF:1 307:1,p0r0h0v0:995 p7r1h1v1:16 p0r0h0v1:8 p1r1h1v0:2
9800,6000,2,7.376,0.9971,0.9814,0.9717,7,0.9932,0.0273,0.0195,0.9859,000:944 0FF:61 300:13 2FF:2 360:2 3FF:1 307:1,p0r0h0v0:995 p7r1h1v1:16 p0r0h0v1:8 p1r1h1v0:2
9800,6000,4,7.376,0.9971,0.9814,0.9717,7,0.9932,0.0273,0.0195,0.9859,000:944 0FF:61 300:13 2FF:2 360:2 3FF:1 307:1,p0r0h0v0:995 p7r1h1v1:16 p0r0h0v1:8 p1r1h1v0:2
9800,4000,4,7.373,0.9951,0.9814,0.9717,7,0.9932,0.0273,0.0195,0.9859,000:944 0FF:61 300:13 2FF:2 360:2 3FF:1 307:1,p0r0h0v0:995 p7r1h1v1:16 p0r0h0v1:8 p1r1h1v0:2
9800,2000,4,7.3584,0.9854,0.9814,0.9717,7,0.9932,0.0273,0.0195,0.9859,000:944 0FF:61 300:13 2FF:2 360:2 3FF:1 307:1,p0r0h0v0:995 p7r1h1v1:16 p0r0h0v1:8 p1r1h1v0:2
9800,A000,4,7.2661,0.9238,0.9814,0.9717,7,0.9932,0.0273,0.0195,0.9859,000:944 0FF:61 300:13 2FF:2 360:2 3FF:1 307:1,p0r0h0v0:995 p7r1h1v1:16 p0r0h0v1:8 p1r1h1v0:2
9800,C000,4,7.2632,0.9219,0.9814,0.9717,7,0.9932,0.0273,0.0195,0.9859,000:944 0FF:61 300:13 2FF:2 360:2 3FF:1 307:1,p0r0h0v0:995 p7r1h1v1:16 p0r0h0v1:8 p1r1h1v0:2
F000,0000,2,7.0964,1.0,1.0,1.0,1,0.999,0.0,1.0,0.999,08F:1024,p2r1h0v0:1024
F000,0000,4,7.0964,1.0,1.0,1.0,1,0.999,0.0,1.0,0.999,08F:1024,p2r1h0v0:1024
F000,2000,2,7.0964,1.0,1.0,1.0,1,0.999,0.0,1.0,0.999,08F:1024,p2r1h0v0:1024
F000,2000,4,7.0964,1.0,1.0,1.0,1,0.999,0.0,1.0,0.999,08F:1024,p2r1h0v0:1024
F000,4000,2,7.0964,1.0,1.0,1.0,1,0.999,0.0,1.0,0.999,08F:1024,p2r1h0v0:1024
F000,4000,4,7.0964,1.0,1.0,1.0,1,0.999,0.0,1.0,0.999,08F:1024,p2r1h0v0:1024
F000,6000,2,7.0964,1.0,1.0,1.0,1,0.999,0.0,1.0,0.999,08F:1024,p2r1h0v0:1024
F000,6000,4,7.0964,1.0,1.0,1.0,1,0.999,0.0,1.0,0.999,08F:1024,p2r1h0v0:1024
F000,8000,2,7.0964,1.0,1.0,1.0,1,0.999,0.0,1.0,0.999,08F:1024,p2r1h0v0:1024
F000,8000,4,7.0964,1.0,1.0,1.0,1,0.999,0.0,1.0,0.999,08F:1024,p2r1h0v0:1024
F000,C000,2,7.0964,1.0,1.0,1.0,1,0.999,0.0,1.0,0.999,08F:1024,p2r1h0v0:1024
F000,E000,4,7.0964,1.0,1.0,1.0,1,0.999,0.0,1.0,0.999,08F:1024,p2r1h0v0:1024
D800,0000,2,7.0331,1.0,0.9355,0.9287,55,0.9463,0.0322,0.0381,0.9083,000:898 080:8 060:7 090:6 010:6 040:5 0C0:5 001:4,p0r0h0v0:951 p4r1h0v0:12 p6r1h0v0:6 p6r1h0v1:5
D800,0000,4,7.0331,1.0,0.9355,0.9287,55,0.9463,0.0322,0.0381,0.9083,000:898 080:8 060:7 090:6 010:6 040:5 0C0:5 001:4,p0r0h0v0:951 p4r1h0v0:12 p6r1h0v0:6 p6r1h0v1:5
D800,2000,2,7.0331,1.0,0.9355,0.9287,55,0.9463,0.0322,0.0381,0.9083,000:898 080:8 060:7 090:6 010:6 040:5 0C0:5 001:4,p0r0h0v0:951 p4r1h0v0:12 p6r1h0v0:6 p6r1h0v1:5
D800,4000,2,7.0331,1.0,0.9355,0.9287,55,0.9463,0.0322,0.0381,0.9083,000:898 080:8 060:7 090:6 010:6 040:5 0C0:5 001:4,p0r0h0v0:951 p4r1h0v0:12 p6r1h0v0:6 p6r1h0v1:5
D800,2000,4,7.0214,0.9922,0.9355,0.9287,55,0.9463,0.0322,0.0381,0.9083,000:898 080:8 060:7 090:6 010:6 040:5 0C0:5 001:4,p0r0h0v0:951 p4r1h0v0:12 p6r1h0v0:6 p6r1h0v1:5
D800,6000,2,7.0097,0.9844,0.9355,0.9287,55,0.9463,0.0322,0.0381,0.9083,000:898 080:8 060:7 090:6 010:6 040:5 0C0:5 001:4,p0r0h0v0:951 p4r1h0v0:12 p6r1h0v0:6 p6r1h0v1:5
D800,4000,4,7.0082,0.9834,0.9355,0.9287,55,0.9463,0.0322,0.0381,0.9083,000:898 080:8 060:7 090:6 010:6 040:5 0C0:5 001:4,p0r0h0v0:951 p4r1h0v0:12 p6r1h0v0:6 p6r1h0v1:5
D800,C000,2,7.0038,0.9805,0.9355,0.9287,55,0.9463,0.0322,0.0381,0.9083,000:898 080:8 060:7 090:6 010:6 040:5 0C0:5 001:4,p0r0h0v0:951 p4r1h0v0:12 p6r1h0v0:6 p6r1h0v1:5
D800,6000,4,6.9848,0.9678,0.9355,0.9287,55,0.9463,0.0322,0.0381,0.9083,000:898 080:8 060:7 090:6 010:6 040:5 0C0:5 001:4,p0r0h0v0:951 p4r1h0v0:12 p6r1h0v0:6 p6r1h0v1:5
D800,C000,4,6.9467,0.9424,0.9355,0.9287,55,0.9463,0.0322,0.0381,0.9083,000:898 080:8 060:7 090:6 010:6 040:5 0C0:5 001:4,p0r0h0v0:951 p4r1h0v0:12 p6r1h0v0:6 p6r1h0v1:5
D800,A000,4,6.9218,0.9258,0.9355,0.9287,55,0.9463,0.0322,0.0381,0.9083,000:898 080:8 060:7 090:6 010:6 040:5 0C0:5 001:4,p0r0h0v0:951 p4r1h0v0:12 p6r1h0v0:6 p6r1h0v1:5
A000,0000,2,6.7615,1.0,0.9893,0.9834,86,0.916,0.002,0.0039,0.7157,000:396 0FF:54 0FE:38 078:28 0F3:26 0FC:25 0F0:25 0EF:24,p0r0h0v0:1007 p4r0h0v0:4 p0r1h0v0:4 p1r0h0v0:4
A000,0000,4,6.7615,1.0,0.9893,0.9834,86,0.916,0.002,0.0039,0.7157,000:396 0FF:54 0FE:38 078:28 0F3:26 0FC:25 0F0:25 0EF:24,p0r0h0v0:1007 p4r0h0v0:4 p0r1h0v0:4 p1r0h0v0:4
A000,2000,2,6.7615,1.0,0.9893,0.9834,86,0.916,0.002,0.0039,0.7157,000:396 0FF:54 0FE:38 078:28 0F3:26 0FC:25 0F0:25 0EF:24,p0r0h0v0:1007 p4r0h0v0:4 p0r1h0v0:4 p1r0h0v0:4
A000,2000,4,6.7615,1.0,0.9893,0.9834,86,0.916,0.002,0.0039,0.7157,000:396 0FF:54 0FE:38 078:28 0F3:26 0FC:25 0F0:25 0EF:24,p0r0h0v0:1007 p4r0h0v0:4 p0r1h0v0:4 p1r0h0v0:4
A000,4000,2,6.7615,1.0,0.9893,0.9834,86,0.916,0.002,0.0039,0.7157,000:396 0FF:54 0FE:38 078:28 0F3:26 0FC:25 0F0:25 0EF:24,p0r0h0v0:1007 p4r0h0v0:4 p0r1h0v0:4 p1r0h0v0:4
A000,4000,4,6.7586,0.998,0.9893,0.9834,86,0.916,0.002,0.0039,0.7157,000:396 0FF:54 0FE:38 078:28 0F3:26 0FC:25 0F0:25 0EF:24,p0r0h0v0:1007 p4r0h0v0:4 p0r1h0v0:4 p1r0h0v0:4
A000,6000,2,6.7586,0.998,0.9893,0.9834,86,0.916,0.002,0.0039,0.7157,000:396 0FF:54 0FE:38 078:28 0F3:26 0FC:25 0F0:25 0EF:24,p0r0h0v0:1007 p4r0h0v0:4 p0r1h0v0:4 p1r0h0v0:4
A000,6000,4,6.7542,0.9951,0.9893,0.9834,86,0.916,0.002,0.0039,0.7157,000:396 0FF:54 0FE:38 078:28 0F3:26 0FC:25 0F0:25 0EF:24,p0r0h0v0:1007 p4r0h0v0:4 p0r1h0v0:4 p1r0h0v0:4
A000,C000,2,6.6722,0.9404,0.9893,0.9834,86,0.916,0.002,0.0039,0.7157,000:396 0FF:54 0FE:38 078:28 0F3:26 0FC:25 0F0:25 0EF:24,p0r0h0v0:1007 p4r0h0v0:4 p0r1h0v0:4 p1r0h0v0:4
F800,0000,2,6.3129,1.0,0.625,0.625,7,0.9932,0.0,0.625,0.9869,08F:640 000:342 002:13 001:13 003:8 004:4 005:4,p2r1h0v0:640 p4r0h0v0:372 p6r0h0v0:5 p5r0h0v0:5
F800,0000,4,6.3129,1.0,0.625,0.625,7,0.9932,0.0,0.625,0.9869,08F:640 000:342 002:13 001:13 003:8 004:4 005:4,p2r1h0v0:640 p4r0h0v0:372 p6r0h0v0:5 p5r0h0v0:5
F800,2000,2,6.3129,1.0,0.625,0.625,7,0.9932,0.0,0.625,0.9869,08F:640 000:342 002:13 001:13 003:8 004:4 005:4,p2r1h0v0:640 p4r0h0v0:372 p6r0h0v0:5 p5r0h0v0:5
F800,2000,4,6.3129,1.0,0.625,0.625,7,0.9932,0.0,0.625,0.9869,08F:640 000:342 002:13 001:13 003:8 004:4 005:4,p2r1h0v0:640 p4r0h0v0:372 p6r0h0v0:5 p5r0h0v0:5
F800,4000,2,6.3129,1.0,0.625,0.625,7,0.9932,0.0,0.625,0.9869,08F:640 000:342 002:13 001:13 003:8 004:4 005:4,p2r1h0v0:640 p4r0h0v0:372 p6r0h0v0:5 p5r0h0v0:5
F800,4000,4,6.3129,1.0,0.625,0.625,7,0.9932,0.0,0.625,0.9869,08F:640 000:342 002:13 001:13 003:8 004:4 005:4,p2r1h0v0:640 p4r0h0v0:372 p6r0h0v0:5 p5r0h0v0:5
F800,6000,2,6.3129,1.0,0.625,0.625,7,0.9932,0.0,0.625,0.9869,08F:640 000:342 002:13 001:13 003:8 004:4 005:4,p2r1h0v0:640 p4r0h0v0:372 p6r0h0v0:5 p5r0h0v0:5
F800,6000,4,6.3129,1.0,0.625,0.625,7,0.9932,0.0,0.625,0.9869,08F:640 000:342 002:13 001:13 003:8 004:4 005:4,p2r1h0v0:640 p4r0h0v0:372 p6r0h0v0:5 p5r0h0v0:5
F800,C000,2,6.3129,1.0,0.625,0.625,7,0.9932,0.0,0.625,0.9869,08F:640 000:342 002:13 001:13 003:8 004:4 005:4,p2r1h0v0:640 p4r0h0v0:372 p6r0h0v0:5 p5r0h0v0:5
A000,C000,4,6.1595,0.5986,0.9893,0.9834,86,0.916,0.002,0.0039,0.7157,000:396 0FF:54 0FE:38 078:28 0F3:26 0FC:25 0F0:25 0EF:24,p0r0h0v0:1007 p4r0h0v0:4 p0r1h0v0:4 p1r0h0v0:4
9000,0000,2,6.0225,1.0,0.6338,0.4336,13,0.9873,0.3115,0.2266,0.9698,0FF:703 2FF:139 1FF:104 3FF:62 341:4 300:3 302:2 342:2,p0r0h0v0:444 p0r0h1v0:63 p4r0h0v0:60 p0r0h0v1:40
9000,0000,4,6.0225,1.0,0.6338,0.4336,13,0.9873,0.3115,0.2266,0.9698,0FF:703 2FF:139 1FF:104 3FF:62 341:4 300:3 302:2 342:2,p0r0h0v0:444 p0r0h1v0:63 p4r0h0v0:60 p0r0h0v1:40
9000,2000,2,6.0225,1.0,0.6338,0.4336,13,0.9873,0.3115,0.2266,0.9698,0FF:703 2FF:139 1FF:104 3FF:62 341:4 300:3 302:2 342:2,p0r0h0v0:444 p0r0h1v0:63 p4r0h0v0:60 p0r0h0v1:40
9000,4000,2,6.0225,1.0,0.6338,0.4336,13,0.9873,0.3115,0.2266,0.9698,0FF:703 2FF:139 1FF:104 3FF:62 341:4 300:3 302:2 342:2,p0r0h0v0:444 p0r0h1v0:63 p4r0h0v0:60 p0r0h0v1:40
D000,0000,2,6.0119,1.0,0.8105,0.7227,116,0.8867,0.1543,0.1182,0.6966,000:558 0FF:42 0C0:29 080:24 001:18 002:15 060:12 0F8:11,p0r0h0v0:740 p1r0h0v0:30 p0r0h0v1:23 p0r0h1v0:23
D000,0000,4,6.0119,1.0,0.8105,0.7227,116,0.8867,0.1543,0.1182,0.6966,000:558 0FF:42 0C0:29 080:24 001:18 002:15 060:12 0F8:11,p0r0h0v0:740 p1r0h0v0:30 p0r0h0v1:23 p0r0h1v0:23
D000,2000,2,6.0119,1.0,0.8105,0.7227,116,0.8867,0.1543,0.1182,0.6966,000:558 0FF:42 0C0:29 080:24 001:18 002:15 060:12 0F8:11,p0r0h0v0:740 p1r0h0v0:30 p0r0h0v1:23 p0r0h1v0:23
D000,4000,2,6.0119,1.0,0.8105,0.7227,116,0.8867,0.1543,0.1182,0.6966,000:558 0FF:42 0C0:29 080:24 001:18 002:15 060:12 0F8:11,p0r0h0v0:740 p1r0h0v0:30 p0r0h0v1:23 p0r0h1v0:23
8000,8000,2,5.9964,0.0,1.0,1.0,1,0.999,0.0,0.0,0.999,000:1024,p0r0h0v0:1024
8000,8000,4,5.9964,0.0,1.0,1.0,1,0.999,0.0,0.0,0.999,000:1024,p0r0h0v0:1024
8000,A000,2,5.9964,0.0,1.0,1.0,1,0.999,0.0,0.0,0.999,000:1024,p0r0h0v0:1024
8000,E000,2,5.9964,0.0,1.0,1.0,1,0.999,0.0,0.0,0.999,000:1024,p0r0h0v0:1024
8000,E000,4,5.9964,0.0,1.0,1.0,1,0.999,0.0,0.0,0.999,000:1024,p0r0h0v0:1024
A800,8000,2,5.9964,0.0,1.0,1.0,1,0.999,0.0,0.0,0.999,000:1024,p0r0h0v0:1024
A800,8000,4,5.9964,0.0,1.0,1.0,1,0.999,0.0,0.0,0.999,000:1024,p0r0h0v0:1024
A800,A000,2,5.9964,0.0,1.0,1.0,1,0.999,0.0,0.0,0.999,000:1024,p0r0h0v0:1024
A800,E000,2,5.9964,0.0,1.0,1.0,1,0.999,0.0,0.0,0.999,000:1024,p0r0h0v0:1024
A800,E000,4,5.9964,0.0,1.0,1.0,1,0.999,0.0,0.0,0.999,000:1024,p0r0h0v0:1024
B000,8000,2,5.9964,0.0,1.0,1.0,1,0.999,0.0,0.0,0.999,000:1024,p0r0h0v0:1024
B000,8000,4,5.9964,0.0,1.0,1.0,1,0.999,0.0,0.0,0.999,000:1024,p0r0h0v0:1024
B000,A000,2,5.9964,0.0,1.0,1.0,1,0.999,0.0,0.0,0.999,000:1024,p0r0h0v0:1024
B000,E000,2,5.9964,0.0,1.0,1.0,1,0.999,0.0,0.0,0.999,000:1024,p0r0h0v0:1024
B000,E000,4,5.9964,0.0,1.0,1.0,1,0.999,0.0,0.0,0.999,000:1024,p0r0h0v0:1024
B800,8000,2,5.9964,0.0,1.0,1.0,1,0.999,0.0,0.0,0.999,000:1024,p0r0h0v0:1024
B800,8000,4,5.9964,0.0,1.0,1.0,1,0.999,0.0,0.0,0.999,000:1024,p0r0h0v0:1024
B800,A000,2,5.9964,0.0,1.0,1.0,1,0.999,0.0,0.0,0.999,000:1024,p0r0h0v0:1024
B800,E000,2,5.9964,0.0,1.0,1.0,1,0.999,0.0,0.0,0.999,000:1024,p0r0h0v0:1024
B800,E000,4,5.9964,0.0,1.0,1.0,1,0.999,0.0,0.0,0.999,000:1024,p0r0h0v0:1024
E000,8000,2,5.9964,0.0,1.0,1.0,1,0.999,0.0,0.0,0.999,000:1024,p0r0h0v0:1024
E000,8000,4,5.9964,0.0,1.0,1.0,1,0.999,0.0,0.0,0.999,000:1024,p0r0h0v0:1024
E000,A000,2,5.9964,0.0,1.0,1.0,1,0.999,0.0,0.0,0.999,000:1024,p0r0h0v0:1024
E000,E000,2,5.9964,0.0,1.0,1.0,1,0.999,0.0,0.0,0.999,000:1024,p0r0h0v0:1024
E000,E000,4,5.9964,0.0,1.0,1.0,1,0.999,0.0,0.0,0.999,000:1024,p0r0h0v0:1024
E800,8000,2,5.9964,0.0,1.0,1.0,1,0.999,0.0,0.0,0.999,000:1024,p0r0h0v0:1024
E800,8000,4,5.9964,0.0,1.0,1.0,1,0.999,0.0,0.0,0.999,000:1024,p0r0h0v0:1024
E800,A000,2,5.9964,0.0,1.0,1.0,1,0.999,0.0,0.0,0.999,000:1024,p0r0h0v0:1024
E800,E000,2,5.9964,0.0,1.0,1.0,1,0.999,0.0,0.0,0.999,000:1024,p0r0h0v0:1024
E800,E000,4,5.9964,0.0,1.0,1.0,1,0.999,0.0,0.0,0.999,000:1024,p0r0h0v0:1024
9800,E000,4,5.9697,0.0596,0.9814,0.9717,7,0.9932,0.0273,0.0195,0.9859,000:944 0FF:61 300:13 2FF:2 360:2 3FF:1 307:1,p0r0h0v0:995 p7r1h1v1:16 p0r0h0v1:8 p1r1h1v0:2
A000,A000,4,5.9515,0.46,0.9893,0.9834,86,0.916,0.002,0.0039,0.7157,000:396 0FF:54 0FE:38 078:28 0F3:26 0FC:25 0F0:25 0EF:24,p0r0h0v0:1007 p4r0h0v0:4 p0r1h0v0:4 p1r0h0v0:4
D000,6000,2,5.9387,0.9512,0.8105,0.7227,116,0.8867,0.1543,0.1182,0.6966,000:558 0FF:42 0C0:29 080:24 001:18 002:15 060:12 0F8:11,p0r0h0v0:740 p1r0h0v0:30 p0r0h0v1:23 p0r0h1v0:23
D000,2000,4,5.9225,0.9404,0.8105,0.7227,116,0.8867,0.1543,0.1182,0.6966,000:558 0FF:42 0C0:29 080:24 001:18 002:15 060:12 0F8:11,p0r0h0v0:740 p1r0h0v0:30 p0r0h0v1:23 p0r0h1v0:23
9000,2000,4,5.92,0.9316,0.6338,0.4336,13,0.9873,0.3115,0.2266,0.9698,0FF:703 2FF:139 1FF:104 3FF:62 341:4 300:3 302:2 342:2,p0r0h0v0:444 p0r0h1v0:63 p4r0h0v0:60 p0r0h0v1:40
D000,C000,2,5.9181,0.9375,0.8105,0.7227,116,0.8867,0.1543,0.1182,0.6966,000:558 0FF:42 0C0:29 080:24 001:18 002:15 060:12 0F8:11,p0r0h0v0:740 p1r0h0v0:30 p0r0h0v1:23 p0r0h1v0:23
D000,6000,4,5.9167,0.9365,0.8105,0.7227,116,0.8867,0.1543,0.1182,0.6966,000:558 0FF:42 0C0:29 080:24 001:18 002:15 060:12 0F8:11,p0r0h0v0:740 p1r0h0v0:30 p0r0h0v1:23 p0r0h1v0:23
D000,4000,4,5.9152,0.9355,0.8105,0.7227,116,0.8867,0.1543,0.1182,0.6966,000:558 0FF:42 0C0:29 080:24 001:18 002:15 060:12 0F8:11,p0r0h0v0:740 p1r0h0v0:30 p0r0h0v1:23 p0r0h1v0:23
9800,A000,2,5.9067,0.0176,0.9814,0.9717,7,0.9932,0.0273,0.0195,0.9859,000:944 0FF:61 300:13 2FF:2 360:2 3FF:1 307:1,p0r0h0v0:995 p7r1h1v1:16 p0r0h0v1:8 p1r1h1v0:2
9800,8000,4,5.8818,0.001,0.9814,0.9717,7,0.9932,0.0273,0.0195,0.9859,000:944 0FF:61 300:13 2FF:2 360:2 3FF:1 307:1,p0r0h0v0:995 p7r1h1v1:16 p0r0h0v1:8 p1r1h1v0:2
9800,8000,2,5.8804,0.0,0.9814,0.9717,7,0.9932,0.0273,0.0195,0.9859,000:944 0FF:61 300:13 2FF:2 360:2 3FF:1 307:1,p0r0h0v0:995 p7r1h1v1:16 p0r0h0v1:8 p1r1h1v0:2
9800,E000,2,5.8804,0.0,0.9814,0.9717,7,0.9932,0.0273,0.0195,0.9859,000:944 0FF:61 300:13 2FF:2 360:2 3FF:1 307:1,p0r0h0v0:995 p7r1h1v1:16 p0r0h0v1:8 p1r1h1v0:2
A000,E000,4,5.8738,0.4082,0.9893,0.9834,86,0.916,0.002,0.0039,0.7157,000:396 0FF:54 0FE:38 078:28 0F3:26 0FC:25 0F0:25 0EF:24,p0r0h0v0:1007 p4r0h0v0:4 p0r1h0v0:4 p1r0h0v0:4
8800,0000,2,5.8668,1.0,0.6279,0.5186,46,0.9551,0.2998,0.2227,0.8659,000:355 0FF:303 2FF:142 2E7:35 1FF:26 03C:24 3FF:18 07E:18,p0r0h0v0:531 p0r0h1v0:80 p7r1h0v0:38 p7r1h1v0:32
8800,0000,4,5.8668,1.0,0.6279,0.5186,46,0.9551,0.2998,0.2227,0.8659,000:355 0FF:303 2FF:142 2E7:35 1FF:26 03C:24 3FF:18 07E:18,p0r0h0v0:531 p0r0h1v0:80 p7r1h0v0:38 p7r1h1v0:32
8800,2000,2,5.8668,1.0,0.6279,0.5186,46,0.9551,0.2998,0.2227,0.8659,000:355 0FF:303 2FF:142 2E7:35 1FF:26 03C:24 3FF:18 07E:18,p0r0h0v0:531 p0r0h1v0:80 p7r1h0v0:38 p7r1h1v0:32
8800,4000,2,5.8668,1.0,0.6279,0.5186,46,0.9551,0.2998,0.2227,0.8659,000:355 0FF:303 2FF:142 2E7:35 1FF:26 03C:24 3FF:18 07E:18,p0r0h0v0:531 p0r0h1v0:80 p7r1h0v0:38 p7r1h1v0:32
8800,2000,4,5.8214,0.9697,0.6279,0.5186,46,0.9551,0.2998,0.2227,0.8659,000:355 0FF:303 2FF:142 2E7:35 1FF:26 03C:24 3FF:18 07E:18,p0r0h0v0:531 p0r0h1v0:80 p7r1h0v0:38 p7r1h1v0:32
F800,8000,2,5.7504,0.625,0.625,0.625,7,0.9932,0.0,0.625,0.9869,08F:640 000:342 002:13 001:13 003:8 004:4 005:4,p2r1h0v0:640 p4r0h0v0:372 p6r0h0v0:5 p5r0h0v0:5
F800,8000,4,5.7504,0.625,0.625,0.625,7,0.9932,0.0,0.625,0.9869,08F:640 000:342 002:13 001:13 003:8 004:4 005:4,p2r1h0v0:640 p4r0h0v0:372 p6r0h0v0:5 p5r0h0v0:5
F800,E000,4,5.7504,0.625,0.625,0.625,7,0.9932,0.0,0.625,0.9869,08F:640 000:342 002:13 001:13 003:8 004:4 005:4,p2r1h0v0:640 p4r0h0v0:372 p6r0h0v0:5 p5r0h0v0:5
9000,6000,2,5.7222,0.7998,0.6338,0.4336,13,0.9873,0.3115,0.2266,0.9698,0FF:703 2FF:139 1FF:104 3FF:62 341:4 300:3 302:2 342:2,p0r0h0v0:444 p0r0h1v0:63 p4r0h0v0:60 p0r0h0v1:40
9000,4000,4,5.7134,0.7939,0.6338,0.4336,13,0.9873,0.3115,0.2266,0.9698,0FF:703 2FF:139 1FF:104 3FF:62 341:4 300:3 302:2 342:2,p0r0h0v0:444 p0r0h1v0:63 p4r0h0v0:60 p0r0h0v1:40
9000,C000,2,5.6666,0.7627,0.6338,0.4336,13,0.9873,0.3115,0.2266,0.9698,0FF:703 2FF:139 1FF:104 3FF:62 341:4 300:3 302:2 342:2,p0r0h0v0:444 p0r0h1v0:63 p4r0h0v0:60 p0r0h0v1:40
D000,C000,4,5.6486,0.7578,0.8105,0.7227,116,0.8867,0.1543,0.1182,0.6966,000:558 0FF:42 0C0:29 080:24 001:18 002:15 060:12 0F8:11,p0r0h0v0:740 p1r0h0v0:30 p0r0h0v1:23 p0r0h1v0:23
D800,8000,4,5.6459,0.0752,0.9355,0.9287,55,0.9463,0.0322,0.0381,0.9083,000:898 080:8 060:7 090:6 010:6 040:5 0C0:5 001:4,p0r0h0v0:951 p4r1h0v0:12 p6r1h0v0:6 p6r1h0v1:5
D800,8000,2,5.6225,0.0596,0.9355,0.9287,55,0.9463,0.0322,0.0381,0.9083,000:898 080:8 060:7 090:6 010:6 040:5 0C0:5 001:4,p0r0h0v0:951 p4r1h0v0:12 p6r1h0v0:6 p6r1h0v1:5
D800,A000,2,5.6152,0.0547,0.9355,0.9287,55,0.9463,0.0322,0.0381,0.9083,000:898 080:8 060:7 090:6 010:6 040:5 0C0:5 001:4,p0r0h0v0:951 p4r1h0v0:12 p6r1h0v0:6 p6r1h0v1:5
F000,A000,2,5.5964,0.0,1.0,1.0,1,0.999,0.0,1.0,0.999,08F:1024,p2r1h0v0:1024
F000,A000,4,5.5964,0.0,1.0,1.0,1,0.999,0.0,1.0,0.999,08F:1024,p2r1h0v0:1024
F000,C000,4,5.5964,0.0,1.0,1.0,1,0.999,0.0,1.0,0.999,08F:1024,p2r1h0v0:1024
F000,E000,2,5.5964,0.0,1.0,1.0,1,0.999,0.0,1.0,0.999,08F:1024,p2r1h0v0:1024
D800,E000,4,5.5829,0.0332,0.9355,0.9287,55,0.9463,0.0322,0.0381,0.9083,000:898 080:8 060:7 090:6 010:6 040:5 0C0:5 001:4,p0r0h0v0:951 p4r1h0v0:12 p6r1h0v0:6 p6r1h0v1:5
9000,6000,4,5.5728,0.7002,0.6338,0.4336,13,0.9873,0.3115,0.2266,0.9698,0FF:703 2FF:139 1FF:104 3FF:62 341:4 300:3 302:2 342:2,p0r0h0v0:444 p0r0h1v0:63 p4r0h0v0:60 p0r0h0v1:40
8800,6000,2,5.5709,0.8027,0.6279,0.5186,46,0.9551,0.2998,0.2227,0.8659,000:355 0FF:303 2FF:142 2E7:35 1FF:26 03C:24 3FF:18 07E:18,p0r0h0v0:531 p0r0h1v0:80 p7r1h0v0:38 p7r1h1v0:32
0000,0000,2,5.57,1.0,0.4092,0.4092,16,0.9844,0.0156,0.9219,0.9456,113:142 112:138 103:126 102:120 202:86 203:83 212:63 213:55,p1r1h0v0:419 p2r1h0v0:185 p3r1h0v0:155 p0r1h0v0:112
0000,0000,4,5.57,1.0,0.4092,0.4092,16,0.9844,0.0156,0.9219,0.9456,113:142 112:138 103:126 102:120 202:86 203:83 212:63 213:55,p1r1h0v0:419 p2r1h0v0:185 p3r1h0v0:155 p0r1h0v0:112
0000,2000,2,5.57,1.0,0.4092,0.4092,16,0.9844,0.0156,0.9219,0.9456,113:142 112:138 103:126 102:120 202:86 203:83 212:63 213:55,p1r1h0v0:419 p2r1h0v0:185 p3r1h0v0:155 p0r1h0v0:112
0000,4000,2,5.57,1.0,0.4092,0.4092,16,0.9844,0.0156,0.9219,0.9456,113:142 112:138 103:126 102:120 202:86 203:83 212:63 213:55,p1r1h0v0:419 p2r1h0v0:185 p3r1h0v0:155 p0r1h0v0:112
D800,E000,2,5.5698,0.0244,0.9355,0.9287,55,0.9463,0.0322,0.0381,0.9083,000:898 080:8 060:7 090:6 010:6 040:5 0C0:5 001:4,p0r0h0v0:951 p4r1h0v0:12 p6r1h0v0:6 p6r1h0v1:5
8800,4000,4,5.5607,0.7959,0.6279,0.5186,46,0.9551,0.2998,0.2227,0.8659,000:355 0FF:303 2FF:142 2E7:35 1FF:26 03C:24 3FF:18 07E:18,p0r0h0v0:531 p0r0h1v0:80 p7r1h0v0:38 p7r1h1v0:32
9000,E000,4,5.5523,0.6865,0.6338,0.4336,13,0.9873,0.3115,0.2266,0.9698,0FF:703 2FF:139 1FF:104 3FF:62 341:4 300:3 302:2 342:2,p0r0h0v0:444 p0r0h1v0:63 p4r0h0v0:60 p0r0h0v1:40
8800,6000,4,5.5328,0.7773,0.6279,0.5186,46,0.9551,0.2998,0.2227,0.8659,000:355 0FF:303 2FF:142 2E7:35 1FF:26 03C:24 3FF:18 07E:18,p0r0h0v0:531 p0r0h1v0:80 p7r1h0v0:38 p7r1h1v0:32
D000,A000,4,5.5212,0.6729,0.8105,0.7227,116,0.8867,0.1543,0.1182,0.6966,000:558 0FF:42 0C0:29 080:24 001:18 002:15 060:12 0F8:11,p0r0h0v0:740 p1r0h0v0:30 p0r0h0v1:23 p0r0h1v0:23
8800,C000,2,5.5021,0.7568,0.6279,0.5186,46,0.9551,0.2998,0.2227,0.8659,000:355 0FF:303 2FF:142 2E7:35 1FF:26 03C:24 3FF:18 07E:18,p0r0h0v0:531 p0r0h1v0:80 p7r1h0v0:38 p7r1h1v0:32
A000,A000,2,5.4388,0.1182,0.9893,0.9834,86,0.916,0.002,0.0039,0.7157,000:396 0FF:54 0FE:38 078:28 0F3:26 0FC:25 0F0:25 0EF:24,p0r0h0v0:1007 p4r0h0v0:4 p0r1h0v0:4 p1r0h0v0:4
A000,8000,2,5.4358,0.1162,0.9893,0.9834,86,0.916,0.002,0.0039,0.7157,000:396 0FF:54 0FE:38 078:28 0F3:26 0FC:25 0F0:25 0EF:24,p0r0h0v0:1007 p4r0h0v0:4 p0r1h0v0:4 p1r0h0v0:4
0000,2000,4,5.4353,0.9102,0.4092,0.4092,16,0.9844,0.0156,0.9219,0.9456,113:142 112:138 103:126 102:120 202:86 203:83 212:63 213:55,p1r1h0v0:419 p2r1h0v0:185 p3r1h0v0:155 p0r1h0v0:112
A000,8000,4,5.3978,0.0908,0.9893,0.9834,86,0.916,0.002,0.0039,0.7157,000:396 0FF:54 0FE:38 078:28 0F3:26 0FC:25 0F0:25 0EF:24,p0r0h0v0:1007 p4r0h0v0:4 p0r1h0v0:4 p1r0h0v0:4
F800,A000,4,5.3754,0.375,0.625,0.625,7,0.9932,0.0,0.625,0.9869,08F:640 000:342 002:13 001:13 003:8 004:4 005:4,p2r1h0v0:640 p4r0h0v0:372 p6r0h0v0:5 p5r0h0v0:5
F800,C000,4,5.3754,0.375,0.625,0.625,7,0.9932,0.0,0.625,0.9869,08F:640 000:342 002:13 001:13 003:8 004:4 005:4,p2r1h0v0:640 p4r0h0v0:372 p6r0h0v0:5 p5r0h0v0:5
6800,0000,2,5.3375,1.0,0.3477,0.3467,19,0.9814,0.2031,0.7979,0.9375,102:110 212:110 213:103 103:100 203:94 202:80 112:74 313:74,p6r1h0v0:355 p7r1h0v0:170 p3r1h0v0:117 p4r1h0v0:111
6800,0000,4,5.3375,1.0,0.3477,0.3467,19,0.9814,0.2031,0.7979,0.9375,102:110 212:110 213:103 103:100 203:94 202:80 112:74 313:74,p6r1h0v0:355 p7r1h0v0:170 p3r1h0v0:117 p4r1h0v0:111
6800,2000,2,5.3375,1.0,0.3477,0.3467,19,0.9814,0.2031,0.7979,0.9375,102:110 212:110 213:103 103:100 203:94 202:80 112:74 313:74,p6r1h0v0:355 p7r1h0v0:170 p3r1h0v0:117 p4r1h0v0:111
6800,4000,2,5.3375,1.0,0.3477,0.3467,19,0.9814,0.2031,0.7979,0.9375,102:110 212:110 213:103 103:100 203:94 202:80 112:74 313:74,p6r1h0v0:355 p7r1h0v0:170 p3r1h0v0:117 p4r1h0v0:111
A000,E000,2,5.2645,0.002,0.9893,0.9834,86,0.916,0.002,0.0039,0.7157,000:396 0FF:54 0FE:38 078:28 0F3:26 0FC:25 0F0:25 0EF:24,p0r0h0v0:1007 p4r0h0v0:4 p0r1h0v0:4 p1r0h0v0:4
0000,8000,2,5.261,0.7939,0.4092,0.4092,16,0.9844,0.0156,0.9219,0.9456,113:142 112:138 103:126 102:120 202:86 203:83 212:63 213:55,p1r1h0v0:419 p2r1h0v0:185 p3r1h0v0:155 p0r1h0v0:112
0000,8000,4,5.261,0.7939,0.4092,0.4092,16,0.9844,0.0156,0.9219,0.9456,113:142 112:138 103:126 102:120 202:86 203:83 212:63 213:55,p1r1h0v0:419 p2r1h0v0:185 p3r1h0v0:155 p0r1h0v0:112
8800,A000,4,5.1783,0.541,0.6279,0.5186,46,0.9551,0.2998,0.2227,0.8659,000:355 0FF:303 2FF:142 2E7:35 1FF:26 03C:24 3FF:18 07E:18,p0r0h0v0:531 p0r0h1v0:80 p7r1h0v0:38 p7r1h1v0:32
0000,4000,4,5.1496,0.7197,0.4092,0.4092,16,0.9844,0.0156,0.9219,0.9456,113:142 112:138 103:126 102:120 202:86 203:83 212:63 213:55,p1r1h0v0:419 p2r1h0v0:185 p3r1h0v0:155 p0r1h0v0:112
0000,6000,2,5.1496,0.7197,0.4092,0.4092,16,0.9844,0.0156,0.9219,0.9456,113:142 112:138 103:126 102:120 202:86 203:83 212:63 213:55,p1r1h0v0:419 p2r1h0v0:185 p3r1h0v0:155 p0r1h0v0:112
0000,C000,2,5.1496,0.7197,0.4092,0.4092,16,0.9844,0.0156,0.9219,0.9456,113:142 112:138 103:126 102:120 202:86 203:83 212:63 213:55,p1r1h0v0:419 p2r1h0v0:185 p3r1h0v0:155 p0r1h0v0:112
1000,0000,2,5.1344,1.0,0.3096,0.2744,16,0.9844,0.3018,0.8281,0.9355,103:140 102:131 213:109 212:90 113:89 112:88 202:57 203:54,p0r1h0v0:281 p1r1h0v0:183 p5r1h0v1:87 p6r1h0v0:76
1000,0000,4,5.1344,1.0,0.3096,0.2744,16,0.9844,0.3018,0.8281,0.9355,103:140 102:131 213:109 212:90 113:89 112:88 202:57 203:54,p0r1h0v0:281 p1r1h0v0:183 p5r1h0v1:87 p6r1h0v0:76
1000,2000,2,5.1344,1.0,0.3096,0.2744,16,0.9844,0.3018,0.8281,0.9355,103:140 102:131 213:109 212:90 113:89 112:88 202:57 203:54,p0r1h0v0:281 p1r1h0v0:183 p5r1h0v1:87 p6r1h0v0:76
1000,4000,2,5.1344,1.0,0.3096,0.2744,16,0.9844,0.3018,0.8281,0.9355,103:140 102:131 213:109 212:90 113:89 112:88 202:57 203:54,p0r1h0v0:281 p1r1h0v0:183 p5r1h0v1:87 p6r1h0v0:76
0800,0000,2,5.1117,1.0,0.249,0.249,16,0.9844,0.1719,0.832,0.9375,113:119 102:117 103:103 203:102 112:98 212:80 202:73 213:65,p1r1h0v0:255 p3r1h0v0:200 p0r1h0v0:165 p2r1h0v0:111
0800,0000,4,5.1117,1.0,0.249,0.249,16,0.9844,0.1719,0.832,0.9375,113:119 102:117 103:103 203:102 112:98 212:80 202:73 213:65,p1r1h0v0:255 p3r1h0v0:200 p0r1h0v0:165 p2r1h0v0:111
0800,2000,2,5.1117,1.0,0.249,0.249,16,0.9844,0.1719,0.832,0.9375,113:119 102:117 103:103 203:102 112:98 212:80 202:73 213:65,p1r1h0v0:255 p3r1h0v0:200 p0r1h0v0:165 p2r1h0v0:111
0800,4000,2,5.1117,1.0,0.249,0.249,16,0.9844,0.1719,0.832,0.9375,113:119 102:117 103:103 203:102 112:98 212:80 202:73 213:65,p1r1h0v0:255 p3r1h0v0:200 p0r1h0v0:165 p2r1h0v0:111
8800,C000,4,5.0787,0.4746,0.6279,0.5186,46,0.9551,0.2998,0.2227,0.8659,000:355 0FF:303 2FF:142 2E7:35 1FF:26 03C:24 3FF:18 07E:18,p0r0h0v0:531 p0r0h1v0:80 p7r1h0v0:38 p7r1h1v0:32
6800,2000,4,5.0504,0.8086,0.3477,0.3467,19,0.9814,0.2031,0.7979,0.9375,102:110 212:110 213:103 103:100 203:94 202:80 112:74 313:74,p6r1h0v0:355 p7r1h0v0:170 p3r1h0v0:117 p4r1h0v0:111
0000,A000,4,5.0149,0.6299,0.4092,0.4092,16,0.9844,0.0156,0.9219,0.9456,113:142 112:138 103:126 102:120 202:86 203:83 212:63 213:55,p1r1h0v0:419 p2r1h0v0:185 p3r1h0v0:155 p0r1h0v0:112
7800,0000,2,4.9534,1.0,0.2217,0.2188,16,0.9844,0.5996,0.4033,0.9355,202:105 203:102 212:83 213:82 312:78 313:75 103:68 112:60,p2r0h1v0:224 p1r1h0v0:150 p7r1h0v0:117 p3r0h1v0:111
7800,0000,4,4.9534,1.0,0.2217,0.2188,16,0.9844,0.5996,0.4033,0.9355,202:105 203:102 212:83 213:82 312:78 313:75 103:68 112:60,p2r0h1v0:224 p1r1h0v0:150 p7r1h0v0:117 p3r0h1v0:111
7800,2000,2,4.9534,1.0,0.2217,0.2188,16,0.9844,0.5996,0.4033,0.9355,202:105 203:102 212:83 213:82 312:78 313:75 103:68 112:60,p2r0h1v0:224 p1r1h0v0:150 p7r1h0v0:117 p3r0h1v0:111
7800,4000,2,4.9534,1.0,0.2217,0.2188,16,0.9844,0.5996,0.4033,0.9355,202:105 203:102 212:83 213:82 312:78 313:75 103:68 112:60,p2r0h1v0:224 p1r1h0v0:150 p7r1h0v0:117 p3r0h1v0:111
7000,0000,2,4.9426,1.0,0.2178,0.2178,16,0.9844,0.5596,0.4756,0.9355,203:114 213:109 212:108 202:101 103:70 312:65 113:63 302:62,p7r1h0v0:223 p1r1h0v0:154 p3r0h1v0:144 p5r0h1v0:84
7000,0000,4,4.9426,1.0,0.2178,0.2178,16,0.9844,0.5596,0.4756,0.9355,203:114 213:109 212:108 202:101 103:70 312:65 113:63 302:62,p7r1h0v0:223 p1r1h0v0:154 p3r0h1v0:144 p5r0h1v0:84
7000,2000,2,4.9426,1.0,0.2178,0.2178,16,0.9844,0.5596,0.4756,0.9355,203:114 213:109 212:108 202:101 103:70 312:65 113:63 302:62,p7r1h0v0:223 p1r1h0v0:154 p3r0h1v0:144 p5r0h1v0:84
7000,4000,2,4.9426,1.0,0.2178,0.2178,16,0.9844,0.5596,0.4756,0.9355,203:114 213:109 212:108 202:101 103:70 312:65 113:63 302:62,p7r1h0v0:223 p1r1h0v0:154 p3r0h1v0:144 p5r0h1v0:84
6800,8000,2,4.9244,0.7246,0.3477,0.3467,19,0.9814,0.2031,0.7979,0.9375,102:110 212:110 213:103 103:100 203:94 202:80 112:74 313:74,p6r1h0v0:355 p7r1h0v0:170 p3r1h0v0:117 p4r1h0v0:111
6800,8000,4,4.9244,0.7246,0.3477,0.3467,19,0.9814,0.2031,0.7979,0.9375,102:110 212:110 213:103 103:100 203:94 202:80 112:74 313:74,p6r1h0v0:355 p7r1h0v0:170 p3r1h0v0:117 p4r1h0v0:111
1000,2000,4,4.903,0.8457,0.3096,0.2744,16,0.9844,0.3018,0.8281,0.9355,103:140 102:131 213:109 212:90 113:89 112:88 202:57 203:54,p0r1h0v0:281 p1r1h0v0:183 p5r1h0v1:87 p6r1h0v0:76
F800,A000,2,4.8744,0.041,0.625,0.625,7,0.9932,0.0,0.625,0.9869,08F:640 000:342 002:13 001:13 003:8 004:4 005:4,p2r1h0v0:640 p4r0h0v0:372 p6r0h0v0:5 p5r0h0v0:5
8800,E000,4,4.8429,0.3174,0.6279,0.5186,46,0.9551,0.2998,0.2227,0.8659,000:355 0FF:303 2FF:142 2E7:35 1FF:26 03C:24 3FF:18 07E:18,p0r0h0v0:531 p0r0h1v0:80 p7r1h0v0:38 p7r1h1v0:32
0000,E000,2,4.8405,0.5137,0.4092,0.4092,16,0.9844,0.0156,0.9219,0.9456,113:142 112:138 103:126 102:120 202:86 203:83 212:63 213:55,p1r1h0v0:419 p2r1h0v0:185 p3r1h0v0:155 p0r1h0v0:112
4000,0000,2,4.8392,1.0,0.3252,0.3184,92,0.9102,0.1904,0.8994,0.7923,203:82 112:82 113:81 202:77 103:72 102:70 213:63 212:62,p1r1h0v0:326 p7r1h0v0:283 p0r1h0v0:140 p0r0h1v0:103
4000,0000,4,4.8392,1.0,0.3252,0.3184,92,0.9102,0.1904,0.8994,0.7923,203:82 112:82 113:81 202:77 103:72 102:70 213:63 212:62,p1r1h0v0:326 p7r1h0v0:283 p0r1h0v0:140 p0r0h1v0:103
4000,2000,2,4.8392,1.0,0.3252,0.3184,92,0.9102,0.1904,0.8994,0.7923,203:82 112:82 113:81 202:77 103:72 102:70 213:63 212:62,p1r1h0v0:326 p7r1h0v0:283 p0r1h0v0:140 p0r0h1v0:103
4000,4000,2,4.8392,1.0,0.3252,0.3184,92,0.9102,0.1904,0.8994,0.7923,203:82 112:82 113:81 202:77 103:72 102:70 213:63 212:62,p1r1h0v0:326 p7r1h0v0:283 p0r1h0v0:140 p0r0h1v0:103
0800,2000,4,4.8305,0.8125,0.249,0.249,16,0.9844,0.1719,0.832,0.9375,113:119 102:117 103:103 203:102 112:98 212:80 202:73 213:65,p1r1h0v0:255 p3r1h0v0:200 p0r1h0v0:165 p2r1h0v0:111
6800,A000,2,4.8248,0.6582,0.3477,0.3467,19,0.9814,0.2031,0.7979,0.9375,102:110 212:110 213:103 103:100 203:94 202:80 112:74 313:74,p6r1h0v0:355 p7r1h0v0:170 p3r1h0v0:117 p4r1h0v0:111
6800,6000,4,4.8189,0.6543,0.3477,0.3467,19,0.9814,0.2031,0.7979,0.9375,102:110 212:110 213:103 103:100 203:94 202:80 112:74 313:74,p6r1h0v0:355 p7r1h0v0:170 p3r1h0v0:117 p4r1h0v0:111
D000,A000,2,4.8137,0.2012,0.8105,0.7227,116,0.8867,0.1543,0.1182,0.6966,000:558 0FF:42 0C0:29 080:24 001:18 002:15 060:12 0F8:11,p0r0h0v0:740 p1r0h0v0:30 p0r0h0v1:23 p0r0h1v0:23
F800,E000,2,4.8129,0.0,0.625,0.625,7,0.9932,0.0,0.625,0.9869,08F:640 000:342 002:13 001:13 003:8 004:4 005:4,p2r1h0v0:640 p4r0h0v0:372 p6r0h0v0:5 p5r0h0v0:5
2800,0000,2,4.8038,1.0,0.6045,0.3477,110,0.8926,0.4844,0.9639,0.7046,104:52 113:49 102:48 312:42 103:41 313:37 112:36 304:35,p6r1h0v1:356 p6r1h0v0:263 p7r1h0v1:103 p1r1h0v0:91
2800,0000,4,4.8038,1.0,0.6045,0.3477,110,0.8926,0.4844,0.9639,0.7046,104:52 113:49 102:48 312:42 103:41 313:37 112:36 304:35,p6r1h0v1:356 p6r1h0v0:263 p7r1h0v1:103 p1r1h0v0:91
2800,2000,2,4.8038,1.0,0.6045,0.3477,110,0.8926,0.4844,0.9639,0.7046,104:52 113:49 102:48 312:42 103:41 313:37 112:36 304:35,p6r1h0v1:356 p6r1h0v0:263 p7r1h0v1:103 p1r1h0v0:91
2800,4000,2,4.8038,1.0,0.6045,0.3477,110,0.8926,0.4844,0.9639,0.7046,104:52 113:49 102:48 312:42 103:41 313:37 112:36 304:35,p6r1h0v1:356 p6r1h0v0:263 p7r1h0v1:103 p1r1h0v0:91
0000,6000,4,4.7995,0.4863,0.4092,0.4092,16,0.9844,0.0156,0.9219,0.9456,113:142 112:138 103:126 102:120 202:86 203:83 212:63 213:55,p1r1h0v0:419 p2r1h0v0:185 p3r1h0v0:155 p0r1h0v0:112
0000,A000,2,4.7995,0.4863,0.4092,0.4092,16,0.9844,0.0156,0.9219,0.9456,113:142 112:138 103:126 102:120 202:86 203:83 212:63 213:55,p1r1h0v0:419 p2r1h0v0:185 p3r1h0v0:155 p0r1h0v0:112
6000,0000,2,4.7978,1.0,0.3057,0.1934,61,0.9404,0.3428,0.7793,0.8558,212:108 213:96 202:89 203:81 113:77 103:76 102:72 112:63,p6r1h0v0:198 p7r1h0v0:150 p4r1h0v0:142 p3r1h0v0:90
6000,0000,4,4.7978,1.0,0.3057,0.1934,61,0.9404,0.3428,0.7793,0.8558,212:108 213:96 202:89 203:81 113:77 103:76 102:72 112:63,p6r1h0v0:198 p7r1h0v0:150 p4r1h0v0:142 p3r1h0v0:90
6000,2000,2,4.7978,1.0,0.3057,0.1934,61,0.9404,0.3428,0.7793,0.8558,212:108 213:96 202:89 203:81 113:77 103:76 102:72 112:63,p6r1h0v0:198 p7r1h0v0:150 p4r1h0v0:142 p3r1h0v0:90
6000,4000,2,4.7978,1.0,0.3057,0.1934,61,0.9404,0.3428,0.7793,0.8558,212:108 213:96 202:89 203:81 113:77 103:76 102:72 112:63,p6r1h0v0:198 p7r1h0v0:150 p4r1h0v0:142 p3r1h0v0:90
D000,8000,4,4.7741,0.1748,0.8105,0.7227,116,0.8867,0.1543,0.1182,0.6966,000:558 0FF:42 0C0:29 080:24 001:18 002:15 060:12 0F8:11,p0r0h0v0:740 p1r0h0v0:30 p0r0h0v1:23 p0r0h1v0:23
6800,4000,4,4.7633,0.6172,0.3477,0.3467,19,0.9814,0.2031,0.7979,0.9375,102:110 212:110 213:103 103:100 203:94 202:80 112:74 313:74,p6r1h0v0:355 p7r1h0v0:170 p3r1h0v0:117 p4r1h0v0:111
6800,6000,2,4.7633,0.6172,0.3477,0.3467,19,0.9814,0.2031,0.7979,0.9375,102:110 212:110 213:103 103:100 203:94 202:80 112:74 313:74,p6r1h0v0:355 p7r1h0v0:170 p3r1h0v0:117 p4r1h0v0:111
6800,C000,2,4.7633,0.6172,0.3477,0.3467,19,0.9814,0.2031,0.7979,0.9375,102:110 212:110 213:103 103:100 203:94 202:80 112:74 313:74,p6r1h0v0:355 p7r1h0v0:170 p3r1h0v0:117 p4r1h0v0:111
D000,E000,4,4.7521,0.1602,0.8105,0.7227,116,0.8867,0.1543,0.1182,0.6966,000:558 0FF:42 0C0:29 080:24 001:18 002:15 060:12 0F8:11,p0r0h0v0:740 p1r0h0v0:30 p0r0h0v1:23 p0r0h1v0:23
1000,8000,2,4.7448,0.7402,0.3096,0.2744,16,0.9844,0.3018,0.8281,0.9355,103:140 102:131 213:109 212:90 113:89 112:88 202:57 203:54,p0r1h0v0:281 p1r1h0v0:183 p5r1h0v1:87 p6r1h0v0:76
1000,8000,4,4.7448,0.7402,0.3096,0.2744,16,0.9844,0.3018,0.8281,0.9355,103:140 102:131 213:109 212:90 113:89 112:88 202:57 203:54,p0r1h0v0:281 p1r1h0v0:183 p5r1h0v1:87 p6r1h0v0:76
8800,A000,2,4.7447,0.252,0.6279,0.5186,46,0.9551,0.2998,0.2227,0.8659,000:355 0FF:303 2FF:142 2E7:35 1FF:26 03C:24 3FF:18 07E:18,p0r0h0v0:531 p0r0h1v0:80 p7r1h0v0:38 p7r1h1v0:32
9000,A000,2,4.7379,0.1436,0.6338,0.4336,13,0.9873,0.3115,0.2266,0.9698,0FF:703 2FF:139 1FF:104 3FF:62 341:4 300:3 302:2 342:2,p0r0h0v0:444 p0r0h1v0:63 p4r0h0v0:60 p0r0h0v1:40
9000,A000,4,4.7261,0.1357,0.6338,0.4336,13,0.9873,0.3115,0.2266,0.9698,0FF:703 2FF:139 1FF:104 3FF:62 341:4 300:3 302:2 342:2,p0r0h0v0:444 p0r0h1v0:63 p4r0h0v0:60 p0r0h0v1:40
0800,8000,2,4.7206,0.7393,0.249,0.249,16,0.9844,0.1719,0.832,0.9375,113:119 102:117 103:103 203:102 112:98 212:80 202:73 213:65,p1r1h0v0:255 p3r1h0v0:200 p0r1h0v0:165 p2r1h0v0:111
0800,8000,4,4.7206,0.7393,0.249,0.249,16,0.9844,0.1719,0.832,0.9375,113:119 102:117 103:103 203:102 112:98 212:80 202:73 213:65,p1r1h0v0:255 p3r1h0v0:200 p0r1h0v0:165 p2r1h0v0:111
1000,4000,4,4.6803,0.6973,0.3096,0.2744,16,0.9844,0.3018,0.8281,0.9355,103:140 102:131 213:109 212:90 113:89 112:88 202:57 203:54,p0r1h0v0:281 p1r1h0v0:183 p5r1h0v1:87 p6r1h0v0:76
1000,6000,2,4.6803,0.6973,0.3096,0.2744,16,0.9844,0.3018,0.8281,0.9355,103:140 102:131 213:109 212:90 113:89 112:88 202:57 203:54,p0r1h0v0:281 p1r1h0v0:183 p5r1h0v1:87 p6r1h0v0:76
1000,C000,2,4.6803,0.6973,0.3096,0.2744,16,0.9844,0.3018,0.8281,0.9355,103:140 102:131 213:109 212:90 113:89 112:88 202:57 203:54,p0r1h0v0:281 p1r1h0v0:183 p5r1h0v1:87 p6r1h0v0:76
9000,C000,4,4.6749,0.1016,0.6338,0.4336,13,0.9873,0.3115,0.2266,0.9698,0FF:703 2FF:139 1FF:104 3FF:62 341:4 300:3 302:2 342:2,p0r0h0v0:444 p0r0h1v0:63 p4r0h0v0:60 p0r0h0v1:40
9000,E000,2,4.6749,0.1016,0.6338,0.4336,13,0.9873,0.3115,0.2266,0.9698,0FF:703 2FF:139 1FF:104 3FF:62 341:4 300:3 302:2 342:2,p0r0h0v0:444 p0r0h1v0:63 p4r0h0v0:60 p0r0h0v1:40
D000,8000,2,4.654,0.0947,0.8105,0.7227,116,0.8867,0.1543,0.1182,0.6966,000:558 0FF:42 0C0:29 080:24 001:18 002:15 060:12 0F8:11,p0r0h0v0:740 p1r0h0v0:30 p0r0h0v1:23 p0r0h1v0:23
0800,4000,4,4.643,0.6875,0.249,0.249,16,0.9844,0.1719,0.832,0.9375,113:119 102:117 103:103 203:102 112:98 212:80 202:73 213:65,p1r1h0v0:255 p3r1h0v0:200 p0r1h0v0:165 p2r1h0v0:111
0800,6000,2,4.643,0.6875,0.249,0.249,16,0.9844,0.1719,0.832,0.9375,113:119 102:117 103:103 203:102 112:98 212:80 202:73 213:65,p1r1h0v0:255 p3r1h0v0:200 p0r1h0v0:165 p2r1h0v0:111
0800,C000,2,4.643,0.6875,0.249,0.249,16,0.9844,0.1719,0.832,0.9375,113:119 102:117 103:103 203:102 112:98 212:80 202:73 213:65,p1r1h0v0:255 p3r1h0v0:200 p0r1h0v0:165 p2r1h0v0:111
4000,2000,4,4.6282,0.8594,0.3252,0.3184,92,0.9102,0.1904,0.8994,0.7923,203:82 112:82 113:81 202:77 103:72 102:70 213:63 212:62,p1r1h0v0:326 p7r1h0v0:283 p0r1h0v0:140 p0r0h1v0:103
9000,8000,4,4.6192,0.0645,0.6338,0.4336,13,0.9873,0.3115,0.2266,0.9698,0FF:703 2FF:139 1FF:104 3FF:62 341:4 300:3 302:2 342:2,p0r0h0v0:444 p0r0h1v0:63 p4r0h0v0:60 p0r0h0v1:40
7000,2000,4,4.6043,0.7744,0.2178,0.2178,16,0.9844,0.5596,0.4756,0.9355,203:114 213:109 212:108 202:101 103:70 312:65 113:63 302:62,p7r1h0v0:223 p1r1h0v0:154 p3r0h1v0:144 p5r0h1v0:84
7800,6000,4,4.6004,0.7646,0.2217,0.2188,16,0.9844,0.5996,0.4033,0.9355,202:105 203:102 212:83 213:82 312:78 313:75 103:68 112:60,p2r0h1v0:224 p1r1h0v0:150 p7r1h0v0:117 p3r0h1v0:111
7800,A000,2,4.6004,0.7646,0.2217,0.2188,16,0.9844,0.5996,0.4033,0.9355,202:105 203:102 212:83 213:82 312:78 313:75 103:68 112:60,p2r0h1v0:224 p1r1h0v0:150 p7r1h0v0:117 p3r0h1v0:111
7000,6000,4,4.5867,0.7627,0.2178,0.2178,16,0.9844,0.5596,0.4756,0.9355,203:114 213:109 212:108 202:101 103:70 312:65 113:63 302:62,p7r1h0v0:223 p1r1h0v0:154 p3r0h1v0:144 p5r0h1v0:84
7000,A000,2,4.5867,0.7627,0.2178,0.2178,16,0.9844,0.5596,0.4756,0.9355,203:114 213:109 212:108 202:101 103:70 312:65 113:63 302:62,p7r1h0v0:223 p1r1h0v0:154 p3r0h1v0:144 p5r0h1v0:84
2800,6000,2,4.5855,0.8545,0.6045,0.3477,110,0.8926,0.4844,0.9639,0.7046,104:52 113:49 102:48 312:42 103:41 313:37 112:36 304:35,p6r1h0v1:356 p6r1h0v0:263 p7r1h0v1:103 p1r1h0v0:91
3800,0000,2,4.5845,1.0,0.1943,0.1768,53,0.9482,0.3564,0.748,0.8175,313:73 212:68 103:65 302:59 303:55 312:55 102:54 213:52,p2r0h1v0:181 p6r1h0v0:170 p7r1h0v0:156 p1r1h0v0:147
3800,0000,4,4.5845,1.0,0.1943,0.1768,53,0.9482,0.3564,0.748,0.8175,313:73 212:68 103:65 302:59 303:55 312:55 102:54 213:52,p2r0h1v0:181 p6r1h0v0:170 p7r1h0v0:156 p1r1h0v0:147
3800,2000,2,4.5845,1.0,0.1943,0.1768,53,0.9482,0.3564,0.748,0.8175,313:73 212:68 103:65 302:59 303:55 312:55 102:54 213:52,p2r0h1v0:181 p6r1h0v0:170 p7r1h0v0:156 p1r1h0v0:147
3800,4000,2,4.5845,1.0,0.1943,0.1768,53,0.9482,0.3564,0.748,0.8175,313:73 212:68 103:65 302:59 303:55 312:55 102:54 213:52,p2r0h1v0:181 p6r1h0v0:170 p7r1h0v0:156 p1r1h0v0:147
4000,8000,2,4.577,0.8252,0.3252,0.3184,92,0.9102,0.1904,0.8994,0.7923,203:82 112:82 113:81 202:77 103:72 102:70 213:63 212:62,p1r1h0v0:326 p7r1h0v0:283 p0r1h0v0:140 p0r0h1v0:103
7800,2000,4,4.5769,0.749,0.2217,0.2188,16,0.9844,0.5996,0.4033,0.9355,202:105 203:102 212:83 213:82 312:78 313:75 103:68 112:60,p2r0h1v0:224 p1r1h0v0:150 p7r1h0v0:117 p3r0h1v0:111
6000,2000,4,4.5708,0.8486,0.3057,0.1934,61,0.9404,0.3428,0.7793,0.8558,212:108 213:96 202:89 203:81 113:77 103:76 102:72 112:63,p6r1h0v0:198 p7r1h0v0:150 p4r1h0v0:142 p3r1h0v0:90
D000,E000,2,4.5632,0.0342,0.8105,0.7227,116,0.8867,0.1543,0.1182,0.6966,000:558 0FF:42 0C0:29 080:24 001:18 002:15 060:12 0F8:11,p0r0h0v0:740 p1r0h0v0:30 p0r0h0v1:23 p0r0h1v0:23
5000,0000,2,4.5611,1.0,0.3672,0.2832,125,0.8779,0.4697,0.8203,0.7429,202:92 213:90 203:84 212:79 103:48 102:48 312:39 112:34,p7r1h0v0:290 p6r1h0v1:138 p1r1h0v0:95 p7r1h0v1:86
5000,0000,4,4.5611,1.0,0.3672,0.2832,125,0.8779,0.4697,0.8203,0.7429,202:92 213:90 203:84 212:79 103:48 102:48 312:39 112:34,p7r1h0v0:290 p6r1h0v1:138 p1r1h0v0:95 p7r1h0v1:86
5000,2000,2,4.5611,1.0,0.3672,0.2832,125,0.8779,0.4697,0.8203,0.7429,202:92 213:90 203:84 212:79 103:48 102:48 312:39 112:34,p7r1h0v0:290 p6r1h0v1:138 p1r1h0v0:95 p7r1h0v1:86
5000,4000,2,4.5611,1.0,0.3672,0.2832,125,0.8779,0.4697,0.8203,0.7429,202:92 213:90 203:84 212:79 103:48 102:48 312:39 112:34,p7r1h0v0:290 p6r1h0v1:138 p1r1h0v0:95 p7r1h0v1:86
4000,8000,4,4.5374,0.7988,0.3252,0.3184,92,0.9102,0.1904,0.8994,0.7923,203:82 112:82 113:81 202:77 103:72 102:70 213:63 212:62,p1r1h0v0:326 p7r1h0v0:283 p0r1h0v0:140 p0r0h1v0:103
2800,4000,4,4.5255,0.8145,0.6045,0.3477,110,0.8926,0.4844,0.9639,0.7046,104:52 113:49 102:48 312:42 103:41 313:37 112:36 304:35,p6r1h0v1:356 p6r1h0v0:263 p7r1h0v1:103 p1r1h0v0:91
9000,8000,2,4.5225,0.0,0.6338,0.4336,13,0.9873,0.3115,0.2266,0.9698,0FF:703 2FF:139 1FF:104 3FF:62 341:4 300:3 302:2 342:2,p0r0h0v0:444 p0r0h1v0:63 p4r0h0v0:60 p0r0h0v1:40
C800,0000,2,4.5177,1.0,0.4463,0.3008,143,0.8604,0.3721,0.3223,0.5484,000:286 0F0:50 0F8:43 0E0:35 0C0:33 0FC:30 080:27 33F:18,p0r0h0v0:308 p1r0h0v0:44 p7r0h0v0:44 p3r0h0v0:43
C800,0000,4,4.5177,1.0,0.4463,0.3008,143,0.8604,0.3721,0.3223,0.5484,000:286 0F0:50 0F8:43 0E0:35 0C0:33 0FC:30 080:27 33F:18,p0r0h0v0:308 p1r0h0v0:44 p7r0h0v0:44 p3r0h0v0:43
C800,2000,2,4.5177,1.0,0.4463,0.3008,143,0.8604,0.3721,0.3223,0.5484,000:286 0F0:50 0F8:43 0E0:35 0C0:33 0FC:30 080:27 33F:18,p0r0h0v0:308 p1r0h0v0:44 p7r0h0v0:44 p3r0h0v0:43
C800,4000,2,4.5177,1.0,0.4463,0.3008,143,0.8604,0.3721,0.3223,0.5484,000:286 0F0:50 0F8:43 0E0:35 0C0:33 0FC:30 080:27 33F:18,p0r0h0v0:308 p1r0h0v0:44 p7r0h0v0:44 p3r0h0v0:43
2800,C000,2,4.5152,0.8076,0.6045,0.3477,110,0.8926,0.4844,0.9639,0.7046,104:52 113:49 102:48 312:42 103:41 313:37 112:36 304:35,p6r1h0v1:356 p6r1h0v0:263 p7r1h0v1:103 p1r1h0v0:91
3000,0000,2,4.5046,1.0,0.377,0.3721,164,0.8398,0.335,0.7881,0.6391,313:62 102:60 112:53 303:51 103:50 302:49 312:48 113:46,p6r1h0v0:381 p2r0h1v0:189 p1r1h0v0:124 p7r1h0v0:78
3000,0000,4,4.5046,1.0,0.377,0.3721,164,0.8398,0.335,0.7881,0.6391,313:62 102:60 112:53 303:51 103:50 302:49 312:48 113:46,p6r1h0v0:381 p2r0h1v0:189 p1r1h0v0:124 p7r1h0v0:78
3000,2000,2,4.5046,1.0,0.377,0.3721,164,0.8398,0.335,0.7881,0.6391,313:62 102:60 112:53 303:51 103:50 302:49 312:48 113:46,p6r1h0v0:381 p2r0h1v0:189 p1r1h0v0:124 p7r1h0v0:78
3000,4000,2,4.5046,1.0,0.377,0.3721,164,0.8398,0.335,0.7881,0.6391,313:62 102:60 112:53 303:51 103:50 302:49 312:48 113:46,p6r1h0v0:381 p2r0h1v0:189 p1r1h0v0:124 p7r1h0v0:78
1000,6000,4,4.4782,0.5625,0.3096,0.2744,16,0.9844,0.3018,0.8281,0.9355,103:140 102:131 213:109 212:90 113:89 112:88 202:57 203:54,p0r1h0v0:281 p1r1h0v0:183 p5r1h0v1:87 p6r1h0v0:76
1000,A000,2,4.4782,0.5625,0.3096,0.2744,16,0.9844,0.3018,0.8281,0.9355,103:140 102:131 213:109 212:90 113:89 112:88 202:57 203:54,p0r1h0v0:281 p1r1h0v0:183 p5r1h0v1:87 p6r1h0v0:76
6800,A000,4,4.4762,0.4258,0.3477,0.3467,19,0.9814,0.2031,0.7979,0.9375,102:110 212:110 213:103 103:100 203:94 202:80 112:74 313:74,p6r1h0v0:355 p7r1h0v0:170 p3r1h0v0:117 p4r1h0v0:111
0800,6000,4,4.4716,0.5732,0.249,0.249,16,0.9844,0.1719,0.832,0.9375,113:119 102:117 103:103 203:102 112:98 212:80 202:73 213:65,p1r1h0v0:255 p3r1h0v0:200 p0r1h0v0:165 p2r1h0v0:111
0800,A000,2,4.4716,0.5732,0.249,0.249,16,0.9844,0.1719,0.832,0.9375,113:119 102:117 103:103 203:102 112:98 212:80 202:73 213:65,p1r1h0v0:255 p3r1h0v0:200 p0r1h0v0:165 p2r1h0v0:111
2800,2000,4,4.4654,0.7744,0.6045,0.3477,110,0.8926,0.4844,0.9639,0.7046,104:52 113:49 102:48 312:42 103:41 313:37 112:36 304:35,p6r1h0v1:356 p6r1h0v0:263 p7r1h0v1:103 p1r1h0v0:91
1000,A000,4,4.4489,0.543,0.3096,0.2744,16,0.9844,0.3018,0.8281,0.9355,103:140 102:131 213:109 212:90 113:89 112:88 202:57 203:54,p0r1h0v0:281 p1r1h0v0:183 p5r1h0v1:87 p6r1h0v0:76
8800,8000,4,4.4459,0.0527,0.6279,0.5186,46,0.9551,0.2998,0.2227,0.8659,000:355 0FF:303 2FF:142 2E7:35 1FF:26 03C:24 3FF:18 07E:18,p0r0h0v0:531 p0r0h1v0:80 p7r1h0v0:38 p7r1h1v0:32
7000,8000,2,4.4314,0.6592,0.2178,0.2178,16,0.9844,0.5596,0.4756,0.9355,203:114 213:109 212:108 202:101 103:70 312:65 113:63 302:62,p7r1h0v0:223 p1r1h0v0:154 p3r0h1v0:144 p5r0h1v0:84
7000,8000,4,4.4314,0.6592,0.2178,0.2178,16,0.9844,0.5596,0.4756,0.9355,203:114 213:109 212:108 202:101 103:70 312:65 113:63 302:62,p7r1h0v0:223 p1r1h0v0:154 p3r0h1v0:144 p5r0h1v0:84
1800,0000,2,4.4155,1.0,0.1846,0.1846,104,0.8984,0.3555,0.8105,0.7863,103:126 102:114 112:74 213:69 113:68 212:61 202:54 203:40,p1r1h0v0:189 p3r1h0v0:132 p0r1h0v0:116 p5r1h0v1:111
1800,0000,4,4.4155,1.0,0.1846,0.1846,104,0.8984,0.3555,0.8105,0.7863,103:126 102:114 112:74 213:69 113:68 212:61 202:54 203:40,p1r1h0v0:189 p3r1h0v0:132 p0r1h0v0:116 p5r1h0v1:111
1800,2000,2,4.4155,1.0,0.1846,0.1846,104,0.8984,0.3555,0.8105,0.7863,103:126 102:114 112:74 213:69 113:68 212:61 202:54 203:40,p1r1h0v0:189 p3r1h0v0:132 p0r1h0v0:116 p5r1h0v1:111
1800,4000,2,4.4155,1.0,0.1846,0.1846,104,0.8984,0.3555,0.8105,0.7863,103:126 102:114 112:74 213:69 113:68 212:61 202:54 203:40,p1r1h0v0:189 p3r1h0v0:132 p0r1h0v0:116 p5r1h0v1:111
7800,4000,4,4.4085,0.6367,0.2217,0.2188,16,0.9844,0.5996,0.4033,0.9355,202:105 203:102 212:83 213:82 312:78 313:75 103:68 112:60,p2r0h1v0:224 p1r1h0v0:150 p7r1h0v0:117 p3r0h1v0:111
7800,6000,2,4.4085,0.6367,0.2217,0.2188,16,0.9844,0.5996,0.4033,0.9355,202:105 203:102 212:83 213:82 312:78 313:75 103:68 112:60,p2r0h1v0:224 p1r1h0v0:150 p7r1h0v0:117 p3r0h1v0:111
7800,C000,2,4.4085,0.6367,0.2217,0.2188,16,0.9844,0.5996,0.4033,0.9355,202:105 203:102 212:83 213:82 312:78 313:75 103:68 112:60,p2r0h1v0:224 p1r1h0v0:150 p7r1h0v0:117 p3r0h1v0:111
8800,E000,2,4.4064,0.0264,0.6279,0.5186,46,0.9551,0.2998,0.2227,0.8659,000:355 0FF:303 2FF:142 2E7:35 1FF:26 03C:24 3FF:18 07E:18,p0r0h0v0:531 p0r0h1v0:80 p7r1h0v0:38 p7r1h1v0:32
C800,6000,2,4.3932,0.917,0.4463,0.3008,143,0.8604,0.3721,0.3223,0.5484,000:286 0F0:50 0F8:43 0E0:35 0C0:33 0FC:30 080:27 33F:18,p0r0h0v0:308 p1r0h0v0:44 p7r0h0v0:44 p3r0h0v0:43
6000,8000,2,4.3921,0.7295,0.3057,0.1934,61,0.9404,0.3428,0.7793,0.8558,212:108 213:96 202:89 203:81 113:77 103:76 102:72 112:63,p6r1h0v0:198 p7r1h0v0:150 p4r1h0v0:142 p3r1h0v0:90
8800,8000,2,4.3888,0.0146,0.6279,0.5186,46,0.9551,0.2998,0.2227,0.8659,000:355 0FF:303 2FF:142 2E7:35 1FF:26 03C:24 3FF:18 07E:18,p0r0h0v0:531 p0r0h1v0:80 p7r1h0v0:38 p7r1h1v0:32
C800,C000,2,4.3844,0.9111,0.4463,0.3008,143,0.8604,0.3721,0.3223,0.5484,000:286 0F0:50 0F8:43 0E0:35 0C0:33 0FC:30 080:27 33F:18,p0r0h0v0:308 p1r0h0v0:44 p7r0h0v0:44 p3r0h0v0:43
6000,8000,4,4.3672,0.7129,0.3057,0.1934,61,0.9404,0.3428,0.7793,0.8558,212:108 213:96 202:89 203:81 113:77 103:76 102:72 112:63,p6r1h0v0:198 p7r1h0v0:150 p4r1h0v0:142 p3r1h0v0:90
C800,6000,4,4.3668,0.8994,0.4463,0.3008,143,0.8604,0.3721,0.3223,0.5484,000:286 0F0:50 0F8:43 0E0:35 0C0:33 0FC:30 080:27 33F:18,p0r0h0v0:308 p1r0h0v0:44 p7r0h0v0:44 p3r0h0v0:43
0800,A000,4,4.3617,0.5,0.249,0.249,16,0.9844,0.1719,0.832,0.9375,113:119 102:117 103:103 203:102 112:98 212:80 202:73 213:65,p1r1h0v0:255 p3r1h0v0:200 p0r1h0v0:165 p2r1h0v0:111
7800,8000,2,4.3513,0.5986,0.2217,0.2188,16,0.9844,0.5996,0.4033,0.9355,202:105 203:102 212:83 213:82 312:78 313:75 103:68 112:60,p2r0h1v0:224 p1r1h0v0:150 p7r1h0v0:117 p3r0h1v0:111
7800,8000,4,4.3513,0.5986,0.2217,0.2188,16,0.9844,0.5996,0.4033,0.9355,202:105 203:102 212:83 213:82 312:78 313:75 103:68 112:60,p2r0h1v0:224 p1r1h0v0:150 p7r1h0v0:117 p3r0h1v0:111
6800,E000,2,4.3502,0.3418,0.3477,0.3467,19,0.9814,0.2031,0.7979,0.9375,102:110 212:110 213:103 103:100 203:94 202:80 112:74 313:74,p6r1h0v0:355 p7r1h0v0:170 p3r1h0v0:117 p4r1h0v0:111
2000,0000,2,4.313,1.0,0.3311,0.3027,162,0.8418,0.3574,0.9561,0.6512,104:62 112:62 103:61 113:60 102:57 105:35 313:28 114:28,p1r1h0v0:310 p6r1h0v1:172 p6r1h0v0:167 p7r1h0v1:125
2000,0000,4,4.313,1.0,0.3311,0.3027,162,0.8418,0.3574,0.9561,0.6512,104:62 112:62 103:61 113:60 102:57 105:35 313:28 114:28,p1r1h0v0:310 p6r1h0v1:172 p6r1h0v0:167 p7r1h0v1:125
2000,2000,2,4.313,1.0,0.3311,0.3027,162,0.8418,0.3574,0.9561,0.6512,104:62 112:62 103:61 113:60 102:57 105:35 313:28 114:28,p1r1h0v0:310 p6r1h0v1:172 p6r1h0v0:167 p7r1h0v1:125
2000,4000,2,4.313,1.0,0.3311,0.3027,162,0.8418,0.3574,0.9561,0.6512,104:62 112:62 103:61 113:60 102:57 105:35 313:28 114:28,p1r1h0v0:310 p6r1h0v1:172 p6r1h0v0:167 p7r1h0v1:125
6000,A000,2,4.3115,0.6758,0.3057,0.1934,61,0.9404,0.3428,0.7793,0.8558,212:108 213:96 202:89 203:81 113:77 103:76 102:72 112:63,p6r1h0v0:198 p7r1h0v0:150 p4r1h0v0:142 p3r1h0v0:90
7000,4000,4,4.3098,0.5781,0.2178,0.2178,16,0.9844,0.5596,0.4756,0.9355,203:114 213:109 212:108 202:101 103:70 312:65 113:63 302:62,p7r1h0v0:223 p1r1h0v0:154 p3r0h1v0:144 p5r0h1v0:84
7000,6000,2,4.3098,0.5781,0.2178,0.2178,16,0.9844,0.5596,0.4756,0.9355,203:114 213:109 212:108 202:101 103:70 312:65 113:63 302:62,p7r1h0v0:223 p1r1h0v0:154 p3r0h1v0:144 p5r0h1v0:84
7000,C000,2,4.3098,0.5781,0.2178,0.2178,16,0.9844,0.5596,0.4756,0.9355,203:114 213:109 212:108 202:101 103:70 312:65 113:63 302:62,p7r1h0v0:223 p1r1h0v0:154 p3r0h1v0:144 p5r0h1v0:84
C800,4000,4,4.3067,0.8594,0.4463,0.3008,143,0.8604,0.3721,0.3223,0.5484,000:286 0F0:50 0F8:43 0E0:35 0C0:33 0FC:30 080:27 33F:18,p0r0h0v0:308 p1r0h0v0:44 p7r0h0v0:44 p3r0h0v0:43
C000,0000,2,4.2989,1.0,0.4951,0.3721,221,0.7842,0.3555,0.3047,0.4194,000:326 0E0:34 0F8:24 0C0:21 0F0:20 040:20 080:17 008:16,p0r0h0v0:381 p7r0h0v0:32 p2r0h0v0:31 p0r0h1v0:31
C000,0000,4,4.2989,1.0,0.4951,0.3721,221,0.7842,0.3555,0.3047,0.4194,000:326 0E0:34 0F8:24 0C0:21 0F0:20 040:20 080:17 008:16,p0r0h0v0:381 p7r0h0v0:32 p2r0h0v0:31 p0r0h1v0:31
C000,2000,2,4.2989,1.0,0.4951,0.3721,221,0.7842,0.3555,0.3047,0.4194,000:326 0E0:34 0F8:24 0C0:21 0F0:20 040:20 080:17 008:16,p0r0h0v0:381 p7r0h0v0:32 p2r0h0v0:31 p0r0h1v0:31
C000,4000,2,4.2989,1.0,0.4951,0.3721,221,0.7842,0.3555,0.3047,0.4194,000:326 0E0:34 0F8:24 0C0:21 0F0:20 040:20 080:17 008:16,p0r0h0v0:381 p7r0h0v0:32 p2r0h0v0:31 p0r0h1v0:31
5000,2000,4,4.2959,0.8232,0.3672,0.2832,125,0.8779,0.4697,0.8203,0.7429,202:92 213:90 203:84 212:79 103:48 102:48 312:39 112:34,p7r1h0v0:290 p6r1h0v1:138 p1r1h0v0:95 p7r1h0v1:86
1000,E000,2,4.2907,0.4375,0.3096,0.2744,16,0.9844,0.3018,0.8281,0.9355,103:140 102:131 213:109 212:90 113:89 112:88 202:57 203:54,p0r1h0v0:281 p1r1h0v0:183 p5r1h0v1:87 p6r1h0v0:76
2800,6000,4,4.2794,0.6504,0.6045,0.3477,110,0.8926,0.4844,0.9639,0.7046,104:52 113:49 102:48 312:42 103:41 313:37 112:36 304:35,p6r1h0v1:356 p6r1h0v0:263 p7r1h0v1:103 p1r1h0v0:91
5800,0000,2,4.2691,1.0,0.2607,0.21,120,0.8828,0.7373,0.6143,0.7399,202:94 203:93 212:74 213:72 113:68 112:62 103:42 302:39,p6r1h0v1:215 p7r1h0v0:183 p5r0h1v0:145 p7r1h0v1:84
5800,0000,4,4.2691,1.0,0.2607,0.21,120,0.8828,0.7373,0.6143,0.7399,202:94 203:93 212:74 213:72 113:68 112:62 103:42 302:39,p6r1h0v1:215 p7r1h0v0:183 p5r0h1v0:145 p7r1h0v1:84
5800,2000,2,4.2691,1.0,0.2607,0.21,120,0.8828,0.7373,0.6143,0.7399,202:94 203:93 212:74 213:72 113:68 112:62 103:42 302:39,p6r1h0v1:215 p7r1h0v0:183 p5r0h1v0:145 p7r1h0v1:84
5800,4000,2,4.2691,1.0,0.2607,0.21,120,0.8828,0.7373,0.6143,0.7399,202:94 203:93 212:74 213:72 113:68 112:62 103:42 302:39,p6r1h0v1:215 p7r1h0v0:183 p5r0h1v0:145 p7r1h0v1:84
1800,2000,4,4.2661,0.9004,0.1846,0.1846,104,0.8984,0.3555,0.8105,0.7863,103:126 102:114 112:74 213:69 113:68 212:61 202:54 203:40,p1r1h0v0:189 p3r1h0v0:132 p0r1h0v0:116 p5r1h0v1:111
6000,6000,4,4.2661,0.6455,0.3057,0.1934,61,0.9404,0.3428,0.7793,0.8558,212:108 213:96 202:89 203:81 113:77 103:76 102:72 112:63,p6r1h0v0:198 p7r1h0v0:150 p4r1h0v0:142 p3r1h0v0:90
3000,6000,2,4.2614,0.8379,0.377,0.3721,164,0.8398,0.335,0.7881,0.6391,313:62 102:60 112:53 303:51 103:50 302:49 312:48 113:46,p6r1h0v0:381 p2r0h1v0:189 p1r1h0v0:124 p7r1h0v0:78
C800,2000,4,4.2613,0.8291,0.4463,0.3008,143,0.8604,0.3721,0.3223,0.5484,000:286 0F0:50 0F8:43 0E0:35 0C0:33 0FC:30 080:27 33F:18,p0r0h0v0:308 p1r0h0v0:44 p7r0h0v0:44 p3r0h0v0:43
0800,E000,2,4.2519,0.4268,0.249,0.249,16,0.9844,0.1719,0.832,0.9375,113:119 102:117 103:103 203:102 112:98 212:80 202:73 213:65,p1r1h0v0:255 p3r1h0v0:200 p0r1h0v0:165 p2r1h0v0:111
0000,C000,4,4.2444,0.1162,0.4092,0.4092,16,0.9844,0.0156,0.9219,0.9456,113:142 112:138 103:126 102:120 202:86 203:83 212:63 213:55,p1r1h0v0:419 p2r1h0v0:185 p3r1h0v0:155 p0r1h0v0:112
4000,4000,4,4.2283,0.5928,0.3252,0.3184,92,0.9102,0.1904,0.8994,0.7923,203:82 112:82 113:81 202:77 103:72 102:70 213:63 212:62,p1r1h0v0:326 p7r1h0v0:283 p0r1h0v0:140 p0r0h1v0:103
4000,6000,2,4.2283,0.5928,0.3252,0.3184,92,0.9102,0.1904,0.8994,0.7923,203:82 112:82 113:81 202:77 103:72 102:70 213:63 212:62,p1r1h0v0:326 p7r1h0v0:283 p0r1h0v0:140 p0r0h1v0:103
4000,C000,2,4.1932,0.5693,0.3252,0.3184,92,0.9102,0.1904,0.8994,0.7923,203:82 112:82 113:81 202:77 103:72 102:70 213:63 212:62,p1r1h0v0:326 p7r1h0v0:283 p0r1h0v0:140 p0r0h1v0:103
4000,6000,4,4.1844,0.5635,0.3252,0.3184,92,0.9102,0.1904,0.8994,0.7923,203:82 112:82 113:81 202:77 103:72 102:70 213:63 212:62,p1r1h0v0:326 p7r1h0v0:283 p0r1h0v0:140 p0r0h1v0:103
3800,6000,2,4.1802,0.7305,0.1943,0.1768,53,0.9482,0.3564,0.748,0.8175,313:73 212:68 103:65 302:59 303:55 312:55 102:54 213:52,p2r0h1v0:181 p6r1h0v0:170 p7r1h0v0:156 p1r1h0v0:147
6000,4000,4,4.1782,0.5869,0.3057,0.1934,61,0.9404,0.3428,0.7793,0.8558,212:108 213:96 202:89 203:81 113:77 103:76 102:72 112:63,p6r1h0v0:198 p7r1h0v0:150 p4r1h0v0:142 p3r1h0v0:90
3000,C000,2,4.1706,0.7773,0.377,0.3721,164,0.8398,0.335,0.7881,0.6391,313:62 102:60 112:53 303:51 103:50 302:49 312:48 113:46,p6r1h0v0:381 p2r0h1v0:189 p1r1h0v0:124 p7r1h0v0:78
4000,A000,2,4.1697,0.5537,0.3252,0.3184,92,0.9102,0.1904,0.8994,0.7923,203:82 112:82 113:81 202:77 103:72 102:70 213:63 212:62,p1r1h0v0:326 p7r1h0v0:283 p0r1h0v0:140 p0r0h1v0:103
3800,4000,4,4.1641,0.7197,0.1943,0.1768,53,0.9482,0.3564,0.748,0.8175,313:73 212:68 103:65 302:59 303:55 312:55 102:54 213:52,p2r0h1v0:181 p6r1h0v0:170 p7r1h0v0:156 p1r1h0v0:147
6000,6000,2,4.1606,0.5752,0.3057,0.1934,61,0.9404,0.3428,0.7793,0.8558,212:108 213:96 202:89 203:81 113:77 103:76 102:72 112:63,p6r1h0v0:198 p7r1h0v0:150 p4r1h0v0:142 p3r1h0v0:90
3000,4000,4,4.1604,0.7705,0.377,0.3721,164,0.8398,0.335,0.7881,0.6391,313:62 102:60 112:53 303:51 103:50 302:49 312:48 113:46,p6r1h0v0:381 p2r0h1v0:189 p1r1h0v0:124 p7r1h0v0:78
C000,6000,2,4.1597,0.9072,0.4951,0.3721,221,0.7842,0.3555,0.3047,0.4194,000:326 0E0:34 0F8:24 0C0:21 0F0:20 040:20 080:17 008:16,p0r0h0v0:381 p7r0h0v0:32 p2r0h0v0:31 p0r0h1v0:31
3800,C000,2,4.1538,0.7129,0.1943,0.1768,53,0.9482,0.3564,0.748,0.8175,313:73 212:68 103:65 302:59 303:55 312:55 102:54 213:52,p2r0h1v0:181 p6r1h0v0:170 p7r1h0v0:156 p1r1h0v0:147
3800,2000,4,4.1392,0.7031,0.1943,0.1768,53,0.9482,0.3564,0.748,0.8175,313:73 212:68 103:65 302:59 303:55 312:55 102:54 213:52,p2r0h1v0:181 p6r1h0v0:170 p7r1h0v0:156 p1r1h0v0:147
6000,C000,2,4.1372,0.5596,0.3057,0.1934,61,0.9404,0.3428,0.7793,0.8558,212:108 213:96 202:89 203:81 113:77 103:76 102:72 112:63,p6r1h0v0:198 p7r1h0v0:150 p4r1h0v0:142 p3r1h0v0:90
C000,6000,4,4.1275,0.8857,0.4951,0.3721,221,0.7842,0.3555,0.3047,0.4194,000:326 0E0:34 0F8:24 0C0:21 0F0:20 040:20 080:17 008:16,p0r0h0v0:381 p7r0h0v0:32 p2r0h0v0:31 p0r0h1v0:31
2800,A000,2,4.1256,0.5479,0.6045,0.3477,110,0.8926,0.4844,0.9639,0.7046,104:52 113:49 102:48 312:42 103:41 313:37 112:36 304:35,p6r1h0v1:356 p6r1h0v0:263 p7r1h0v1:103 p1r1h0v0:91
C000,2000,4,4.1231,0.8828,0.4951,0.3721,221,0.7842,0.3555,0.3047,0.4194,000:326 0E0:34 0F8:24 0C0:21 0F0:20 040:20 080:17 008:16,p0r0h0v0:381 p7r0h0v0:32 p2r0h0v0:31 p0r0h1v0:31
5000,8000,2,4.1202,0.7061,0.3672,0.2832,125,0.8779,0.4697,0.8203,0.7429,202:92 213:90 203:84 212:79 103:48 102:48 312:39 112:34,p7r1h0v0:290 p6r1h0v1:138 p1r1h0v0:95 p7r1h0v1:86
5000,A000,2,4.1187,0.7051,0.3672,0.2832,125,0.8779,0.4697,0.8203,0.7429,202:92 213:90 203:84 212:79 103:48 102:48 312:39 112:34,p7r1h0v0:290 p6r1h0v1:138 p1r1h0v0:95 p7r1h0v1:86
C000,C000,2,4.1128,0.876,0.4951,0.3721,221,0.7842,0.3555,0.3047,0.4194,000:326 0E0:34 0F8:24 0C0:21 0F0:20 040:20 080:17 008:16,p0r0h0v0:381 p7r0h0v0:32 p2r0h0v0:31 p0r0h1v0:31
1800,8000,2,4.105,0.793,0.1846,0.1846,104,0.8984,0.3555,0.8105,0.7863,103:126 102:114 112:74 213:69 113:68 212:61 202:54 203:40,p1r1h0v0:189 p3r1h0v0:132 p0r1h0v0:116 p5r1h0v1:111
5000,8000,4,4.1041,0.6953,0.3672,0.2832,125,0.8779,0.4697,0.8203,0.7429,202:92 213:90 203:84 212:79 103:48 102:48 312:39 112:34,p7r1h0v0:290 p6r1h0v1:138 p1r1h0v0:95 p7r1h0v1:86
2000,6000,2,4.1035,0.8604,0.3311,0.3027,162,0.8418,0.3574,0.9561,0.6512,104:62 112:62 103:61 113:60 102:57 105:35 313:28 114:28,p1r1h0v0:310 p6r1h0v1:172 p6r1h0v0:167 p7r1h0v1:125
C000,4000,4,4.0953,0.8643,0.4951,0.3721,221,0.7842,0.3555,0.3047,0.4194,000:326 0E0:34 0F8:24 0C0:21 0F0:20 040:20 080:17 008:16,p0r0h0v0:381 p7r0h0v0:32 p2r0h0v0:31 p0r0h1v0:31
5000,6000,4,4.0923,0.6875,0.3672,0.2832,125,0.8779,0.4697,0.8203,0.7429,202:92 213:90 203:84 212:79 103:48 102:48 312:39 112:34,p7r1h0v0:290 p6r1h0v1:138 p1r1h0v0:95 p7r1h0v1:86
2800,8000,2,4.0904,0.5244,0.6045,0.3477,110,0.8926,0.4844,0.9639,0.7046,104:52 113:49 102:48 312:42 103:41 313:37 112:36 304:35,p6r1h0v1:356 p6r1h0v0:263 p7r1h0v1:103 p1r1h0v0:91
2800,A000,4,4.0787,0.5166,0.6045,0.3477,110,0.8926,0.4844,0.9639,0.7046,104:52 113:49 102:48 312:42 103:41 313:37 112:36 304:35,p6r1h0v1:356 p6r1h0v0:263 p7r1h0v1:103 p1r1h0v0:91
2000,2000,4,4.0757,0.8418,0.3311,0.3027,162,0.8418,0.3574,0.9561,0.6512,104:62 112:62 103:61 113:60 102:57 105:35 313:28 114:28,p1r1h0v0:310 p6r1h0v1:172 p6r1h0v0:167 p7r1h0v1:125
0000,E000,4,4.07,0.0,0.4092,0.4092,16,0.9844,0.0156,0.9219,0.9456,113:142 112:138 103:126 102:120 202:86 203:83 212:63 213:55,p1r1h0v0:419 p2r1h0v0:185 p3r1h0v0:155 p0r1h0v0:112
1800,8000,4,4.0684,0.7686,0.1846,0.1846,104,0.8984,0.3555,0.8105,0.7863,103:126 102:114 112:74 213:69 113:68 212:61 202:54 203:40,p1r1h0v0:189 p3r1h0v0:132 p0r1h0v0:116 p5r1h0v1:111
3000,2000,4,4.0651,0.707,0.377,0.3721,164,0.8398,0.335,0.7881,0.6391,313:62 102:60 112:53 303:51 103:50 302:49 312:48 113:46,p6r1h0v0:381 p2r0h1v0:189 p1r1h0v0:124 p7r1h0v0:78
5800,2000,4,4.042,0.8486,0.2607,0.21,120,0.8828,0.7373,0.6143,0.7399,202:94 203:93 212:74 213:72 113:68 112:62 103:42 302:39,p6r1h0v1:215 p7r1h0v0:183 p5r0h1v0:145 p7r1h0v1:84
3800,6000,4,4.0366,0.6348,0.1943,0.1768,53,0.9482,0.3564,0.748,0.8175,313:73 212:68 103:65 302:59 303:55 312:55 102:54 213:52,p2r0h1v0:181 p6r1h0v0:170 p7r1h0v0:156 p1r1h0v0:147
3800,A000,2,4.0337,0.6328,0.1943,0.1768,53,0.9482,0.3564,0.748,0.8175,313:73 212:68 103:65 302:59 303:55 312:55 102:54 213:52,p2r0h1v0:181 p6r1h0v0:170 p7r1h0v0:156 p1r1h0v0:147
7800,A000,4,4.032,0.3857,0.2217,0.2188,16,0.9844,0.5996,0.4033,0.9355,202:105 203:102 212:83 213:82 312:78 313:75 103:68 112:60,p2r0h1v0:224 p1r1h0v0:150 p7r1h0v0:117 p3r0h1v0:111
2000,4000,4,4.0288,0.8105,0.3311,0.3027,162,0.8418,0.3574,0.9561,0.6512,104:62 112:62 103:61 113:60 102:57 105:35 313:28 114:28,p1r1h0v0:310 p6r1h0v1:172 p6r1h0v0:167 p7r1h0v1:125
2000,C000,2,4.0068,0.7959,0.3311,0.3027,162,0.8418,0.3574,0.9561,0.6512,104:62 112:62 103:61 113:60 102:57 105:35 313:28 114:28,p1r1h0v0:310 p6r1h0v1:172 p6r1h0v0:167 p7r1h0v1:125
3800,8000,2,4.0059,0.6143,0.1943,0.1768,53,0.9482,0.3564,0.748,0.8175,313:73 212:68 103:65 302:59 303:55 312:55 102:54 213:52,p2r0h1v0:181 p6r1h0v0:170 p7r1h0v0:156 p1r1h0v0:147
2800,8000,4,4.0055,0.4678,0.6045,0.3477,110,0.8926,0.4844,0.9639,0.7046,104:52 113:49 102:48 312:42 103:41 313:37 112:36 304:35,p6r1h0v1:356 p6r1h0v0:263 p7r1h0v1:103 p1r1h0v0:91
4000,A000,4,4.0027,0.4424,0.3252,0.3184,92,0.9102,0.1904,0.8994,0.7923,203:82 112:82 113:81 202:77 103:72 102:70 213:63 212:62,p1r1h0v0:326 p7r1h0v0:283 p0r1h0v0:140 p0r0h1v0:103
4000,E000,2,3.9778,0.4258,0.3252,0.3184,92,0.9102,0.1904,0.8994,0.7923,203:82 112:82 113:81 202:77 103:72 102:70 213:63 212:62,p1r1h0v0:326 p7r1h0v0:283 p0r1h0v0:140 p0r0h1v0:103
4800,0000,2,3.9765,1.0,0.1768,0.1475,164,0.8398,0.4199,0.8525,0.6683,203:92 113:86 112:84 202:83 212:57 213:52 302:39 303:30,p7r1h0v0:151 p1r1h0v0:136 p5r1h0v1:128 p0r1h0v0:94
4800,0000,4,3.9765,1.0,0.1768,0.1475,164,0.8398,0.4199,0.8525,0.6683,203:92 113:86 112:84 202:83 212:57 213:52 302:39 303:30,p7r1h0v0:151 p1r1h0v0:136 p5r1h0v1:128 p0r1h0v0:94
4800,2000,2,3.9765,1.0,0.1768,0.1475,164,0.8398,0.4199,0.8525,0.6683,203:92 113:86 112:84 202:83 212:57 213:52 302:39 303:30,p7r1h0v0:151 p1r1h0v0:136 p5r1h0v1:128 p0r1h0v0:94
4800,4000,2,3.9765,1.0,0.1768,0.1475,164,0.8398,0.4199,0.8525,0.6683,203:92 113:86 112:84 202:83 212:57 213:52 302:39 303:30,p7r1h0v0:151 p1r1h0v0:136 p5r1h0v1:128 p0r1h0v0:94
3800,8000,4,3.9737,0.5928,0.1943,0.1768,53,0.9482,0.3564,0.748,0.8175,313:73 212:68 103:65 302:59 303:55 312:55 102:54 213:52,p2r0h1v0:181 p6r1h0v0:170 p7r1h0v0:156 p1r1h0v0:147
7000,A000,4,3.9715,0.3525,0.2178,0.2178,16,0.9844,0.5596,0.4756,0.9355,203:114 213:109 212:108 202:101 103:70 312:65 113:63 302:62,p7r1h0v0:223 p1r1h0v0:154 p3r0h1v0:144 p5r0h1v0:84
6800,C000,4,3.9635,0.084,0.3477,0.3467,19,0.9814,0.2031,0.7979,0.9375,102:110 212:110 213:103 103:100 203:94 202:80 112:74 313:74,p6r1h0v0:355 p7r1h0v0:170 p3r1h0v0:117 p4r1h0v0:111
1800,4000,4,3.9483,0.6885,0.1846,0.1846,104,0.8984,0.3555,0.8105,0.7863,103:126 102:114 112:74 213:69 113:68 212:61 202:54 203:40,p1r1h0v0:189 p3r1h0v0:132 p0r1h0v0:116 p5r1h0v1:111
3000,6000,4,3.9289,0.6162,0.377,0.3721,164,0.8398,0.335,0.7881,0.6391,313:62 102:60 112:53 303:51 103:50 302:49 312:48 113:46,p6r1h0v0:381 p2r0h1v0:189 p1r1h0v0:124 p7r1h0v0:78
1800,6000,2,3.919,0.6689,0.1846,0.1846,104,0.8984,0.3555,0.8105,0.7863,103:126 102:114 112:74 213:69 113:68 212:61 202:54 203:40,p1r1h0v0:189 p3r1h0v0:132 p0r1h0v0:116 p5r1h0v1:111
6000,A000,4,3.9131,0.4102,0.3057,0.1934,61,0.9404,0.3428,0.7793,0.8558,212:108 213:96 202:89 203:81 113:77 103:76 102:72 112:63,p6r1h0v0:198 p7r1h0v0:150 p4r1h0v0:142 p3r1h0v0:90
2800,E000,2,3.8897,0.3906,0.6045,0.3477,110,0.8926,0.4844,0.9639,0.7046,104:52 113:49 102:48 312:42 103:41 313:37 112:36 304:35,p6r1h0v1:356 p6r1h0v0:263 p7r1h0v1:103 p1r1h0v0:91
1800,C000,2,3.8706,0.6367,0.1846,0.1846,104,0.8984,0.3555,0.8105,0.7863,103:126 102:114 112:74 213:69 113:68 212:61 202:54 203:40,p1r1h0v0:189 p3r1h0v0:132 p0r1h0v0:116 p5r1h0v1:111
5000,4000,4,3.8594,0.5322,0.3672,0.2832,125,0.8779,0.4697,0.8203,0.7429,202:92 213:90 203:84 212:79 103:48 102:48 312:39 112:34,p7r1h0v0:290 p6r1h0v1:138 p1r1h0v0:95 p7r1h0v1:86
3000,A000,2,3.8513,0.5645,0.377,0.3721,164,0.8398,0.335,0.7881,0.6391,313:62 102:60 112:53 303:51 103:50 302:49 312:48 113:46,p6r1h0v0:381 p2r0h1v0:189 p1r1h0v0:124 p7r1h0v0:78
5000,6000,2,3.8492,0.5254,0.3672,0.2832,125,0.8779,0.4697,0.8203,0.7429,202:92 213:90 203:84 212:79 103:48 102:48 312:39 112:34,p7r1h0v0:290 p6r1h0v1:138 p1r1h0v0:95 p7r1h0v1:86
6800,E000,4,3.8375,0.0,0.3477,0.3467,19,0.9814,0.2031,0.7979,0.9375,102:110 212:110 213:103 103:100 203:94 202:80 112:74 313:74,p6r1h0v0:355 p7r1h0v0:170 p3r1h0v0:117 p4r1h0v0:111
5800,8000,2,3.8267,0.7051,0.2607,0.21,120,0.8828,0.7373,0.6143,0.7399,202:94 203:93 212:74 213:72 113:68 112:62 103:42 302:39,p6r1h0v1:215 p7r1h0v0:183 p5r0h1v0:145 p7r1h0v1:84
5800,8000,4,3.8077,0.6924,0.2607,0.21,120,0.8828,0.7373,0.6143,0.7399,202:94 203:93 212:74 213:72 113:68 112:62 103:42 302:39,p6r1h0v1:215 p7r1h0v0:183 p5r0h1v0:145 p7r1h0v1:84
7800,E000,2,3.8064,0.2354,0.2217,0.2188,16,0.9844,0.5996,0.4033,0.9355,202:105 203:102 212:83 213:82 312:78 313:75 103:68 112:60,p2r0h1v0:224 p1r1h0v0:150 p7r1h0v0:117 p3r0h1v0:111
5000,C000,2,3.8008,0.4932,0.3672,0.2832,125,0.8779,0.4697,0.8203,0.7429,202:92 213:90 203:84 212:79 103:48 102:48 312:39 112:34,p7r1h0v0:290 p6r1h0v1:138 p1r1h0v0:95 p7r1h0v1:86
7000,E000,2,3.7986,0.2373,0.2178,0.2178,16,0.9844,0.5596,0.4756,0.9355,203:114 213:109 212:108 202:101 103:70 312:65 113:63 302:62,p7r1h0v0:223 p1r1h0v0:154 p3r0h1v0:144 p5r0h1v0:84
1000,C000,4,3.7926,0.1055,0.3096,0.2744,16,0.9844,0.3018,0.8281,0.9355,103:140 102:131 213:109 212:90 113:89 112:88 202:57 203:54,p0r1h0v0:281 p1r1h0v0:183 p5r1h0v1:87 p6r1h0v0:76
C800,C000,4,3.7896,0.5146,0.4463,0.3008,143,0.8604,0.3721,0.3223,0.5484,000:286 0F0:50 0F8:43 0E0:35 0C0:33 0FC:30 080:27 33F:18,p0r0h0v0:308 p1r0h0v0:44 p7r0h0v0:44 p3r0h0v0:43
5800,6000,4,3.7813,0.6748,0.2607,0.21,120,0.8828,0.7373,0.6143,0.7399,202:94 203:93 212:74 213:72 113:68 112:62 103:42 302:39,p6r1h0v1:215 p7r1h0v0:183 p5r0h1v0:145 p7r1h0v1:84
6000,E000,2,3.7798,0.3213,0.3057,0.1934,61,0.9404,0.3428,0.7793,0.8558,212:108 213:96 202:89 203:81 113:77 103:76 102:72 112:63,p6r1h0v0:198 p7r1h0v0:150 p4r1h0v0:142 p3r1h0v0:90
3000,8000,2,3.7795,0.5166,0.377,0.3721,164,0.8398,0.335,0.7881,0.6391,313:62 102:60 112:53 303:51 103:50 302:49 312:48 113:46,p6r1h0v0:381 p2r0h1v0:189 p1r1h0v0:124 p7r1h0v0:78
5800,A000,2,3.7652,0.6641,0.2607,0.21,120,0.8828,0.7373,0.6143,0.7399,202:94 203:93 212:74 213:72 113:68 112:62 103:42 302:39,p6r1h0v1:215 p7r1h0v0:183 p5r0h1v0:145 p7r1h0v1:84
1800,A000,4,3.7373,0.5479,0.1846,0.1846,104,0.8984,0.3555,0.8105,0.7863,103:126 102:114 112:74 213:69 113:68 212:61 202:54 203:40,p1r1h0v0:189 p3r1h0v0:132 p0r1h0v0:116 p5r1h0v1:111
3800,A000,4,3.7305,0.4307,0.1943,0.1768,53,0.9482,0.3564,0.748,0.8175,313:73 212:68 103:65 302:59 303:55 312:55 102:54 213:52,p2r0h1v0:181 p6r1h0v0:170 p7r1h0v0:156 p1r1h0v0:147
4800,2000,4,3.7275,0.834,0.1768,0.1475,164,0.8398,0.4199,0.8525,0.6683,203:92 113:86 112:84 202:83 212:57 213:52 302:39 303:30,p7r1h0v0:151 p1r1h0v0:136 p5r1h0v1:128 p0r1h0v0:94
2000,8000,2,3.7226,0.6064,0.3311,0.3027,162,0.8418,0.3574,0.9561,0.6512,104:62 112:62 103:61 113:60 102:57 105:35 313:28 114:28,p1r1h0v0:310 p6r1h0v1:172 p6r1h0v0:167 p7r1h0v1:125
0800,C000,4,3.7216,0.0732,0.249,0.249,16,0.9844,0.1719,0.832,0.9375,113:119 102:117 103:103 203:102 112:98 212:80 202:73 213:65,p1r1h0v0:255 p3r1h0v0:200 p0r1h0v0:165 p2r1h0v0:111
2000,A000,4,3.7036,0.5938,0.3311,0.3027,162,0.8418,0.3574,0.9561,0.6512,104:62 112:62 103:61 113:60 102:57 105:35 313:28 114:28,p1r1h0v0:310 p6r1h0v1:172 p6r1h0v0:167 p7r1h0v1:125
3000,8000,4,3.6901,0.457,0.377,0.3721,164,0.8398,0.335,0.7881,0.6391,313:62 102:60 112:53 303:51 103:50 302:49 312:48 113:46,p6r1h0v0:381 p2r0h1v0:189 p1r1h0v0:124 p7r1h0v0:78
1800,6000,4,3.6802,0.5098,0.1846,0.1846,104,0.8984,0.3555,0.8105,0.7863,103:126 102:114 112:74 213:69 113:68 212:61 202:54 203:40,p1r1h0v0:189 p3r1h0v0:132 p0r1h0v0:116 p5r1h0v1:111
7800,C000,4,3.679,0.1504,0.2217,0.2188,16,0.9844,0.5996,0.4033,0.9355,202:105 203:102 212:83 213:82 312:78 313:75 103:68 112:60,p2r0h1v0:224 p1r1h0v0:150 p7r1h0v0:117 p3r0h1v0:111
1800,A000,2,3.6729,0.5049,0.1846,0.1846,104,0.8984,0.3555,0.8105,0.7863,103:126 102:114 112:74 213:69 113:68 212:61 202:54 203:40,p1r1h0v0:189 p3r1h0v0:132 p0r1h0v0:116 p5r1h0v1:111
C000,C000,4,3.6719,0.582,0.4951,0.3721,221,0.7842,0.3555,0.3047,0.4194,000:326 0E0:34 0F8:24 0C0:21 0F0:20 040:20 080:17 008:16,p0r0h0v0:381 p7r0h0v0:32 p2r0h0v0:31 p0r0h1v0:31
3000,A000,4,3.6682,0.4424,0.377,0.3721,164,0.8398,0.335,0.7881,0.6391,313:62 102:60 112:53 303:51 103:50 302:49 312:48 113:46,p6r1h0v0:381 p2r0h1v0:189 p1r1h0v0:124 p7r1h0v0:78
2000,6000,4,3.6596,0.5645,0.3311,0.3027,162,0.8418,0.3574,0.9561,0.6512,104:62 112:62 103:61 113:60 102:57 105:35 313:28 114:28,p1r1h0v0:310 p6r1h0v1:172 p6r1h0v0:167 p7r1h0v1:125
C800,A000,4,3.6432,0.417,0.4463,0.3008,143,0.8604,0.3721,0.3223,0.5484,000:286 0F0:50 0F8:43 0E0:35 0C0:33 0FC:30 080:27 33F:18,p0r0h0v0:308 p1r0h0v0:44 p7r0h0v0:44 p3r0h0v0:43
5800,4000,4,3.6421,0.582,0.2607,0.21,120,0.8828,0.7373,0.6143,0.7399,202:94 203:93 212:74 213:72 113:68 112:62 103:42 302:39,p6r1h0v1:215 p7r1h0v0:183 p5r0h1v0:145 p7r1h0v1:84
2000,8000,4,3.6406,0.5518,0.3311,0.3027,162,0.8418,0.3574,0.9561,0.6512,104:62 112:62 103:61 113:60 102:57 105:35 313:28 114:28,p1r1h0v0:310 p6r1h0v1:172 p6r1h0v0:167 p7r1h0v1:125
1800,E000,2,3.6392,0.4824,0.1846,0.1846,104,0.8984,0.3555,0.8105,0.7863,103:126 102:114 112:74 213:69 113:68 212:61 202:54 203:40,p1r1h0v0:189 p3r1h0v0:132 p0r1h0v0:116 p5r1h0v1:111
5800,6000,2,3.6392,0.5801,0.2607,0.21,120,0.8828,0.7373,0.6143,0.7399,202:94 203:93 212:74 213:72 113:68 112:62 103:42 302:39,p6r1h0v1:215 p7r1h0v0:183 p5r0h1v0:145 p7r1h0v1:84
1000,E000,4,3.6344,0.0,0.3096,0.2744,16,0.9844,0.3018,0.8281,0.9355,103:140 102:131 213:109 212:90 113:89 112:88 202:57 203:54,p0r1h0v0:281 p1r1h0v0:183 p5r1h0v1:87 p6r1h0v0:76
7000,C000,4,3.6155,0.1152,0.2178,0.2178,16,0.9844,0.5596,0.4756,0.9355,203:114 213:109 212:108 202:101 103:70 312:65 113:63 302:62,p7r1h0v0:223 p1r1h0v0:154 p3r0h1v0:144 p5r0h1v0:84
0800,E000,4,3.6117,0.0,0.249,0.249,16,0.9844,0.1719,0.832,0.9375,113:119 102:117 103:103 203:102 112:98 212:80 202:73 213:65,p1r1h0v0:255 p3r1h0v0:200 p0r1h0v0:165 p2r1h0v0:111
3800,E000,2,3.6016,0.3447,0.1943,0.1768,53,0.9482,0.3564,0.748,0.8175,313:73 212:68 103:65 302:59 303:55 312:55 102:54 213:52,p2r0h1v0:181 p6r1h0v0:170 p7r1h0v0:156 p1r1h0v0:147
5800,C000,2,3.6011,0.5547,0.2607,0.21,120,0.8828,0.7373,0.6143,0.7399,202:94 203:93 212:74 213:72 113:68 112:62 103:42 302:39,p6r1h0v1:215 p7r1h0v0:183 p5r0h1v0:145 p7r1h0v1:84
2800,C000,4,3.5777,0.1826,0.6045,0.3477,110,0.8926,0.4844,0.9639,0.7046,104:52 113:49 102:48 312:42 103:41 313:37 112:36 304:35,p6r1h0v1:356 p6r1h0v0:263 p7r1h0v1:103 p1r1h0v0:91
3000,E000,2,3.5686,0.376,0.377,0.3721,164,0.8398,0.335,0.7881,0.6391,313:62 102:60 112:53 303:51 103:50 302:49 312:48 113:46,p6r1h0v0:381 p2r0h1v0:189 p1r1h0v0:124 p7r1h0v0:78
4800,8000,2,3.5547,0.7188,0.1768,0.1475,164,0.8398,0.4199,0.8525,0.6683,203:92 113:86 112:84 202:83 212:57 213:52 302:39 303:30,p7r1h0v0:151 p1r1h0v0:136 p5r1h0v1:128 p0r1h0v0:94
5000,A000,4,3.5445,0.3223,0.3672,0.2832,125,0.8779,0.4697,0.8203,0.7429,202:92 213:90 203:84 212:79 103:48 102:48 312:39 112:34,p7r1h0v0:290 p6r1h0v1:138 p1r1h0v0:95 p7r1h0v1:86
2000,E000,2,3.5395,0.4844,0.3311,0.3027,162,0.8418,0.3574,0.9561,0.6512,104:62 112:62 103:61 113:60 102:57 105:35 313:28 114:28,p1r1h0v0:310 p6r1h0v1:172 p6r1h0v0:167 p7r1h0v1:125
C000,A000,4,3.5284,0.4863,0.4951,0.3721,221,0.7842,0.3555,0.3047,0.4194,000:326 0E0:34 0F8:24 0C0:21 0F0:20 040:20 080:17 008:16,p0r0h0v0:381 p7r0h0v0:32 p2r0h0v0:31 p0r0h1v0:31
4800,8000,4,3.5239,0.6982,0.1768,0.1475,164,0.8398,0.4199,0.8525,0.6683,203:92 113:86 112:84 202:83 212:57 213:52 302:39 303:30,p7r1h0v0:151 p1r1h0v0:136 p5r1h0v1:128 p0r1h0v0:94
2000,A000,2,3.4985,0.457,0.3311,0.3027,162,0.8418,0.3574,0.9561,0.6512,104:62 112:62 103:61 113:60 102:57 105:35 313:28 114:28,p1r1h0v0:310 p6r1h0v1:172 p6r1h0v0:167 p7r1h0v1:125
C800,A000,2,3.4571,0.293,0.4463,0.3008,143,0.8604,0.3721,0.3223,0.5484,000:286 0F0:50 0F8:43 0E0:35 0C0:33 0FC:30 080:27 33F:18,p0r0h0v0:308 p1r0h0v0:44 p7r0h0v0:44 p3r0h0v0:43
7800,E000,4,3.4534,0.0,0.2217,0.2188,16,0.9844,0.5996,0.4033,0.9355,202:105 203:102 212:83 213:82 312:78 313:75 103:68 112:60,p2r0h1v0:224 p1r1h0v0:150 p7r1h0v0:117 p3r0h1v0:111
5000,E000,2,3.4463,0.2568,0.3672,0.2832,125,0.8779,0.4697,0.8203,0.7429,202:92 213:90 203:84 212:79 103:48 102:48 312:39 112:34,p7r1h0v0:290 p6r1h0v1:138 p1r1h0v0:95 p7r1h0v1:86
7000,E000,4,3.4426,0.0,0.2178,0.2178,16,0.9844,0.5596,0.4756,0.9355,203:114 213:109 212:108 202:101 103:70 312:65 113:63 302:62,p7r1h0v0:223 p1r1h0v0:154 p3r0h1v0:144 p5r0h1v0:84
6000,C000,4,3.4385,0.0938,0.3057,0.1934,61,0.9404,0.3428,0.7793,0.8558,212:108 213:96 202:89 203:81 113:77 103:76 102:72 112:63,p6r1h0v0:198 p7r1h0v0:150 p4r1h0v0:142 p3r1h0v0:90
C800,E000,4,3.422,0.2695,0.4463,0.3008,143,0.8604,0.3721,0.3223,0.5484,000:286 0F0:50 0F8:43 0E0:35 0C0:33 0FC:30 080:27 33F:18,p0r0h0v0:308 p1r0h0v0:44 p7r0h0v0:44 p3r0h0v0:43
4800,6000,4,3.4199,0.6289,0.1768,0.1475,164,0.8398,0.4199,0.8525,0.6683,203:92 113:86 112:84 202:83 212:57 213:52 302:39 303:30,p7r1h0v0:151 p1r1h0v0:136 p5r1h0v1:128 p0r1h0v0:94
4800,A000,2,3.414,0.625,0.1768,0.1475,164,0.8398,0.4199,0.8525,0.6683,203:92 113:86 112:84 202:83 212:57 213:52 302:39 303:30,p7r1h0v0:151 p1r1h0v0:136 p5r1h0v1:128 p0r1h0v0:94
5800,A000,4,3.3741,0.4033,0.2607,0.21,120,0.8828,0.7373,0.6143,0.7399,202:94 203:93 212:74 213:72 113:68 112:62 103:42 302:39,p6r1h0v1:215 p7r1h0v0:183 p5r0h1v0:145 p7r1h0v1:84
4800,4000,4,3.373,0.5977,0.1768,0.1475,164,0.8398,0.4199,0.8525,0.6683,203:92 113:86 112:84 202:83 212:57 213:52 302:39 303:30,p7r1h0v0:151 p1r1h0v0:136 p5r1h0v1:128 p0r1h0v0:94
4800,6000,2,3.3716,0.5967,0.1768,0.1475,164,0.8398,0.4199,0.8525,0.6683,203:92 113:86 112:84 202:83 212:57 213:52 302:39 303:30,p7r1h0v0:151 p1r1h0v0:136 p5r1h0v1:128 p0r1h0v0:94
4000,C000,4,3.367,0.0186,0.3252,0.3184,92,0.9102,0.1904,0.8994,0.7923,203:82 112:82 113:81 202:77 103:72 102:70 213:63 212:62,p1r1h0v0:326 p7r1h0v0:283 p0r1h0v0:140 p0r0h1v0:103
C800,8000,4,3.3561,0.2256,0.4463,0.3008,143,0.8604,0.3721,0.3223,0.5484,000:286 0F0:50 0F8:43 0E0:35 0C0:33 0FC:30 080:27 33F:18,p0r0h0v0:308 p1r0h0v0:44 p7r0h0v0:44 p3r0h0v0:43
4000,E000,4,3.3392,0.0,0.3252,0.3184,92,0.9102,0.1904,0.8994,0.7923,203:82 112:82 113:81 202:77 103:72 102:70 213:63 212:62,p1r1h0v0:326 p7r1h0v0:283 p0r1h0v0:140 p0r0h1v0:103
4800,C000,2,3.3335,0.5713,0.1768,0.1475,164,0.8398,0.4199,0.8525,0.6683,203:92 113:86 112:84 202:83 212:57 213:52 302:39 303:30,p7r1h0v0:151 p1r1h0v0:136 p5r1h0v1:128 p0r1h0v0:94
2800,E000,4,3.3038,0.0,0.6045,0.3477,110,0.8926,0.4844,0.9639,0.7046,104:52 113:49 102:48 312:42 103:41 313:37 112:36 304:35,p6r1h0v1:356 p6r1h0v0:263 p7r1h0v1:103 p1r1h0v0:91
6000,E000,4,3.2978,0.0,0.3057,0.1934,61,0.9404,0.3428,0.7793,0.8558,212:108 213:96 202:89 203:81 113:77 103:76 102:72 112:63,p6r1h0v0:198 p7r1h0v0:150 p4r1h0v0:142 p3r1h0v0:90
C000,A000,2,3.2823,0.3223,0.4951,0.3721,221,0.7842,0.3555,0.3047,0.4194,000:326 0E0:34 0F8:24 0C0:21 0F0:20 040:20 080:17 008:16,p0r0h0v0:381 p7r0h0v0:32 p2r0h0v0:31 p0r0h1v0:31
C800,8000,2,3.2564,0.1592,0.4463,0.3008,143,0.8604,0.3721,0.3223,0.5484,000:286 0F0:50 0F8:43 0E0:35 0C0:33 0FC:30 080:27 33F:18,p0r0h0v0:308 p1r0h0v0:44 p7r0h0v0:44 p3r0h0v0:43
5800,E000,2,3.2247,0.3037,0.2607,0.21,120,0.8828,0.7373,0.6143,0.7399,202:94 203:93 212:74 213:72 113:68 112:62 103:42 302:39,p6r1h0v1:215 p7r1h0v0:183 p5r0h1v0:145 p7r1h0v1:84
3800,C000,4,3.2178,0.0889,0.1943,0.1768,53,0.9482,0.3564,0.748,0.8175,313:73 212:68 103:65 302:59 303:55 312:55 102:54 213:52,p2r0h1v0:181 p6r1h0v0:170 p7r1h0v0:156 p1r1h0v0:147
C000,8000,4,3.1885,0.2598,0.4951,0.3721,221,0.7842,0.3555,0.3047,0.4194,000:326 0E0:34 0F8:24 0C0:21 0F0:20 040:20 080:17 008:16,p0r0h0v0:381 p7r0h0v0:32 p2r0h0v0:31 p0r0h1v0:31
5000,C000,4,3.1724,0.0742,0.3672,0.2832,125,0.8779,0.4697,0.8203,0.7429,202:92 213:90 203:84 212:79 103:48 102:48 312:39 112:34,p7r1h0v0:290 p6r1h0v1:138 p1r1h0v0:95 p7r1h0v1:86
3000,C000,4,3.1569,0.1016,0.377,0.3721,164,0.8398,0.335,0.7881,0.6391,313:62 102:60 112:53 303:51 103:50 302:49 312:48 113:46,p6r1h0v0:381 p2r0h1v0:189 p1r1h0v0:124 p7r1h0v0:78
C000,E000,4,3.0933,0.1963,0.4951,0.3721,221,0.7842,0.3555,0.3047,0.4194,000:326 0E0:34 0F8:24 0C0:21 0F0:20 040:20 080:17 008:16,p0r0h0v0:381 p7r0h0v0:32 p2r0h0v0:31 p0r0h1v0:31
3800,E000,4,3.0845,0.0,0.1943,0.1768,53,0.9482,0.3564,0.748,0.8175,313:73 212:68 103:65 302:59 303:55 312:55 102:54 213:52,p2r0h1v0:181 p6r1h0v0:170 p7r1h0v0:156 p1r1h0v0:147
C000,8000,2,3.0787,0.1865,0.4951,0.3721,221,0.7842,0.3555,0.3047,0.4194,000:326 0E0:34 0F8:24 0C0:21 0F0:20 040:20 080:17 008:16,p0r0h0v0:381 p7r0h0v0:32 p2r0h0v0:31 p0r0h1v0:31
C800,E000,2,3.0733,0.0371,0.4463,0.3008,143,0.8604,0.3721,0.3223,0.5484,000:286 0F0:50 0F8:43 0E0:35 0C0:33 0FC:30 080:27 33F:18,p0r0h0v0:308 p1r0h0v0:44 p7r0h0v0:44 p3r0h0v0:43
5000,E000,4,3.0611,0.0,0.3672,0.2832,125,0.8779,0.4697,0.8203,0.7429,202:92 213:90 203:84 212:79 103:48 102:48 312:39 112:34,p7r1h0v0:290 p6r1h0v1:138 p1r1h0v0:95 p7r1h0v1:86
2000,C000,4,3.0561,0.1621,0.3311,0.3027,162,0.8418,0.3574,0.9561,0.6512,104:62 112:62 103:61 113:60 102:57 105:35 313:28 114:28,p1r1h0v0:310 p6r1h0v1:172 p6r1h0v0:167 p7r1h0v1:125
4800,A000,4,3.0552,0.3857,0.1768,0.1475,164,0.8398,0.4199,0.8525,0.6683,203:92 113:86 112:84 202:83 212:57 213:52 302:39 303:30,p7r1h0v0:151 p1r1h0v0:136 p5r1h0v1:128 p0r1h0v0:94
1800,C000,4,3.0283,0.0752,0.1846,0.1846,104,0.8984,0.3555,0.8105,0.7863,103:126 102:114 112:74 213:69 113:68 212:61 202:54 203:40,p1r1h0v0:189 p3r1h0v0:132 p0r1h0v0:116 p5r1h0v1:111
3000,E000,4,3.0046,0.0,0.377,0.3721,164,0.8398,0.335,0.7881,0.6391,313:62 102:60 112:53 303:51 103:50 302:49 312:48 113:46,p6r1h0v0:381 p2r0h1v0:189 p1r1h0v0:124 p7r1h0v0:78
4800,E000,2,2.9804,0.3359,0.1768,0.1475,164,0.8398,0.4199,0.8525,0.6683,203:92 113:86 112:84 202:83 212:57 213:52 302:39 303:30,p7r1h0v0:151 p1r1h0v0:136 p5r1h0v1:128 p0r1h0v0:94
5800,C000,4,2.939,0.1133,0.2607,0.21,120,0.8828,0.7373,0.6143,0.7399,202:94 203:93 212:74 213:72 113:68 112:62 103:42 302:39,p6r1h0v1:215 p7r1h0v0:183 p5r0h1v0:145 p7r1h0v1:84
1800,E000,4,2.9155,0.0,0.1846,0.1846,104,0.8984,0.3555,0.8105,0.7863,103:126 102:114 112:74 213:69 113:68 212:61 202:54 203:40,p1r1h0v0:189 p3r1h0v0:132 p0r1h0v0:116 p5r1h0v1:111
C000,E000,2,2.8809,0.0547,0.4951,0.3721,221,0.7842,0.3555,0.3047,0.4194,000:326 0E0:34 0F8:24 0C0:21 0F0:20 040:20 080:17 008:16,p0r0h0v0:381 p7r0h0v0:32 p2r0h0v0:31 p0r0h1v0:31
2000,E000,4,2.813,0.0,0.3311,0.3027,162,0.8418,0.3574,0.9561,0.6512,104:62 112:62 103:61 113:60 102:57 105:35 313:28 114:28,p1r1h0v0:310 p6r1h0v1:172 p6r1h0v0:167 p7r1h0v1:125
5800,E000,4,2.7691,0.0,0.2607,0.21,120,0.8828,0.7373,0.6143,0.7399,202:94 203:93 212:74 213:72 113:68 112:62 103:42 302:39,p6r1h0v1:215 p7r1h0v0:183 p5r0h1v0:145 p7r1h0v1:84
4800,C000,4,2.5703,0.0625,0.1768,0.1475,164,0.8398,0.4199,0.8525,0.6683,203:92 113:86 112:84 202:83 212:57 213:52 302:39 303:30,p7r1h0v0:151 p1r1h0v0:136 p5r1h0v1:128 p0r1h0v0:94
4800,E000,4,2.4765,0.0,0.1768,0.1475,164,0.8398,0.4199,0.8525,0.6683,203:92 113:86 112:84 202:83 212:57 213:52 302:39 303:30,p7r1h0v0:151 p1r1h0v0:136 p5r1h0v1:128 p0r1h0v0:94
