destination_pack,destination_entry_id,destination_config_id,destination_x,destination_y,destination_coordinate_addr,trigger_addr,trigger_type
0x60,0x02,,37,56,CC:3B95,CC:3DF1,vm_opcode_0x56_terminal
0x6D,0x02,cfg_t05_l077_v2,19,14,CC:62B0,CC:5AC1,vm_opcode_0x56_terminal
0x85,0x02,,22,40,CC:BC39,CC:BAF4,vm_opcode_0x56_terminal
0x95,0x02,,17,41,CC:D9E4,CC:D723,vm_opcode_0x56_terminal
0x97,0x02,cfg_t09_l097_v2,161,36,CC:DD08,CC:DC91,vm_opcode_0x56_terminal
0x98,0x02,cfg_t09_l097_v2,241,7,CC:DF88,CC:DDF1,vm_opcode_0x56_terminal
0x9F,0x02,cfg_t24_l125_v2,56,13,CD:022A,CD:00D1,vm_opcode_0x56_terminal
0xA0,0x02,cfg_t24_l125_v2,55,30,CD:0611,CD:00EB,vm_opcode_0x56_terminal
0xA1,0x02,cfg_t24_l125_v2,112,23,CD:070F,CD:0661,vm_opcode_0x56_terminal
0xA4,0x02,cfg_t24_l127_v2,40,88,CD:102B,CD:0DE7,vm_opcode_0x56_terminal
0xA5,0x02,cfg_t24_l125_v2,207,20,CD:14C9,CD:1429,vm_opcode_0x56_terminal
0xA6,0x02,,14,9,CD:17DF,CD:1C3A,vm_opcode_0x56_terminal
0xAA,0x02,cfg_t26_l131_v1,60,5,CD:2C0C,CD:26AD,vm_opcode_0x56_terminal
0xB0,0x02,cfg_t11_l101_v2,41,12,CD:4073,CD:396A,vm_opcode_0x56_terminal
0xB8,0x02,cfg_t47_l172_v2,52,16,CD:56F1,CD:55B3,vm_opcode_0x56_terminal
0xBE,0x02,cfg_t13_l103_v2,43,131,CD:6EA8,CD:6DD3,vm_opcode_0x56_terminal
0xC0,0x02,cfg_t14_l105_v2,16,13,CD:7964,CD:7030,vm_opcode_0x56_terminal
0xC2,0x02,cfg_t16_l109_v2,10,18,CD:7D46,CD:79AB,vm_opcode_0x56_terminal
0xC3,0x02,cfg_t14_l105_v2,179,13,CD:7E68,CD:7D7D,vm_opcode_0x56_terminal
0xC4,0x02,cfg_t17_l111_v2,9,9,CD:7FF2,CD:7E9F,vm_opcode_0x56_terminal
0xC6,0x02,cfg_t19_l113_v2,32,39,CD:8414,CD:825B,vm_opcode_0x56_terminal
0xC7,0x02,cfg_t19_l115_v2,8,11,CD:8588,CD:8465,vm_opcode_0x56_terminal
0xC8,0x02,cfg_t20_l117_v1,15,32,CD:8703,CD:865E,vm_opcode_0x56_terminal
0xD9,0x02,cfg_t52_l182_v2,37,46,CD:A527,CD:A59A,vm_opcode_0x56_terminal
0xE2,0x02,cfg_t55_l192_v2,51,65,CD:C415,CD:BBD5,vm_opcode_0x56_terminal
0xE1,0x02,cfg_t55_l192_v2,62,38,CD:C01D,CD:C149,vm_opcode_0x56_terminal
0xE8,0x02,cfg_t58_l197_v1,103,68,CD:D7CE,CD:CAA6,vm_opcode_0x56_terminal
0xEE,0x02,,7,121,CD:E948,CD:EC8D,vm_opcode_0x56_terminal
0xF0,0x02,cfg_t06_l037_v2,29,40,CD:F692,CD:F7D1,vm_opcode_0x56_terminal
0x57,0x02,cfg_t27_l134_v2,15,30,CC:299D,CC:2D4C,vm_opcode_0x56_nonterminal_shape
0x55,0x02,cfg_t27_l132_v2,12,15,CC:285E,CC:2DB1,vm_opcode_0x56_nonterminal_shape
0x56,0x02,cfg_t04_l031_v2,25,54,CC:28C1,CC:2F22,vm_opcode_0x56_nonterminal_shape
0x7F,0x02,cfg_t40_l157_v2,84,46,CC:A671,CC:A577,vm_opcode_0x56_nonterminal_shape
0x92,0x02,cfg_t08_l092_v2,127,30,CC:D469,CC:D34B,vm_opcode_0x56_nonterminal_shape
0xA2,0x02,cfg_t24_l125_v2,150,15,CD:0BA3,CD:0763,vm_opcode_0x56_nonterminal_shape
0x4D,0x02,cfg_t04_l006_v2,17,37,CC:18B3,CC:0AF9,vm_opcode_0x53_transition_wrapper_terminal
0x50,0x02,cfg_t04_l008_v2,29,55,CC:1C4E,CC:0B08,vm_opcode_0x53_transition_wrapper_terminal
0x54,0x02,,16,24,CC:27F1,CC:0B19,vm_opcode_0x53_transition_wrapper_terminal
0x5A,0x02,cfg_t04_l018_v2,24,40,CC:32EF,CC:0B9D,vm_opcode_0x53_transition_wrapper_terminal
0x7C,0x02,cfg_t39_l156_v1,24,78,CC:9963,CC:0BAC,vm_opcode_0x53_transition_wrapper_terminal
0x67,0x02,cfg_t04_l039_v2,18,54,CC:4D3D,CC:0BF7,vm_opcode_0x53_transition_wrapper_terminal
0x68,0x02,,36,72,CC:4E84,CC:0C17,vm_opcode_0x53_transition_wrapper_terminal
0x5B,0x02,cfg_t04_l018_v2,24,40,CC:3403,CC:0C35,vm_opcode_0x53_transition_wrapper_terminal
0x6A,0x02,cfg_t06_l040_v2,41,72,CC:5473,CC:0C55,vm_opcode_0x53_transition_wrapper_terminal
0x7A,0x02,cfg_t05_l041_v2,15,39,CC:9772,CC:0C91,vm_opcode_0x53_transition_wrapper_terminal
0xA9,0x02,cfg_t26_l131_v1,184,23,CD:247F,CC:0CB2,vm_opcode_0x53_transition_wrapper_terminal
0x6B,0x02,cfg_t05_l042_v2,24,72,CC:5A8D,CC:0CCF,vm_opcode_0x53_transition_wrapper_terminal
0x6E,0x02,cfg_t05_l043_v2,58,55,CC:63F4,CC:0D03,vm_opcode_0x53_transition_wrapper_terminal
0x65,0x02,cfg_t04_l044_v2,58,55,CC:45A2,CC:0D12,vm_opcode_0x53_transition_wrapper_terminal
0xAB,0x02,cfg_t49_l176_v2,22,5,CD:3097,CC:0D1F,vm_opcode_0x53_transition_wrapper_terminal
0x70,0x02,cfg_t04_l045_v2,45,94,CC:6DC5,CC:0D37,vm_opcode_0x53_transition_wrapper_terminal
0x8A,0x02,cfg_t56_l194_v1,30,56,CC:C66D,CC:0D44,vm_opcode_0x53_transition_wrapper_terminal
0x87,0x02,cfg_t44_l167_v1,30,53,CC:BFB8,CC:0D51,vm_opcode_0x53_transition_wrapper_terminal
0x86,0x02,cfg_t43_l165_v2,23,46,CC:BE17,CC:0D69,vm_opcode_0x53_transition_wrapper_terminal
0xCD,0x02,cfg_t05_l083_v2,7,20,CD:9020,CC:0D8F,vm_opcode_0x53_transition_wrapper_terminal
0x80,0x02,cfg_t05_l020_v2,24,40,CC:A76A,CC:0D9C,vm_opcode_0x53_transition_wrapper_terminal
0xAD,0x02,cfg_t34_l148_v1,7,30,CD:34D6,CC:0DAB,vm_opcode_0x53_transition_wrapper_terminal
0x5D,0x02,cfg_t04_l018_v2,24,40,CC:3700,CC:0DE3,vm_opcode_0x53_transition_wrapper_terminal
0x81,0x02,,37,15,CC:A8FD,CC:0E0D,vm_opcode_0x53_transition_wrapper_terminal
0xB1,0x02,cfg_t29_l138_v2,224,40,CD:42E6,CC:0E57,vm_opcode_0x53_transition_wrapper_terminal
0x82,0x02,cfg_t04_l059_v2,40,59,CC:B2CD,CC:0E88,vm_opcode_0x53_transition_wrapper_terminal
0x8C,0x02,cfg_t04_l062_v2,31,48,CC:C8F4,CC:0F1D,vm_opcode_0x53_transition_wrapper_terminal
0x5E,0x02,cfg_t04_l018_v2,24,40,CC:383C,CC:0F48,vm_opcode_0x53_transition_wrapper_terminal
0x5F,0x02,cfg_t06_l021_v2,24,40,CC:3984,CC:0F55,vm_opcode_0x53_transition_wrapper_terminal
0x83,0x02,cfg_t04_l070_v2,33,55,CC:B80E,CC:0F64,vm_opcode_0x53_transition_wrapper_terminal
0x90,0x02,cfg_t04_l081_v2,23,39,CC:D174,CC:0F7E,vm_opcode_0x53_transition_wrapper_terminal
0x8E,0x02,cfg_t04_l060_v1,31,69,CC:CCB9,CC:0F9C,vm_opcode_0x53_transition_wrapper_terminal
0xCE,0x02,,22,28,CD:91D8,CC:1160,vm_opcode_0x53_transition_wrapper_terminal
0xCB,0x02,cfg_t04_l082_v2,22,34,CD:8E9D,CC:169E,vm_opcode_0x53_transition_wrapper_terminal
0x4E,0x02,cfg_t07_l007_v2,6,10,CC:1907,CC:18CD,vm_opcode_0x53_transition_wrapper_terminal
0x51,0x02,cfg_t07_l009_v2,6,10,CC:1F4A,CC:1C7F,vm_opcode_0x53_transition_wrapper_terminal
0x52,0x02,cfg_t07_l010_v2,6,10,CC:2134,CC:1C8C,vm_opcode_0x53_transition_wrapper_terminal
0x29,0x02,cfg_t07_l014_v2,5,10,CB:D729,CC:1C99,vm_opcode_0x53_transition_wrapper_terminal
0x2A,0x02,cfg_t07_l016_v2,3,14,CB:D792,CC:1CA6,vm_opcode_0x53_transition_wrapper_terminal
0x2B,0x02,cfg_t07_l012_v2,5,10,CB:D97A,CC:1CB3,vm_opcode_0x53_transition_wrapper_terminal
0x2C,0x02,,6,10,CB:DA08,CC:1CC0,vm_opcode_0x53_transition_wrapper_terminal
0x2D,0x02,cfg_t07_l013_v2,6,10,CB:DD6D,CC:1CCD,vm_opcode_0x53_transition_wrapper_terminal
0x2E,0x02,cfg_t07_l015_v2,9,12,CB:DE7C,CC:1CDA,vm_opcode_0x53_transition_wrapper_terminal
0x2F,0x02,cfg_t07_l047_v2,6,10,CB:DF90,CC:1CE7,vm_opcode_0x53_transition_wrapper_terminal
0x4B,0x02,cfg_t07_l080_v2,7,15,CC:06F9,CC:1CFD,vm_opcode_0x53_transition_wrapper_terminal
0x59,0x02,cfg_t07_l033_v2,5,8,CC:2C43,CC:2806,vm_opcode_0x53_transition_wrapper_terminal
0x33,0x02,cfg_t07_l026_v2,5,10,CB:E29A,CC:3303,vm_opcode_0x53_transition_wrapper_terminal
0x34,0x02,cfg_t07_l022_v2,4,10,CB:E3AF,CC:3310,vm_opcode_0x53_transition_wrapper_terminal
0x32,0x02,cfg_t07_l024_v2,4,8,CB:E0D7,CC:331D,vm_opcode_0x53_transition_wrapper_terminal
0x37,0x02,cfg_t07_l027_v2,4,10,CB:E5B2,CC:332A,vm_opcode_0x53_transition_wrapper_terminal
0x35,0x02,cfg_t07_l023_v2,4,8,CB:E4E4,CC:3337,vm_opcode_0x53_transition_wrapper_terminal
0x36,0x02,cfg_t07_l025_v2,5,10,CB:E568,CC:3344,vm_opcode_0x53_transition_wrapper_terminal
0x62,0x02,cfg_t07_l009_v2,6,10,CC:427E,CC:3BDB,vm_opcode_0x53_transition_wrapper_terminal
0x63,0x02,cfg_t07_l010_v2,6,10,CC:43C2,CC:3BE8,vm_opcode_0x53_transition_wrapper_terminal
0x64,0x02,cfg_t07_l009_v2,6,10,CC:44F6,CC:3C0F,vm_opcode_0x53_transition_wrapper_terminal
0x30,0x02,cfg_t07_l065_v2,7,11,CB:DFE8,CC:3C29,vm_opcode_0x53_transition_wrapper_terminal
0x61,0x02,cfg_t07_l036_v2,21,21,CC:40EA,CC:3C52,vm_opcode_0x53_transition_wrapper_terminal
0x31,0x02,cfg_t07_l046_v2,5,10,CB:E05F,CC:4ED2,vm_opcode_0x53_transition_wrapper_terminal
0x20,0x02,,0,0,CB:D1FA,CC:52C2,vm_opcode_0x53_transition_wrapper_terminal
0x22,0x02,,0,0,CB:D3B0,CC:52DD,vm_opcode_0x53_transition_wrapper_terminal
0x26,0x02,,0,0,CB:D5C3,CC:52F8,vm_opcode_0x53_transition_wrapper_terminal
0x25,0x02,,0,0,CB:D4E1,CC:5313,vm_opcode_0x53_transition_wrapper_terminal
0x6C,0x02,cfg_t07_l076_v2,11,21,CC:604B,CC:5B43,vm_opcode_0x53_transition_wrapper_terminal
0xEC,0x02,,6,10,CD:E13A,CC:6468,vm_opcode_0x53_transition_wrapper_terminal
0x71,0x02,cfg_t07_l069_v2,7,14,CC:73C6,CC:6767,vm_opcode_0x53_transition_wrapper_terminal
0x3F,0x02,cfg_t07_l049_v2,25,25,CB:EBAC,CC:6776,vm_opcode_0x53_transition_wrapper_terminal
0x49,0x02,cfg_t07_l067_v2,5,9,CC:0258,CC:6E7B,vm_opcode_0x53_transition_wrapper_terminal
0x3E,0x02,cfg_t07_l048_v2,5,10,CB:EB2A,CC:6EA2,vm_opcode_0x53_transition_wrapper_terminal
0x42,0x02,cfg_t07_l052_v2,5,14,CB:F4AC,CC:6EAF,vm_opcode_0x53_transition_wrapper_terminal
0x43,0x02,cfg_t07_l053_v2,7,9,CB:F549,CC:6EBC,vm_opcode_0x53_transition_wrapper_terminal
0x3D,0x02,,4,9,CB:EA89,CC:6EC9,vm_opcode_0x53_transition_wrapper_terminal
0x46,0x02,cfg_t07_l056_v2,5,9,CB:FCCF,CC:6ED6,vm_opcode_0x53_transition_wrapper_terminal
0x44,0x02,cfg_t07_l054_v2,8,28,CB:F6E3,CC:6EE5,vm_opcode_0x53_transition_wrapper_terminal
0x40,0x02,cfg_t07_l051_v2,5,10,CB:EF9E,CC:6EF2,vm_opcode_0x53_transition_wrapper_terminal
0x47,0x02,cfg_t07_l063_v2,7,10,CB:FE72,CC:6EFF,vm_opcode_0x53_transition_wrapper_terminal
0x45,0x02,cfg_t07_l055_v2,6,10,CB:FC4A,CC:6F0C,vm_opcode_0x53_transition_wrapper_terminal
0x72,0x02,cfg_t07_l078_v2,5,9,CC:7484,CC:6F35,vm_opcode_0x53_transition_wrapper_terminal
0x28,0x02,cfg_t07_l090_v2,7,9,CB:D6E5,CC:6FBF,vm_opcode_0x53_transition_wrapper_terminal
0x73,0x02,cfg_t07_l078_v2,5,9,CC:7689,CC:704F,vm_opcode_0x53_transition_wrapper_terminal
0xF8,0x02,cfg_t07_l063_v2,7,10,CE:1145,CC:709D,vm_opcode_0x53_transition_wrapper_terminal
0x7B,0x02,cfg_t07_l071_v2,4,8,CC:9848,CC:978F,vm_opcode_0x53_transition_wrapper_terminal
0x84,0x02,cfg_t07_l072_v2,16,21,CC:BAD6,CC:B8A4,vm_opcode_0x53_transition_wrapper_terminal
0x8B,0x02,cfg_t04_l061_v2,29,56,CC:C714,CC:C69B,vm_opcode_0x53_transition_wrapper_terminal
0x8D,0x02,cfg_t07_l084_v2,4,7,CC:CA78,CC:C908,vm_opcode_0x53_transition_wrapper_terminal
0x4F,0x02,cfg_t07_l033_v2,5,8,CC:1BA2,CC:CCE9,vm_opcode_0x53_transition_wrapper_terminal
0x5C,0x02,cfg_t04_l019_v1,24,39,CC:35B5,CD:193F,vm_opcode_0x53_transition_wrapper_terminal
0xBF,0x02,cfg_t07_l009_v2,6,10,CD:782F,CD:6FEB,vm_opcode_0x53_transition_wrapper_terminal
0xD8,0x02,cfg_t53_l184_v2,95,48,CD:A3A6,CD:9404,vm_opcode_0x53_transition_wrapper_terminal
0xDD,0x02,cfg_t53_l184_v2,80,85,CD:B5EE,CD:9418,vm_opcode_0x53_transition_wrapper_terminal
0xD0,0x02,cfg_t53_l184_v2,232,49,CD:963F,CD:9427,vm_opcode_0x53_transition_wrapper_terminal
0xD5,0x02,cfg_t53_l184_v2,29,67,CD:9E67,CD:944A,vm_opcode_0x53_transition_wrapper_terminal
0xD7,0x02,cfg_t53_l184_v2,155,10,CD:A13A,CD:946D,vm_opcode_0x53_transition_wrapper_terminal
0xD1,0x02,cfg_t54_l190_v2,7,11,CD:977E,CD:9E97,vm_opcode_0x53_transition_wrapper_terminal
0xD2,0x02,cfg_t54_l190_v2,24,11,CD:992A,CD:9EA6,vm_opcode_0x53_transition_wrapper_terminal
0xD3,0x02,cfg_t54_l190_v2,39,11,CD:9A6B,CD:9EB5,vm_opcode_0x53_transition_wrapper_terminal
0x3A,0x02,cfg_t54_l190_v2,23,27,CB:E7D4,CD:9EC4,vm_opcode_0x53_transition_wrapper_terminal
0x3B,0x02,cfg_t54_l190_v2,55,29,CB:E896,CD:9ED3,vm_opcode_0x53_transition_wrapper_terminal
0x38,0x02,cfg_t54_l190_v2,39,27,CB:E606,CD:9EE2,vm_opcode_0x53_transition_wrapper_terminal
0x39,0x02,cfg_t54_l190_v2,71,11,CB:E70C,CD:9EF1,vm_opcode_0x53_transition_wrapper_terminal
0x3C,0x02,cfg_t54_l190_v2,8,29,CB:E93E,CD:9F00,vm_opcode_0x53_transition_wrapper_terminal
0xD4,0x02,cfg_t54_l190_v2,55,11,CD:9C61,CD:9F0D,vm_opcode_0x53_transition_wrapper_terminal
0xE3,0x02,cfg_t58_l198_v1,13,10,CD:C7D6,CD:B948,vm_opcode_0x53_transition_wrapper_terminal
0xEB,0x02,cfg_t46_l170_v2,103,20,CD:DEDA,CD:B957,vm_opcode_0x53_transition_wrapper_terminal
0xEA,0x02,cfg_t38_l154_v2,14,25,CD:DE14,CD:B966,vm_opcode_0x53_transition_wrapper_terminal
0xF6,0x02,,16,21,CE:0BE3,CE:0327,vm_opcode_0x53_transition_wrapper_terminal
0xF7,0x02,,5,10,CE:0D9B,CE:0452,vm_opcode_0x53_transition_wrapper_terminal
0x41,0x02,cfg_t07_l050_v2,5,14,CB:F109,CE:1252,vm_opcode_0x53_transition_wrapper_terminal
0xCF,0x02,,126,63,CD:930D,CE:12B4,vm_opcode_0x53_transition_wrapper_terminal
0x6F,0x02,cfg_t04_l045_v2,45,94,CC:66F2,CC:0D32,vm_opcode_0x53_nonterminal_shape
0x77,0x02,cfg_t28_l136_v2,37,9,CC:91C1,CC:0DF0,vm_opcode_0x53_nonterminal_shape
0xCA,0x02,cfg_t04_l028_v2,16,24,CD:8DF2,CC:0FC3,vm_opcode_0x53_nonterminal_shape
0xC9,0x02,cfg_t59_l201_v2,15,25,CD:8D58,CC:16B7,vm_opcode_0x53_nonterminal_shape
0x66,0x02,cfg_t07_l064_v2,6,26,CC:485C,CC:4648,vm_opcode_0x53_nonterminal_shape
0x4A,0x02,cfg_t07_l075_v2,5,14,CC:04C6,CC:6FDA,vm_opcode_0x53_nonterminal_shape
0xF3,0x02,cfg_t04_l070_v2,33,55,CE:029C,CD:EBB5,vm_opcode_0x53_nonterminal_shape
0xF4,0x02,cfg_t06_l021_v2,24,40,CE:043E,CD:EBBD,vm_opcode_0x53_nonterminal_shape
0xDF,0x02,cfg_t03_l005_v1,81,183,CD:B8EA,CC:59D1,vm_opcode_0x55_restore_context_terminal
