region_id,source_config_id,x_min,x_max,y_min,y_max,region_shape,predicate_layer,predicate_semantics,predicate_addr,transition_id,destination_config_id,destination_x,destination_y,confidence,source_hotspot_id,evidence,provenance
region_hotspot_CC_0AF9,cfg_t01_l001_v1,52,52,233,233,point,vm,coordinate_equal,C4:9320,transition_CC_0AF9,cfg_t04_l006_v2,17,37,strong_candidate,hotspot_CC_0AF9,0x69@C4:9320 exact coordinate predicate X=52 Y=233; B3 zero-skip -> CC:0AF9; source metatile=19; world source-pack/config relation independently anchored by confirmed runtime transition,rom=F6A345E2F07F0CBC4EFF7D4FF06AE88A814A98FDF100C7BF7351168C73916A98;C4:9320;data/maps/transitions/map_transition_candidates.csv;viewer/data/layers/t01_l001.json;data/maps/transitions/world_pack4c_to_pack50_entry02_20260929.json
region_hotspot_CC_0B08,cfg_t01_l001_v1,54,55,237,237,rectangle,vm,inclusive_rectangle,C4:908D,transition_CC_0B08,cfg_t04_l008_v2,29,55,confirmed_runtime_and_static,hotspot_CC_0B08,"0x5D@C4:908D inclusive rect X=54..55 Y=237..237; B3 zero-skip -> CC:0B08; source metatiles=96/96; world source-pack/config relation independently anchored by confirmed runtime transition; runtime Down from (54,236) enters (54..55,237), switches 0x4C->0x50, and arrives at (29,55)",rom=F6A345E2F07F0CBC4EFF7D4FF06AE88A814A98FDF100C7BF7351168C73916A98;C4:908D;data/maps/transitions/map_transition_candidates.csv;viewer/data/layers/t01_l001.json;data/maps/transitions/world_pack4c_to_pack50_entry02_20260929.json
region_hotspot_CC_0B7F,cfg_t01_l001_v1,47,48,199,199,rectangle,vm,inclusive_rectangle,C4:908D,transition_CC_0B7F,cfg_t08_l092_v2,,,strong_candidate,hotspot_CC_0B7F,0x5D@C4:908D inclusive rect X=47..48 Y=199..199; B3 zero-skip -> CC:0B7F; source metatiles=146/147; world source-pack/config relation independently anchored by confirmed runtime transition,rom=F6A345E2F07F0CBC4EFF7D4FF06AE88A814A98FDF100C7BF7351168C73916A98;C4:908D;data/maps/transitions/map_transition_candidates.csv;viewer/data/layers/t01_l001.json;data/maps/transitions/world_pack4c_to_pack50_entry02_20260929.json
region_hotspot_CC_0B9D,cfg_t01_l001_v1,43,43,162,162,point,vm,coordinate_equal,C4:9320,transition_CC_0B9D,cfg_t04_l018_v2,24,40,strong_candidate,hotspot_CC_0B9D,0x69@C4:9320 exact coordinate predicate X=43 Y=162; B3 zero-skip -> CC:0B9D; source metatile=96; world source-pack/config relation independently anchored by confirmed runtime transition,rom=F6A345E2F07F0CBC4EFF7D4FF06AE88A814A98FDF100C7BF7351168C73916A98;C4:9320;data/maps/transitions/map_transition_candidates.csv;viewer/data/layers/t01_l001.json;data/maps/transitions/world_pack4c_to_pack50_entry02_20260929.json
region_hotspot_CC_0BAC,cfg_t01_l001_v1,31,32,147,147,rectangle,vm,inclusive_rectangle,C4:908D,transition_CC_0BAC,cfg_t39_l156_v1,24,78,strong_candidate,hotspot_CC_0BAC,0x5D@C4:908D inclusive rect X=31..32 Y=147..147; B3 zero-skip -> CC:0BAC; source metatiles=165/166; world source-pack/config relation independently anchored by confirmed runtime transition,rom=F6A345E2F07F0CBC4EFF7D4FF06AE88A814A98FDF100C7BF7351168C73916A98;C4:908D;data/maps/transitions/map_transition_candidates.csv;viewer/data/layers/t01_l001.json;data/maps/transitions/world_pack4c_to_pack50_entry02_20260929.json
region_hotspot_CC_0BBB,cfg_t01_l001_v1,31,32,142,142,rectangle,vm,inclusive_rectangle,C4:908D,transition_CC_0BBB,cfg_t39_l156_v1,100,70,strong_candidate,hotspot_CC_0BBB,0x5D@C4:908D inclusive rect X=31..32 Y=142..142; B3 zero-skip -> CC:0BBB; source metatiles=146/147; world source-pack/config relation independently anchored by confirmed runtime transition,rom=F6A345E2F07F0CBC4EFF7D4FF06AE88A814A98FDF100C7BF7351168C73916A98;C4:908D;data/maps/transitions/map_transition_candidates.csv;viewer/data/layers/t01_l001.json;data/maps/transitions/world_pack4c_to_pack50_entry02_20260929.json
region_hotspot_CC_0BCA,cfg_t01_l001_v1,59,60,155,155,rectangle,vm,inclusive_rectangle,C4:908D,transition_CC_0BCA,cfg_t04_l035_v2,37,56,strong_candidate,hotspot_CC_0BCA,0x5D@C4:908D inclusive rect X=59..60 Y=155..155; B3 zero-skip -> CC:0BCA; source metatiles=96/96; world source-pack/config relation independently anchored by confirmed runtime transition; bounds-disambiguated destination config=cfg_t04_l035_v2,rom=F6A345E2F07F0CBC4EFF7D4FF06AE88A814A98FDF100C7BF7351168C73916A98;C4:908D;data/maps/transitions/map_transition_candidates.csv;viewer/data/layers/t01_l001.json;data/maps/transitions/world_pack4c_to_pack50_entry02_20260929.json;data/maps/transitions/destination_config_bounds_resolution.csv
region_hotspot_CC_0BD7,cfg_t01_l001_v1,50,50,129,129,point,vm,coordinate_equal,C4:9320,transition_CC_0BD7,cfg_t09_l098_v2,,,strong_candidate,hotspot_CC_0BD7,0x69@C4:9320 exact coordinate predicate X=50 Y=129; B3 zero-skip -> CC:0BD7; source metatile=98; world source-pack/config relation independently anchored by confirmed runtime transition,rom=F6A345E2F07F0CBC4EFF7D4FF06AE88A814A98FDF100C7BF7351168C73916A98;C4:9320;data/maps/transitions/map_transition_candidates.csv;viewer/data/layers/t01_l001.json;data/maps/transitions/world_pack4c_to_pack50_entry02_20260929.json
region_hotspot_CC_0BE6,cfg_t01_l001_v1,51,52,122,122,rectangle,vm,inclusive_rectangle,C4:908D,transition_CC_0BE6,cfg_t09_l097_v2,183,29,strong_candidate,hotspot_CC_0BE6,0x5D@C4:908D inclusive rect X=51..52 Y=122..122; B3 zero-skip -> CC:0BE6; source metatiles=146/147; world source-pack/config relation independently anchored by confirmed runtime transition,rom=F6A345E2F07F0CBC4EFF7D4FF06AE88A814A98FDF100C7BF7351168C73916A98;C4:908D;data/maps/transitions/map_transition_candidates.csv;viewer/data/layers/t01_l001.json;data/maps/transitions/world_pack4c_to_pack50_entry02_20260929.json
region_hotspot_CC_0C17,cfg_t01_l001_v1,44,45,115,115,rectangle,vm,inclusive_rectangle,C4:908D,transition_CC_0C17,cfg_t06_l038_v2,36,72,strong_candidate,hotspot_CC_0C17,0x5D@C4:908D inclusive rect X=44..45 Y=115..115; B3 zero-skip -> CC:0C17; source metatiles=96/96; world source-pack/config relation independently anchored by confirmed runtime transition; bounds-disambiguated destination config=cfg_t06_l038_v2,rom=F6A345E2F07F0CBC4EFF7D4FF06AE88A814A98FDF100C7BF7351168C73916A98;C4:908D;data/maps/transitions/map_transition_candidates.csv;viewer/data/layers/t01_l001.json;data/maps/transitions/world_pack4c_to_pack50_entry02_20260929.json;data/maps/transitions/destination_config_bounds_resolution.csv
region_hotspot_CC_0C35,cfg_t01_l001_v1,94,94,131,131,point,vm,coordinate_equal,C4:9320,transition_CC_0C35,cfg_t04_l018_v2,24,40,strong_candidate,hotspot_CC_0C35,0x69@C4:9320 exact coordinate predicate X=94 Y=131; B3 zero-skip -> CC:0C35; source metatile=96; world source-pack/config relation independently anchored by confirmed runtime transition,rom=F6A345E2F07F0CBC4EFF7D4FF06AE88A814A98FDF100C7BF7351168C73916A98;C4:9320;data/maps/transitions/map_transition_candidates.csv;viewer/data/layers/t01_l001.json;data/maps/transitions/world_pack4c_to_pack50_entry02_20260929.json
region_hotspot_CC_0C55,cfg_t01_l001_v1,79,80,187,187,rectangle,vm,inclusive_rectangle,C4:908D,transition_CC_0C55,cfg_t06_l040_v2,41,72,strong_candidate,hotspot_CC_0C55,0x5D@C4:908D inclusive rect X=79..80 Y=187..187; B3 zero-skip -> CC:0C55; source metatiles=96/96; world source-pack/config relation independently anchored by confirmed runtime transition,rom=F6A345E2F07F0CBC4EFF7D4FF06AE88A814A98FDF100C7BF7351168C73916A98;C4:908D;data/maps/transitions/map_transition_candidates.csv;viewer/data/layers/t01_l001.json;data/maps/transitions/world_pack4c_to_pack50_entry02_20260929.json
region_hotspot_CC_0C75,cfg_t01_l001_v1,123,124,64,64,rectangle,vm,inclusive_rectangle,C4:908D,transition_CC_0C75,cfg_t24_l125_v2,,,strong_candidate,hotspot_CC_0C75,0x5D@C4:908D inclusive rect X=123..124 Y=64..64; B3 zero-skip -> CC:0C75; source metatiles=146/147; world source-pack/config relation independently anchored by confirmed runtime transition,rom=F6A345E2F07F0CBC4EFF7D4FF06AE88A814A98FDF100C7BF7351168C73916A98;C4:908D;data/maps/transitions/map_transition_candidates.csv;viewer/data/layers/t01_l001.json;data/maps/transitions/world_pack4c_to_pack50_entry02_20260929.json
region_hotspot_CC_0C84,cfg_t01_l001_v1,123,124,62,62,rectangle,vm,inclusive_rectangle,C4:908D,transition_CC_0C84,cfg_t23_l123_v1,,,strong_candidate,hotspot_CC_0C84,0x5D@C4:908D inclusive rect X=123..124 Y=62..62; B3 zero-skip -> CC:0C84; source metatiles=75/72; world source-pack/config relation independently anchored by confirmed runtime transition,rom=F6A345E2F07F0CBC4EFF7D4FF06AE88A814A98FDF100C7BF7351168C73916A98;C4:908D;data/maps/transitions/map_transition_candidates.csv;viewer/data/layers/t01_l001.json;data/maps/transitions/world_pack4c_to_pack50_entry02_20260929.json
region_hotspot_CC_0C91,cfg_t01_l001_v1,92,92,48,48,point,vm,coordinate_equal,C4:9320,transition_CC_0C91,cfg_t05_l041_v2,15,39,strong_candidate,hotspot_CC_0C91,0x69@C4:9320 exact coordinate predicate X=92 Y=48; B3 zero-skip -> CC:0C91; source metatile=97; world source-pack/config relation independently anchored by confirmed runtime transition,rom=F6A345E2F07F0CBC4EFF7D4FF06AE88A814A98FDF100C7BF7351168C73916A98;C4:9320;data/maps/transitions/map_transition_candidates.csv;viewer/data/layers/t01_l001.json;data/maps/transitions/world_pack4c_to_pack50_entry02_20260929.json
region_hotspot_CC_0CB2,cfg_t01_l001_v1,39,39,34,34,point,vm,coordinate_equal,C4:9320,transition_CC_0CB2,cfg_t26_l131_v1,184,23,strong_candidate,hotspot_CC_0CB2,0x69@C4:9320 exact coordinate predicate X=39 Y=34; B3 zero-skip -> CC:0CB2; source metatile=21; world source-pack/config relation independently anchored by confirmed runtime transition,rom=F6A345E2F07F0CBC4EFF7D4FF06AE88A814A98FDF100C7BF7351168C73916A98;C4:9320;data/maps/transitions/map_transition_candidates.csv;viewer/data/layers/t01_l001.json;data/maps/transitions/world_pack4c_to_pack50_entry02_20260929.json
region_hotspot_CC_0CCF,cfg_t01_l001_v1,140,141,33,33,rectangle,vm,inclusive_rectangle,C4:908D,transition_CC_0CCF,cfg_t05_l042_v2,24,72,strong_candidate,hotspot_CC_0CCF,0x5D@C4:908D inclusive rect X=140..141 Y=33..33; B3 zero-skip -> CC:0CCF; source metatiles=97/97; world source-pack/config relation independently anchored by confirmed runtime transition,rom=F6A345E2F07F0CBC4EFF7D4FF06AE88A814A98FDF100C7BF7351168C73916A98;C4:908D;data/maps/transitions/map_transition_candidates.csv;viewer/data/layers/t01_l001.json;data/maps/transitions/world_pack4c_to_pack50_entry02_20260929.json
region_hotspot_CC_0CF4,cfg_t01_l001_v1,142,143,34,34,rectangle,vm,inclusive_rectangle,C4:908D,transition_CC_0CF4,cfg_t59_l201_v2,15,8,strong_candidate,hotspot_CC_0CF4,0x5D@C4:908D inclusive rect X=142..143 Y=34..34; B3 zero-skip -> CC:0CF4; source metatiles=12/11; world source-pack/config relation independently anchored by confirmed runtime transition,rom=F6A345E2F07F0CBC4EFF7D4FF06AE88A814A98FDF100C7BF7351168C73916A98;C4:908D;data/maps/transitions/map_transition_candidates.csv;viewer/data/layers/t01_l001.json;data/maps/transitions/world_pack4c_to_pack50_entry02_20260929.json
region_hotspot_CC_0D03,cfg_t01_l001_v1,144,145,33,33,rectangle,vm,inclusive_rectangle,C4:908D,transition_CC_0D03,cfg_t05_l043_v2,58,55,strong_candidate,hotspot_CC_0D03,0x5D@C4:908D inclusive rect X=144..145 Y=33..33; B3 zero-skip -> CC:0D03; source metatiles=97/97; world source-pack/config relation independently anchored by confirmed runtime transition,rom=F6A345E2F07F0CBC4EFF7D4FF06AE88A814A98FDF100C7BF7351168C73916A98;C4:908D;data/maps/transitions/map_transition_candidates.csv;viewer/data/layers/t01_l001.json;data/maps/transitions/world_pack4c_to_pack50_entry02_20260929.json
region_hotspot_CC_0D12,cfg_t01_l001_v1,195,196,60,60,rectangle,vm,inclusive_rectangle,C4:908D,transition_CC_0D12,cfg_t04_l044_v2,58,55,strong_candidate,hotspot_CC_0D12,0x5D@C4:908D inclusive rect X=195..196 Y=60..60; B3 zero-skip -> CC:0D12; source metatiles=96/96; world source-pack/config relation independently anchored by confirmed runtime transition,rom=F6A345E2F07F0CBC4EFF7D4FF06AE88A814A98FDF100C7BF7351168C73916A98;C4:908D;data/maps/transitions/map_transition_candidates.csv;viewer/data/layers/t01_l001.json;data/maps/transitions/world_pack4c_to_pack50_entry02_20260929.json
region_hotspot_CC_0D1F,cfg_t01_l001_v1,215,215,72,72,point,vm,coordinate_equal,C4:9320,transition_CC_0D1F,cfg_t49_l176_v2,22,5,strong_candidate,hotspot_CC_0D1F,0x69@C4:9320 exact coordinate predicate X=215 Y=72; B3 zero-skip -> CC:0D1F; source metatile=98; world source-pack/config relation independently anchored by confirmed runtime transition,rom=F6A345E2F07F0CBC4EFF7D4FF06AE88A814A98FDF100C7BF7351168C73916A98;C4:9320;data/maps/transitions/map_transition_candidates.csv;viewer/data/layers/t01_l001.json;data/maps/transitions/world_pack4c_to_pack50_entry02_20260929.json
region_hotspot_CC_0D44,cfg_t01_l001_v1,209,209,49,49,point,vm,coordinate_equal,C4:9320,transition_CC_0D44,cfg_t56_l194_v1,30,56,strong_candidate,hotspot_CC_0D44,0x69@C4:9320 exact coordinate predicate X=209 Y=49; B3 zero-skip -> CC:0D44; source metatile=163; world source-pack/config relation independently anchored by confirmed runtime transition,rom=F6A345E2F07F0CBC4EFF7D4FF06AE88A814A98FDF100C7BF7351168C73916A98;C4:9320;data/maps/transitions/map_transition_candidates.csv;viewer/data/layers/t01_l001.json;data/maps/transitions/world_pack4c_to_pack50_entry02_20260929.json
region_hotspot_CC_0D51,cfg_t01_l001_v1,217,217,35,35,point,vm,coordinate_equal,C4:9320,transition_CC_0D51,cfg_t44_l167_v1,30,53,strong_candidate,hotspot_CC_0D51,0x69@C4:9320 exact coordinate predicate X=217 Y=35; B3 zero-skip -> CC:0D51; source metatile=162; world source-pack/config relation independently anchored by confirmed runtime transition,rom=F6A345E2F07F0CBC4EFF7D4FF06AE88A814A98FDF100C7BF7351168C73916A98;C4:9320;data/maps/transitions/map_transition_candidates.csv;viewer/data/layers/t01_l001.json;data/maps/transitions/world_pack4c_to_pack50_entry02_20260929.json
region_hotspot_CC_0D76,cfg_t01_l001_v1,199,199,38,38,point,vm,coordinate_equal,C4:9320,transition_CC_0D76,cfg_t43_l165_v2,23,9,strong_candidate,hotspot_CC_0D76,0x69@C4:9320 exact coordinate predicate X=199 Y=38; B3 zero-skip -> CC:0D76; source metatile=19; world source-pack/config relation independently anchored by confirmed runtime transition,rom=F6A345E2F07F0CBC4EFF7D4FF06AE88A814A98FDF100C7BF7351168C73916A98;C4:9320;data/maps/transitions/map_transition_candidates.csv;viewer/data/layers/t01_l001.json;data/maps/transitions/world_pack4c_to_pack50_entry02_20260929.json
region_hotspot_CC_0D9C,cfg_t01_l001_v1,231,231,31,31,point,vm,coordinate_equal,C4:9320,transition_CC_0D9C,cfg_t05_l020_v2,24,40,strong_candidate,hotspot_CC_0D9C,0x69@C4:9320 exact coordinate predicate X=231 Y=31; B3 zero-skip -> CC:0D9C; source metatile=97; world source-pack/config relation independently anchored by confirmed runtime transition,rom=F6A345E2F07F0CBC4EFF7D4FF06AE88A814A98FDF100C7BF7351168C73916A98;C4:9320;data/maps/transitions/map_transition_candidates.csv;viewer/data/layers/t01_l001.json;data/maps/transitions/world_pack4c_to_pack50_entry02_20260929.json
region_hotspot_CC_0DAB,cfg_t01_l001_v1,237,238,37,37,rectangle,vm,inclusive_rectangle,C4:908D,transition_CC_0DAB,cfg_t34_l148_v1,7,30,strong_candidate,hotspot_CC_0DAB,0x5D@C4:908D inclusive rect X=237..238 Y=37..37; B3 zero-skip -> CC:0DAB; source metatiles=146/147; world source-pack/config relation independently anchored by confirmed runtime transition,rom=F6A345E2F07F0CBC4EFF7D4FF06AE88A814A98FDF100C7BF7351168C73916A98;C4:908D;data/maps/transitions/map_transition_candidates.csv;viewer/data/layers/t01_l001.json;data/maps/transitions/world_pack4c_to_pack50_entry02_20260929.json
region_hotspot_CC_0DB8,cfg_t01_l001_v1,230,230,70,70,point,vm,coordinate_equal,C4:9320,transition_CC_0DB8,cfg_t11_l101_v2,,,strong_candidate,hotspot_CC_0DB8,0x69@C4:9320 exact coordinate predicate X=230 Y=70; B3 zero-skip -> CC:0DB8; source metatile=98; world source-pack/config relation independently anchored by confirmed runtime transition,rom=F6A345E2F07F0CBC4EFF7D4FF06AE88A814A98FDF100C7BF7351168C73916A98;C4:9320;data/maps/transitions/map_transition_candidates.csv;viewer/data/layers/t01_l001.json;data/maps/transitions/world_pack4c_to_pack50_entry02_20260929.json
region_hotspot_CC_0DC5,cfg_t01_l001_v1,233,233,73,73,point,vm,coordinate_equal,C4:9320,transition_CC_0DC5,cfg_t11_l101_v2,61,38,strong_candidate,hotspot_CC_0DC5,0x69@C4:9320 exact coordinate predicate X=233 Y=73; B3 zero-skip -> CC:0DC5; source metatile=98; world source-pack/config relation independently anchored by confirmed runtime transition,rom=F6A345E2F07F0CBC4EFF7D4FF06AE88A814A98FDF100C7BF7351168C73916A98;C4:9320;data/maps/transitions/map_transition_candidates.csv;viewer/data/layers/t01_l001.json;data/maps/transitions/world_pack4c_to_pack50_entry02_20260929.json
region_hotspot_CC_0DE3,cfg_t01_l001_v1,209,209,119,119,point,vm,coordinate_equal,C4:9320,transition_CC_0DE3,cfg_t04_l018_v2,24,40,strong_candidate,hotspot_CC_0DE3,0x69@C4:9320 exact coordinate predicate X=209 Y=119; B3 zero-skip -> CC:0DE3; source metatile=96; world source-pack/config relation independently anchored by confirmed runtime transition,rom=F6A345E2F07F0CBC4EFF7D4FF06AE88A814A98FDF100C7BF7351168C73916A98;C4:9320;data/maps/transitions/map_transition_candidates.csv;viewer/data/layers/t01_l001.json;data/maps/transitions/world_pack4c_to_pack50_entry02_20260929.json
region_hotspot_CC_0DF8,cfg_t01_l001_v1,156,156,144,144,point,vm,coordinate_equal,C4:9320,transition_CC_0DF8,cfg_t28_l136_v2,9,43,strong_candidate,hotspot_CC_0DF8,0x69@C4:9320 exact coordinate predicate X=156 Y=144; B3 zero-skip -> CC:0DF8; source metatile=106; world source-pack/config relation independently anchored by confirmed runtime transition,rom=F6A345E2F07F0CBC4EFF7D4FF06AE88A814A98FDF100C7BF7351168C73916A98;C4:9320;data/maps/transitions/map_transition_candidates.csv;viewer/data/layers/t01_l001.json;data/maps/transitions/world_pack4c_to_pack50_entry02_20260929.json
region_hotspot_CC_0E0D,cfg_t01_l001_v1,192,193,176,176,rectangle,vm,inclusive_rectangle,C4:908D,transition_CC_0E0D,cfg_t04_l058_v2,37,15,strong_candidate,hotspot_CC_0E0D,0x5D@C4:908D inclusive rect X=192..193 Y=176..176; B3 zero-skip -> CC:0E0D; source metatiles=96/96; world source-pack/config relation independently anchored by confirmed runtime transition; bounds-disambiguated destination config=cfg_t04_l058_v2,rom=F6A345E2F07F0CBC4EFF7D4FF06AE88A814A98FDF100C7BF7351168C73916A98;C4:908D;data/maps/transitions/map_transition_candidates.csv;viewer/data/layers/t01_l001.json;data/maps/transitions/world_pack4c_to_pack50_entry02_20260929.json;data/maps/transitions/destination_config_bounds_resolution.csv
region_hotspot_CC_0E57,cfg_t01_l001_v1,206,206,182,182,point,vm,coordinate_equal,C4:9320,transition_CC_0E57,cfg_t29_l138_v2,224,40,strong_candidate,hotspot_CC_0E57,0x69@C4:9320 exact coordinate predicate X=206 Y=182; B3 zero-skip -> CC:0E57; source metatile=71; world source-pack/config relation independently anchored by confirmed runtime transition,rom=F6A345E2F07F0CBC4EFF7D4FF06AE88A814A98FDF100C7BF7351168C73916A98;C4:9320;data/maps/transitions/map_transition_candidates.csv;viewer/data/layers/t01_l001.json;data/maps/transitions/world_pack4c_to_pack50_entry02_20260929.json
region_hotspot_CC_0E70,cfg_t01_l001_v1,205,206,184,184,rectangle,vm,inclusive_rectangle,C4:908D,transition_CC_0E70,cfg_t30_l140_v2,,,strong_candidate,hotspot_CC_0E70,0x5D@C4:908D inclusive rect X=205..206 Y=184..184; B3 zero-skip -> CC:0E70; source metatiles=146/147; world source-pack/config relation independently anchored by confirmed runtime transition,rom=F6A345E2F07F0CBC4EFF7D4FF06AE88A814A98FDF100C7BF7351168C73916A98;C4:908D;data/maps/transitions/map_transition_candidates.csv;viewer/data/layers/t01_l001.json;data/maps/transitions/world_pack4c_to_pack50_entry02_20260929.json
region_hotspot_CC_0E88,cfg_t01_l001_v1,175,176,189,189,rectangle,vm,inclusive_rectangle,C4:908D,transition_CC_0E88,cfg_t04_l059_v2,40,59,strong_candidate,hotspot_CC_0E88,0x5D@C4:908D inclusive rect X=175..176 Y=189..189; B3 zero-skip -> CC:0E88; source metatiles=96/96; world source-pack/config relation independently anchored by confirmed runtime transition,rom=F6A345E2F07F0CBC4EFF7D4FF06AE88A814A98FDF100C7BF7351168C73916A98;C4:908D;data/maps/transitions/map_transition_candidates.csv;viewer/data/layers/t01_l001.json;data/maps/transitions/world_pack4c_to_pack50_entry02_20260929.json
region_hotspot_CC_0F1D,cfg_t01_l001_v1,199,199,225,225,point,vm,coordinate_equal,C4:9320,transition_CC_0F1D,cfg_t04_l062_v2,31,48,strong_candidate,hotspot_CC_0F1D,0x69@C4:9320 exact coordinate predicate X=199 Y=225; B3 zero-skip -> CC:0F1D; source metatile=162; world source-pack/config relation independently anchored by confirmed runtime transition,rom=F6A345E2F07F0CBC4EFF7D4FF06AE88A814A98FDF100C7BF7351168C73916A98;C4:9320;data/maps/transitions/map_transition_candidates.csv;viewer/data/layers/t01_l001.json;data/maps/transitions/world_pack4c_to_pack50_entry02_20260929.json
region_hotspot_CC_0F3B,cfg_t01_l001_v1,160,160,186,186,point,vm,coordinate_equal,C4:9320,transition_CC_0F3B,cfg_t47_l172_v2,,,strong_candidate,hotspot_CC_0F3B,0x69@C4:9320 exact coordinate predicate X=160 Y=186; B3 zero-skip -> CC:0F3B; source metatile=98; world source-pack/config relation independently anchored by confirmed runtime transition,rom=F6A345E2F07F0CBC4EFF7D4FF06AE88A814A98FDF100C7BF7351168C73916A98;C4:9320;data/maps/transitions/map_transition_candidates.csv;viewer/data/layers/t01_l001.json;data/maps/transitions/world_pack4c_to_pack50_entry02_20260929.json
region_hotspot_CC_0F48,cfg_t01_l001_v1,174,174,172,172,point,vm,coordinate_equal,C4:9320,transition_CC_0F48,cfg_t04_l018_v2,24,40,strong_candidate,hotspot_CC_0F48,0x69@C4:9320 exact coordinate predicate X=174 Y=172; B3 zero-skip -> CC:0F48; source metatile=96; world source-pack/config relation independently anchored by confirmed runtime transition,rom=F6A345E2F07F0CBC4EFF7D4FF06AE88A814A98FDF100C7BF7351168C73916A98;C4:9320;data/maps/transitions/map_transition_candidates.csv;viewer/data/layers/t01_l001.json;data/maps/transitions/world_pack4c_to_pack50_entry02_20260929.json
region_hotspot_CC_0F55,cfg_t01_l001_v1,144,144,184,184,point,vm,coordinate_equal,C4:9320,transition_CC_0F55,cfg_t06_l021_v2,24,40,strong_candidate,hotspot_CC_0F55,0x69@C4:9320 exact coordinate predicate X=144 Y=184; B3 zero-skip -> CC:0F55; source metatile=96; world source-pack/config relation independently anchored by confirmed runtime transition,rom=F6A345E2F07F0CBC4EFF7D4FF06AE88A814A98FDF100C7BF7351168C73916A98;C4:9320;data/maps/transitions/map_transition_candidates.csv;viewer/data/layers/t01_l001.json;data/maps/transitions/world_pack4c_to_pack50_entry02_20260929.json
region_hotspot_CC_0F64,cfg_t01_l001_v1,127,128,195,195,rectangle,vm,inclusive_rectangle,C4:908D,transition_CC_0F64,cfg_t04_l070_v2,33,55,strong_candidate,hotspot_CC_0F64,0x5D@C4:908D inclusive rect X=127..128 Y=195..195; B3 zero-skip -> CC:0F64; source metatiles=96/96; world source-pack/config relation independently anchored by confirmed runtime transition,rom=F6A345E2F07F0CBC4EFF7D4FF06AE88A814A98FDF100C7BF7351168C73916A98;C4:908D;data/maps/transitions/map_transition_candidates.csv;viewer/data/layers/t01_l001.json;data/maps/transitions/world_pack4c_to_pack50_entry02_20260929.json
region_hotspot_CC_0F71,cfg_t01_l001_v1,116,116,178,178,point,vm,coordinate_equal,C4:9320,transition_CC_0F71,cfg_t32_l144_v1,215,40,strong_candidate,hotspot_CC_0F71,0x69@C4:9320 exact coordinate predicate X=116 Y=178; B3 zero-skip -> CC:0F71; source metatile=71; world source-pack/config relation independently anchored by confirmed runtime transition; arrival (215,40) independently resolved by cfg-reachable opcode-0x57 route CD:B6A1 with context_0306=0xBC and destination_entrance=0x02,rom=F6A345E2F07F0CBC4EFF7D4FF06AE88A814A98FDF100C7BF7351168C73916A98;C4:9320;data/maps/transitions/map_transition_candidates.csv;viewer/data/layers/t01_l001.json;data/maps/transitions/world_pack4c_to_pack50_entry02_20260929.json
region_hotspot_CC_0F7E,cfg_t01_l001_v1,241,241,244,244,point,vm,coordinate_equal,C4:9320,transition_CC_0F7E,cfg_t04_l081_v2,23,39,strong_candidate,hotspot_CC_0F7E,0x69@C4:9320 exact coordinate predicate X=241 Y=244; B3 zero-skip -> CC:0F7E; source metatile=162; world source-pack/config relation independently anchored by confirmed runtime transition,rom=F6A345E2F07F0CBC4EFF7D4FF06AE88A814A98FDF100C7BF7351168C73916A98;C4:9320;data/maps/transitions/map_transition_candidates.csv;viewer/data/layers/t01_l001.json;data/maps/transitions/world_pack4c_to_pack50_entry02_20260929.json
region_hotspot_CC_0F9C,cfg_t01_l001_v1,160,160,4,4,point,vm,coordinate_equal,C4:9320,transition_CC_0F9C,cfg_t04_l060_v1,31,69,strong_candidate,hotspot_CC_0F9C,0x69@C4:9320 exact coordinate predicate X=160 Y=4; B3 zero-skip -> CC:0F9C; source metatile=96; world source-pack/config relation independently anchored by confirmed runtime transition,rom=F6A345E2F07F0CBC4EFF7D4FF06AE88A814A98FDF100C7BF7351168C73916A98;C4:9320;data/maps/transitions/map_transition_candidates.csv;viewer/data/layers/t01_l001.json;data/maps/transitions/world_pack4c_to_pack50_entry02_20260929.json
region_hotspot_CC_0FA9,cfg_t01_l001_v1,123,123,119,119,point,vm,coordinate_equal,C4:9320,transition_CC_0FA9,cfg_t36_l150_v2,,,strong_candidate,hotspot_CC_0FA9,0x69@C4:9320 exact coordinate predicate X=123 Y=119; B3 zero-skip -> CC:0FA9; source metatile=98; world source-pack/config relation independently anchored by confirmed runtime transition,rom=F6A345E2F07F0CBC4EFF7D4FF06AE88A814A98FDF100C7BF7351168C73916A98;C4:9320;data/maps/transitions/map_transition_candidates.csv;viewer/data/layers/t01_l001.json;data/maps/transitions/world_pack4c_to_pack50_entry02_20260929.json
region_hotspot_CC_0FB6,cfg_t01_l001_v1,74,74,141,141,point,vm,coordinate_equal,C4:9320,transition_CC_0FB6,cfg_t25_l129_v2,,,strong_candidate,hotspot_CC_0FB6,0x69@C4:9320 exact coordinate predicate X=74 Y=141; B3 zero-skip -> CC:0FB6; source metatile=98; world source-pack/config relation independently anchored by confirmed runtime transition,rom=F6A345E2F07F0CBC4EFF7D4FF06AE88A814A98FDF100C7BF7351168C73916A98;C4:9320;data/maps/transitions/map_transition_candidates.csv;viewer/data/layers/t01_l001.json;data/maps/transitions/world_pack4c_to_pack50_entry02_20260929.json
region_hotspot_CC_0FD3,cfg_t01_l001_v1,25,25,98,98,point,vm,coordinate_equal,C4:9320,transition_CC_0FD3,cfg_t04_l028_v2,16,24,strong_candidate,hotspot_CC_0FD3,0x69@C4:9320 exact coordinate predicate X=25 Y=98; B3 zero-skip -> CC:0FD3; source metatile=96; world source-pack/config relation independently anchored by confirmed runtime transition,rom=F6A345E2F07F0CBC4EFF7D4FF06AE88A814A98FDF100C7BF7351168C73916A98;C4:9320;data/maps/transitions/map_transition_candidates.csv;viewer/data/layers/t01_l001.json;data/maps/transitions/world_pack4c_to_pack50_entry02_20260929.json
region_hotspot_CC_1160,cfg_t01_l001_v1,238,238,173,173,point,vm,coordinate_equal,C4:9320,transition_CC_1160,,22,28,strong_candidate,hotspot_CC_1160,0x69@C4:9320 exact coordinate predicate X=238 Y=173; B3 zero-skip -> CC:1160; source metatile=180; world source-pack/config relation independently anchored by confirmed runtime transition,rom=F6A345E2F07F0CBC4EFF7D4FF06AE88A814A98FDF100C7BF7351168C73916A98;C4:9320;data/maps/transitions/map_transition_candidates.csv;viewer/data/layers/t01_l001.json;data/maps/transitions/world_pack4c_to_pack50_entry02_20260929.json
region_hotspot_native_tabidachi_south_exit_x28_y55,cfg_t04_l008_v2,28,28,55,55,point,native_boundary,out_of_bounds_saved_state_restore,C1:8955,runtime_restore_cfg_t04_l008_v2_to_cfg_t01_l001_v1,cfg_t01_l001_v1,54,237,confirmed_runtime_and_static,hotspot_native_tabidachi_south_exit_x28_y55,"Runtime Remote Lab reproduction: at frame 16065 current=(28,55) with native bounds X=9..70,Y=8..55; Down reaches (28,56) at frame 16070, crossing maxY. Static C1:8943 copies current $1573/$157D to $030B/$030D, 81:81DD reports out-of-bounds against $15CA..$15CD, C1:8955 calls 81:895A, then C1:97BC/81:8244 restores saved map state. Within the next 8 neutral frames $0305 changes 0x50->0x4C and current coordinate becomes (54,237).",data/maps/transitions/tabidachi_south_boundary_to_world_20260930.json;data/maps/transitions/tabidachi_village_to_world_pack4c_restore_20260929.json;C1:8943;81:81DD;C1:8955;81:895A;C1:97BC;81:8244;C1:8255
region_hotspot_CC_1C7F,cfg_t04_l008_v2,51,51,46,46,point,vm,coordinate_equal,C4:9320,transition_CC_1C7F,cfg_t07_l009_v2,6,10,strong_candidate,hotspot_CC_1C7F,0x69@C4:9320 exact coordinate predicate X=51 Y=46; B3 zero-skip -> CC:1C7F; source metatile=112; tabidachi source-pack/config relation independently anchored by confirmed runtime transition,rom=F6A345E2F07F0CBC4EFF7D4FF06AE88A814A98FDF100C7BF7351168C73916A98;C4:9320;data/maps/transitions/map_transition_candidates.csv;viewer/data/layers/t04_l008.json;data/maps/transitions/tabidachi_village_to_world_pack4c_restore_20260929.json
region_hotspot_CC_1C8C,cfg_t04_l008_v2,46,46,32,32,point,vm,coordinate_equal,C4:9320,transition_CC_1C8C,cfg_t07_l010_v2,6,10,strong_candidate,hotspot_CC_1C8C,0x69@C4:9320 exact coordinate predicate X=46 Y=32; B3 zero-skip -> CC:1C8C; source metatile=112; tabidachi source-pack/config relation independently anchored by confirmed runtime transition,rom=F6A345E2F07F0CBC4EFF7D4FF06AE88A814A98FDF100C7BF7351168C73916A98;C4:9320;data/maps/transitions/map_transition_candidates.csv;viewer/data/layers/t04_l008.json;data/maps/transitions/tabidachi_village_to_world_pack4c_restore_20260929.json
region_hotspot_CC_1C99,cfg_t04_l008_v2,41,41,47,47,point,vm,coordinate_equal,C4:9320,transition_CC_1C99,cfg_t07_l014_v2,5,10,strong_candidate,hotspot_CC_1C99,0x69@C4:9320 exact coordinate predicate X=41 Y=47; B3 zero-skip -> CC:1C99; source metatile=112; tabidachi source-pack/config relation independently anchored by confirmed runtime transition,rom=F6A345E2F07F0CBC4EFF7D4FF06AE88A814A98FDF100C7BF7351168C73916A98;C4:9320;data/maps/transitions/map_transition_candidates.csv;viewer/data/layers/t04_l008.json;data/maps/transitions/tabidachi_village_to_world_pack4c_restore_20260929.json
region_hotspot_CC_1CA6,cfg_t04_l008_v2,34,34,44,44,point,vm,coordinate_equal,C4:9320,transition_CC_1CA6,cfg_t07_l016_v2,3,14,strong_candidate,hotspot_CC_1CA6,0x69@C4:9320 exact coordinate predicate X=34 Y=44; B3 zero-skip -> CC:1CA6; source metatile=112; tabidachi source-pack/config relation independently anchored by confirmed runtime transition,rom=F6A345E2F07F0CBC4EFF7D4FF06AE88A814A98FDF100C7BF7351168C73916A98;C4:9320;data/maps/transitions/map_transition_candidates.csv;viewer/data/layers/t04_l008.json;data/maps/transitions/tabidachi_village_to_world_pack4c_restore_20260929.json
region_hotspot_CC_1CB3,cfg_t04_l008_v2,41,41,39,39,point,vm,coordinate_equal,C4:9320,transition_CC_1CB3,cfg_t07_l012_v2,5,10,strong_candidate,hotspot_CC_1CB3,0x69@C4:9320 exact coordinate predicate X=41 Y=39; B3 zero-skip -> CC:1CB3; source metatile=112; tabidachi source-pack/config relation independently anchored by confirmed runtime transition,rom=F6A345E2F07F0CBC4EFF7D4FF06AE88A814A98FDF100C7BF7351168C73916A98;C4:9320;data/maps/transitions/map_transition_candidates.csv;viewer/data/layers/t04_l008.json;data/maps/transitions/tabidachi_village_to_world_pack4c_restore_20260929.json
region_hotspot_CC_1CC0,cfg_t04_l008_v2,34,34,35,35,point,vm,coordinate_equal,C4:9320,transition_CC_1CC0,cfg_t07_l011_v2,6,10,strong_candidate,hotspot_CC_1CC0,0x69@C4:9320 exact coordinate predicate X=34 Y=35; B3 zero-skip -> CC:1CC0; source metatile=112; tabidachi source-pack/config relation independently anchored by confirmed runtime transition; bounds-disambiguated destination config=cfg_t07_l011_v2,rom=F6A345E2F07F0CBC4EFF7D4FF06AE88A814A98FDF100C7BF7351168C73916A98;C4:9320;data/maps/transitions/map_transition_candidates.csv;viewer/data/layers/t04_l008.json;data/maps/transitions/tabidachi_village_to_world_pack4c_restore_20260929.json;data/maps/transitions/destination_config_bounds_resolution.csv
region_hotspot_CC_1CCD,cfg_t04_l008_v2,51,51,40,40,point,vm,coordinate_equal,C4:9320,transition_CC_1CCD,cfg_t07_l013_v2,6,10,strong_candidate,hotspot_CC_1CCD,0x69@C4:9320 exact coordinate predicate X=51 Y=40; B3 zero-skip -> CC:1CCD; source metatile=112; tabidachi source-pack/config relation independently anchored by confirmed runtime transition,rom=F6A345E2F07F0CBC4EFF7D4FF06AE88A814A98FDF100C7BF7351168C73916A98;C4:9320;data/maps/transitions/map_transition_candidates.csv;viewer/data/layers/t04_l008.json;data/maps/transitions/tabidachi_village_to_world_pack4c_restore_20260929.json
region_hotspot_CC_1CDA,cfg_t04_l008_v2,29,29,17,17,point,vm,coordinate_equal,C4:9320,transition_CC_1CDA,cfg_t07_l015_v2,9,12,strong_candidate,hotspot_CC_1CDA,0x69@C4:9320 exact coordinate predicate X=29 Y=17; B3 zero-skip -> CC:1CDA; source metatile=155; tabidachi source-pack/config relation independently anchored by confirmed runtime transition,rom=F6A345E2F07F0CBC4EFF7D4FF06AE88A814A98FDF100C7BF7351168C73916A98;C4:9320;data/maps/transitions/map_transition_candidates.csv;viewer/data/layers/t04_l008.json;data/maps/transitions/tabidachi_village_to_world_pack4c_restore_20260929.json
region_hotspot_CC_1CE7,cfg_t04_l008_v2,56,56,46,46,point,vm,coordinate_equal,C4:9320,transition_CC_1CE7,cfg_t07_l047_v2,6,10,strong_candidate,hotspot_CC_1CE7,0x69@C4:9320 exact coordinate predicate X=56 Y=46; B3 zero-skip -> CC:1CE7; source metatile=22; tabidachi source-pack/config relation independently anchored by confirmed runtime transition,rom=F6A345E2F07F0CBC4EFF7D4FF06AE88A814A98FDF100C7BF7351168C73916A98;C4:9320;data/maps/transitions/map_transition_candidates.csv;viewer/data/layers/t04_l008.json;data/maps/transitions/tabidachi_village_to_world_pack4c_restore_20260929.json
region_hotspot_native_pack2e_south_exit_candidate,cfg_t07_l015_v2,8,10,12,12,corridor,native_boundary,out_of_bounds_saved_state_restore,C1:8955,runtime_restore_cfg_t07_l015_v2_to_cfg_t04_l008_v2,cfg_t04_l008_v2,29,17,strong_candidate,hotspot_native_pack2e_south_exit_candidate,"opcode 0x52 at CB:DE74 proves native bounds X=0..19,Y=0..12; decoded layer t07/l015 has a central floor opening x=8..10 at y=12; the forward CC:1CDA transition arrives at center (9,12); runtime evidence independently confirms walking south through the central exit returns pack 0x2E->0x50. Exact runtime pre-exit X and collision passability of all three cells were not captured.",data/maps/transitions/pack2e_south_boundary_to_tabidachi_20260930.json;data/maps/transitions/map_native_bounds_catalog.csv;viewer/data/layers/t07_l015.json;data/maps/transitions/stable_interior_to_pack50_shrine_exterior_20260928.json;data/maps/transitions/source_saved_return_origins.csv;C4:8B16;C1:8943;81:81DD;C1:8955;81:895A;81:8244
