selector,chr_resource,chr_window_index,base_state,sprite_group_raw,sprite_group,palette_resource,raw,graphics_context,source_tile_start,tile_count,decoded_size,first_frame,frames_sample,duplicate_of,status
1,1,1,1,2,2,1,01 01 01 02 01,5,0,18,1984,1,"1,2,3,4,5,6,7,8",,static_rom_reconstructable
2,2,7,14,2,2,1,02 07 0e 02 01,5,0,16,1408,31,"31,32,22,33,6,5,34,35",,static_rom_reconstructable
3,4,10,24,2,2,1,04 0a 18 02 01,5,0,16,1536,31,"31,32,22,33,6,5,34,35",,static_rom_reconstructable
4,6,16,37,2,2,1,06 10 25 02 01,5,0,16,1536,31,"31,32,22,33,6,5,34,35",,static_rom_reconstructable
5,9,23,61,2,2,1,09 17 3d 02 01,5,0,16,1600,31,"31,32,22,33,6,5,34,35",,static_rom_reconstructable
6,11,27,79,2,2,1,0b 1b 4f 02 01,5,0,16,1408,31,"31,32,22,33,6,5,34,35",,static_rom_reconstructable
7,11,29,88,2,2,1,0b 1d 58 02 01,5,0,16,1408,94,"94,95,96,97,98,99,100,101",,static_rom_reconstructable
8,24,54,207,2,2,1,18 36 cf 02 01,5,0,18,1472,221,"221,222,223,224,225,226,227,228",,static_rom_reconstructable
9,10,25,70,2,2,1,0a 19 46 02 01,5,0,22,1792,78,"78,79,80,81,82,83,84,85",,static_rom_reconstructable
10,20,47,172,2,2,1,14 2f ac 02 01,5,0,17,1408,197,"197,198,199,182,200,184,201,202",,static_rom_reconstructable
11,12,31,97,2,2,1,0c 1f 61 02 01,5,0,16,960,110,"110,111,112,113,114,115,116,117",,static_rom_reconstructable
12,14,34,114,2,2,1,0e 22 72 02 01,5,0,56,1856,31,"31,32,22,33,6,5,34,35",,static_rom_reconstructable
13,8,21,52,2,2,1,08 15 34 02 01,5,0,16,1280,32,"32,31,22,33,5,6,34,35",,static_rom_reconstructable
14,18,43,154,2,2,1,12 2b 9a 02 01,5,0,16,1408,31,"31,32,22,33,6,5,34,35",,static_rom_reconstructable
15,16,39,136,2,2,1,10 27 88 02 01,5,0,17,1280,149,"149,150,151,152,153,154,155,156",,static_rom_reconstructable
16,15,37,127,2,2,1,0f 25 7f 02 01,5,0,16,1408,31,"31,32,22,33,6,5,34,35",,static_rom_reconstructable
17,17,41,145,2,2,1,11 29 91 02 01,5,0,16,1472,35,"35,32,6,31,34,5,22,33",,static_rom_reconstructable
18,19,45,163,2,2,1,13 2d a3 02 01,5,0,16,1472,32,"32,31,32,181,182,22,33,22",,static_rom_reconstructable
19,22,51,190,2,2,1,16 33 be 02 01,5,0,16,960,31,"31,32,22,33,6,5,34,35",,static_rom_reconstructable
20,21,49,181,2,2,1,15 31 b5 02 01,5,0,16,1664,31,"31,32,22,33,6,5,34,35",,static_rom_reconstructable
21,29,1,1,3,3,1,1d 01 01 03 01,5,0,16,4096,1,"1,2,3,4,5,6,7,8",,static_rom_reconstructable
22,35,41,166,3,3,1,23 29 a6 03 01,5,64,63,4096,145,"145,146,147,148,149,150,151,152",,static_rom_reconstructable
23,25,10,25,5,5,1,19 0a 19 05 01,5,0,16,832,52,"52,53,54,55,56,57,58,59",,static_rom_reconstructable
24,26,15,40,5,5,1,1a 0f 28 05 01,5,0,16,768,83,"83,84,83,84,83,84,83,84",,static_rom_reconstructable
25,27,17,49,5,5,1,1b 11 31 05 01,5,0,24,768,96,"96,97,96,97,98,99,85,99",,static_rom_reconstructable
26,23,53,199,2,2,1,17 35 c7 02 01,5,0,12,384,98,"98,100,98,99,94,101,94,95",,static_rom_reconstructable
27,17,41,145,2,2,1,11 29 91 02 01,5,0,16,1472,35,"35,32,6,31,34,5,22,33",0x11,static_rom_reconstructable
28,31,22,85,3,3,1,1f 16 55 03 01,5,96,16,4096,97,"97,98,99,100,101,102,103,104",,static_rom_reconstructable
29,31,21,81,3,3,1,1f 15 51 03 01,5,80,16,4096,72,"72,73,74,75,76,77,78,79",,static_rom_reconstructable
30,32,59,240,3,3,1,20 3b f0 03 01,5,64,32,4352,190,"190,191,192,193,194,195,196,197",,static_rom_reconstructable
31,36,47,190,3,3,1,24 2f be 03 01,5,64,51,3712,169,"169,170,171,172,173,174,175,176",,static_rom_reconstructable
32,37,49,202,3,3,2,25 31 ca 03 02,5,0,36,1152,178,"178,179,180,181,59,182,59,182",,static_rom_reconstructable
33,34,35,138,3,3,1,22 23 8a 03 01,5,64,68,4224,49,"49,50,55,56,53,54,127,128",,static_rom_reconstructable
34,35,41,166,3,3,1,23 29 a6 03 01,5,64,63,4096,145,"145,146,147,148,149,150,151,152",0x16,static_rom_reconstructable
35,29,7,25,3,3,1,1d 07 19 03 01,5,112,16,4096,49,"49,50,51,52,53,54,55,56",,static_rom_reconstructable
36,29,56,216,2,2,1,1d 38 d8 02 01,5,96,16,4096,237,"237,238,239,240,241,242,243,244",,static_rom_reconstructable
37,33,27,105,3,3,1,21 1b 69 03 01,5,56,8,4032,119,"119,71,70,71,29,30,29,30",,static_rom_reconstructable
38,33,33,129,3,3,1,21 21 81 03 01,5,120,6,4032,126,"126,126,126,126,126,126,126,126",,static_rom_reconstructable
39,29,4,13,3,3,1,1d 04 0d 03 01,5,48,16,4096,25,"25,26,27,28,29,30,31,32",,static_rom_reconstructable
40,30,9,33,3,3,1,1e 09 21 03 01,5,16,16,4096,63,"63,64,65,66,67,14,68,69",,static_rom_reconstructable
41,44,22,69,7,7,1,2c 16 45 07 01,5,32,36,3328,151,"151,152,153,154,155,156,157,158",,static_rom_reconstructable
42,32,50,204,3,3,1,20 32 cc 03 01,5,0,4,4352,59,"59,182,59,182,59,182,59,182",,static_rom_reconstructable
43,29,1,1,3,3,1,1d 01 01 03 01,5,0,16,4096,1,"1,2,3,4,5,6,7,8",0x15,static_rom_reconstructable
44,30,13,49,3,3,1,1e 0d 31 03 01,5,80,16,4096,72,"72,73,74,75,76,77,78,79",,static_rom_reconstructable
45,53,57,223,2,2,10,35 39 df 02 0a,5,0,36,1152,98,"98,98,98,98",,static_rom_reconstructable
46,31,20,77,3,3,1,1f 14 4d 03 01,5,64,16,4096,33,"33,34,35,36,37,38,39,40",,static_rom_reconstructable
47,31,22,85,3,3,1,1f 16 55 03 01,5,96,16,4096,97,"97,98,99,100,101,102,103,104",0x1C,static_rom_reconstructable
48,31,21,81,3,3,1,1f 15 51 03 01,5,80,16,4096,72,"72,73,74,75,76,77,78,79",0x1D,static_rom_reconstructable
49,29,1,1,3,3,1,1d 01 01 03 01,5,0,16,4096,1,"1,2,3,4,5,6,7,8",0x15,static_rom_reconstructable
50,32,51,208,3,3,1,20 33 d0 03 01,5,4,4,4352,61,"61,183,61,183,61,183,61,183",,static_rom_reconstructable
51,31,18,69,3,3,1,1f 12 45 03 01,5,32,16,4096,17,"17,18,19,20,21,22,23,24",,static_rom_reconstructable
52,29,1,1,3,3,1,1d 01 01 03 01,5,0,16,4096,1,"1,2,3,4,5,6,7,8",0x15,static_rom_reconstructable
53,31,19,73,3,3,1,1f 13 49 03 01,5,48,16,4096,70,"70,71,27,28,29,30,31,32",,static_rom_reconstructable
54,29,1,1,3,3,1,1d 01 01 03 01,5,0,16,4096,1,"1,2,3,4,5,6,7,8",0x15,static_rom_reconstructable
55,41,26,80,7,7,6,29 1a 50 07 06,5,48,8,1984,208,"208,208,208,208",,static_rom_reconstructable
56,31,23,89,3,3,1,1f 17 59 03 01,5,112,16,4096,105,"105,106,107,108,109,54,55,56",,static_rom_reconstructable
57,33,24,93,3,3,1,21 18 5d 03 01,5,8,24,4032,110,"110,64,5,6,67,14,65,68",,static_rom_reconstructable
58,33,25,97,3,3,1,21 19 61 03 01,5,32,16,4032,17,"17,18,19,20,21,22,23,24",,static_rom_reconstructable
59,33,26,101,3,3,1,21 1a 65 03 01,5,48,8,4032,111,"111,112,113,114,115,116,117,118",,static_rom_reconstructable
60,34,34,133,3,3,1,22 22 85 03 01,5,32,44,4224,36,"36,40,29,70,35,39,30,71",,static_rom_reconstructable
61,29,7,25,3,3,1,1d 07 19 03 01,5,112,16,4096,49,"49,50,51,52,53,54,55,56",0x23,static_rom_reconstructable
62,29,56,216,2,2,1,1d 38 d8 02 01,5,96,16,4096,237,"237,238,239,240,241,242,243,244",0x24,static_rom_reconstructable
63,29,5,17,3,3,1,1d 05 11 03 01,5,64,16,4096,33,"33,34,35,36,37,38,39,40",,static_rom_reconstructable
64,29,2,5,3,3,1,1d 02 05 03 01,5,16,16,4096,9,"9,10,11,12,13,14,15,16",,static_rom_reconstructable
65,29,6,21,3,3,1,1d 06 15 03 01,5,80,16,4096,41,"41,42,43,44,45,46,47,48",,static_rom_reconstructable
66,29,3,9,3,3,1,1d 03 09 03 01,5,32,16,4096,17,"17,18,19,20,21,22,23,24",,static_rom_reconstructable
67,30,11,41,3,3,1,1e 0b 29 03 01,5,48,16,4096,70,"70,71,27,28,29,30,31,32",,static_rom_reconstructable
68,30,12,45,3,3,1,1e 0c 2d 03 01,5,64,16,4096,33,"33,34,35,36,37,38,39,40",,static_rom_reconstructable
69,30,14,53,3,3,1,1e 0e 35 03 01,5,96,16,4096,80,"80,81,82,83,84,85,86,87",,static_rom_reconstructable
70,30,15,57,3,3,1,1e 0f 39 03 01,5,112,16,4096,49,"49,50,51,52,53,54,55,56",,static_rom_reconstructable
71,31,16,61,3,3,1,1f 10 3d 03 01,5,0,16,4096,88,"88,89,90,91,92,93,94,95",,static_rom_reconstructable
72,31,17,65,3,3,1,1f 11 41 03 01,5,16,16,4096,96,"96,64,65,66,67,14,68,69",,static_rom_reconstructable
73,33,28,109,3,3,1,21 1c 6d 03 01,5,64,24,4032,75,"75,79,35,39,74,78,37,38",,static_rom_reconstructable
74,33,29,113,3,3,1,21 1d 71 03 01,5,88,8,4032,76,"76,77,76,77,76,77,76,77",,static_rom_reconstructable
75,33,30,117,3,3,1,21 1e 75 03 01,5,96,8,4032,120,"120,121,120,121,122,123,122,123",,static_rom_reconstructable
76,33,31,121,3,3,1,21 1f 79 03 01,5,104,8,4032,80,"80,124,80,125,84,85,84,85",,static_rom_reconstructable
77,33,32,125,3,3,1,21 20 7d 03 01,5,112,8,4032,52,"52,56,52,56,51,55,51,55",,static_rom_reconstructable
78,35,36,146,3,3,1,23 24 92 03 01,5,0,24,4096,60,"60,62,5,6,59,61,65,68",,static_rom_reconstructable
79,35,37,150,3,3,1,23 25 96 03 01,5,24,8,4096,137,"137,138,137,138,137,138,137,138",,static_rom_reconstructable
80,35,38,154,3,3,1,23 26 9a 03 01,5,0,36,4096,139,"139,140,139,140,139,140,139,140",,static_rom_reconstructable
81,35,39,158,3,3,1,23 27 9e 03 01,5,0,40,4096,141,"141,142,141,142,141,142,141,142",,static_rom_reconstructable
82,35,40,162,3,3,1,23 28 a2 03 01,5,100,8,4096,143,"143,144,143,144,143,144,143,144",,static_rom_reconstructable
83,35,42,170,3,3,1,23 2a aa 03 01,5,32,68,4096,153,"153,154,155,156,157,158,159,160",,static_rom_reconstructable
84,36,43,174,3,3,1,24 2b ae 03 01,5,0,16,3712,57,"57,58,59,60,5,6,61,62",,static_rom_reconstructable
85,36,44,178,3,3,1,24 2c b2 03 01,5,16,16,3712,63,"63,64,65,66,67,14,69,68",,static_rom_reconstructable
86,36,45,182,3,3,1,24 2d b6 03 01,5,32,16,3712,161,"161,162,163,164,165,166,167,168",,static_rom_reconstructable
87,36,46,186,3,3,1,24 2e ba 03 01,5,48,16,3712,70,"70,71,27,28,29,30,31,32",,static_rom_reconstructable
88,36,48,198,3,3,1,24 30 c6 03 01,5,96,4,3712,82,"82,83,82,83,82,83,82,83",,static_rom_reconstructable
89,29,5,17,3,3,1,1d 05 11 03 01,5,64,16,4096,33,"33,34,35,36,37,38,39,40",0x3F,static_rom_reconstructable
90,29,1,1,3,3,1,1d 01 01 03 01,5,0,16,4096,1,"1,2,3,4,5,6,7,8",0x15,static_rom_reconstructable
91,30,8,29,3,3,1,1e 08 1d 03 01,5,0,16,4096,57,"57,58,59,60,5,6,61,62",,static_rom_reconstructable
92,49,5,5,4,4,1,31 05 05 04 01,5,0,10,320,29,"29,30,29,30,29,30,29,30",,static_rom_reconstructable
93,49,6,9,4,4,1,31 06 09 04 01,5,4,6,320,31,"31,32,31,32,31,32,31,32",,static_rom_reconstructable
94,3,8,16,5,5,1,03 08 10 05 01,5,0,30,960,32,"32,33,40,38,41,39,34,35",,static_rom_reconstructable
95,2,9,21,5,5,1,02 09 15 05 01,5,16,12,1408,47,"47,47,48,49,50,51,49,50",,static_rom_reconstructable
96,50,6,8,5,5,3,32 06 08 05 03,5,0,12,384,22,"22,22,23,23",,static_rom_reconstructable
97,27,0,58,0,0,26,1b 00 3a 00 1a,0,0,52,1664,117,"117,34,35,118",,static_rom_reconstructable
98,28,0,59,0,0,27,1c 00 3b 00 1b,0,0,8,256,34,"34,35,118,119",,static_rom_reconstructable
99,28,0,62,0,0,27,1c 00 3e 00 1b,0,0,8,256,119,"119,120,121,122",,static_rom_reconstructable
100,28,0,61,0,0,27,1c 00 3d 00 1b,0,0,8,256,118,"118,119,120,121",,static_rom_reconstructable
101,28,0,63,0,0,27,1c 00 3f 00 1b,0,0,8,256,120,"120,121,122,123",,static_rom_reconstructable
102,28,0,64,0,0,27,1c 00 40 00 1b,0,0,8,256,121,"121,122,123,124,125,126,127,128",,static_rom_reconstructable
103,28,0,65,0,0,27,1c 00 41 00 1b,0,0,8,256,122,"122,123,124,125,126,127,128,129",,static_rom_reconstructable
104,28,0,60,0,0,27,1c 00 3c 00 1b,0,0,8,256,35,"35,118,119,120",,static_rom_reconstructable
105,7,20,48,2,2,1,07 14 30 02 01,5,0,16,960,32,"32,33,6,31,5,22,34,35",,static_rom_reconstructable
106,14,7,12,5,5,1,0e 07 0c 05 01,5,0,56,1856,24,"24,25,26,27,28,29,30,31",,static_rom_reconstructable
107,32,52,212,3,3,1,20 34 d4 03 01,5,16,10,4352,184,"184,185,184,185,186,187,186,187",,static_rom_reconstructable
108,32,53,216,3,3,1,20 35 d8 03 01,5,32,16,4352,17,"17,18,19,20,21,22,23,24",,static_rom_reconstructable
109,32,54,220,3,3,1,20 36 dc 03 01,5,48,16,4352,70,"70,71,27,28,29,30,31,32",,static_rom_reconstructable
110,32,55,224,3,3,1,20 37 e0 03 01,5,28,4,4352,14,"14,64,14,64,14,64,14,64",,static_rom_reconstructable
111,32,56,228,3,3,1,20 38 e4 03 01,5,96,4,4352,82,"82,83,82,83,82,83,82,83",,static_rom_reconstructable
112,32,57,232,3,3,1,20 39 e8 03 01,5,100,4,4352,86,"86,87,86,87,86,87,86,87",,static_rom_reconstructable
113,32,58,236,3,3,1,20 3a ec 03 01,5,104,16,4352,52,"52,56,188,80,51,55,85,189",,static_rom_reconstructable
114,32,60,245,3,3,1,20 3c f5 03 01,5,120,8,4352,53,"53,54,53,54,53,54,53,54",,static_rom_reconstructable
115,32,61,249,3,3,1,20 3d f9 03 01,5,128,8,4352,127,"127,200,127,200,127,200,127,200",,static_rom_reconstructable
116,7,18,46,2,2,1,07 12 2e 02 01,5,24,4,960,77,"77,22,32,33,6,31",,static_rom_reconstructable
117,7,17,45,2,2,1,07 11 2d 02 01,5,16,13,960,73,"73,74,75,76,73,74,75,76",,static_rom_reconstructable
118,39,7,13,4,4,1,27 07 0d 04 01,5,0,24,4864,33,"33,34,35,36,37,38,39,40",,static_rom_reconstructable
119,39,9,21,4,4,1,27 09 15 04 01,5,128,24,4864,49,"49,50,51,52,53,54,55,56",,static_rom_reconstructable
120,39,10,28,4,4,1,27 0a 1c 04 01,5,64,42,4864,62,"62,65,66,67,68,69,70,71",,static_rom_reconstructable
121,39,10,29,4,4,1,27 0a 1d 04 01,5,64,42,4864,65,"65,66,67,68,69,70,71,72",,static_rom_reconstructable
122,41,12,31,4,4,6,29 0c 1f 04 06,5,0,4,1984,77,"77,77,77,77",,static_rom_reconstructable
123,41,13,35,4,4,6,29 0d 23 04 06,5,4,7,1984,78,"78,78,78,78",,static_rom_reconstructable
124,39,1,1,7,7,1,27 01 01 07 01,5,24,4,4864,1,"1,1,1,1",,static_rom_reconstructable
125,42,3,6,7,7,1,2a 03 06 07 01,5,0,8,3968,15,"15,16,17,18,19,18,19,18",,static_rom_reconstructable
126,42,7,20,7,7,1,2a 07 14 07 01,5,52,4,3968,40,"40,41,42,43",,static_rom_reconstructable
127,42,10,29,7,7,1,2a 0a 1d 07 01,5,64,16,3968,51,"51,52,53,54,55,56,57,58",,static_rom_reconstructable
128,42,11,33,7,7,1,2a 0b 21 07 01,5,80,16,3968,59,"59,60,61,62,63,63,64,65",,static_rom_reconstructable
129,42,12,35,7,7,1,2a 0c 23 07 01,5,96,16,3968,64,"64,65,66,67,68,68,69,70",,static_rom_reconstructable
130,42,13,38,7,7,1,2a 0d 26 07 01,5,112,11,3968,70,"70,72,72,71,73,74",,static_rom_reconstructable
131,42,8,24,7,7,1,2a 08 18 07 01,5,56,3,3968,44,"44,45,46,47",,static_rom_reconstructable
132,42,6,16,7,7,1,2a 06 10 07 01,5,62,2,3968,36,"36,37,38,39",,static_rom_reconstructable
133,1,6,13,2,2,1,01 06 0d 02 01,5,12,4,1984,22,"22,31,32,22,33,6,5",,static_rom_reconstructable
134,2,9,23,2,2,1,02 09 17 02 01,5,12,4,1408,22,"22,31,32,22,33,6,5",,static_rom_reconstructable
135,4,15,36,2,2,1,04 0f 24 02 01,5,12,4,1536,22,"22,31,32,22,33,6,5",,static_rom_reconstructable
136,6,19,47,2,2,1,06 13 2f 02 01,5,12,4,1536,22,"22,32,33,6,31,5,22",,static_rom_reconstructable
137,9,24,69,2,2,1,09 18 45 02 01,5,12,4,1600,22,"22,78,79,80,81,82,83",,static_rom_reconstructable
138,11,28,87,2,2,1,0b 1c 57 02 01,5,12,4,1408,22,"22,94,95,96,97,98,99",,static_rom_reconstructable
139,11,30,96,2,2,1,0b 1e 60 02 01,5,12,4,1408,96,"96,110,111,112,113,114,115",,static_rom_reconstructable
140,24,55,215,2,2,1,18 37 d7 02 01,5,12,4,1472,22,"22,237,238,239,240,241,242",,static_rom_reconstructable
141,10,26,78,2,2,1,0a 1a 4e 02 01,5,14,8,1792,80,"80,31,32,22,33,6,5",,static_rom_reconstructable
142,20,48,180,2,2,1,14 30 b4 02 01,5,12,4,1408,22,"22,31,32,22,33,6,5",,static_rom_reconstructable
143,12,33,113,2,2,1,0c 21 71 02 01,5,6,22,960,131,"131,31,32,22,33,6,5",,static_rom_reconstructable
144,14,36,126,2,2,1,0e 24 7e 02 01,5,12,12,1856,148,"148,31,32,22,33,6,5",,static_rom_reconstructable
145,8,22,60,2,2,1,08 16 3c 02 01,5,12,4,1280,22,"22,31,32,22,33,6,5",,static_rom_reconstructable
146,18,44,162,2,2,1,12 2c a2 02 01,5,12,4,1408,22,"22,32,31,32,181,182,22,33",,static_rom_reconstructable
147,16,40,144,2,2,1,10 28 90 02 01,5,12,4,1280,22,"22,35,32,6,31,34,5",,static_rom_reconstructable
148,15,38,135,2,2,1,0f 26 87 02 01,5,12,4,1408,22,"22,149,150,151,152,153,154,155",,static_rom_reconstructable
149,17,42,153,2,2,1,11 2a 99 02 01,5,12,4,1472,22,"22,31,32,22,33,6,5",,static_rom_reconstructable
150,19,46,171,2,2,1,13 2e ab 02 01,5,12,4,1472,22,"22,197,198,199,182,200,184,201",,static_rom_reconstructable
151,22,52,198,2,2,1,16 34 c6 02 01,5,12,4,960,22,"22,98,100,98,99,94,101,94",,static_rom_reconstructable
152,21,50,189,2,2,1,15 32 bd 02 01,5,12,4,1664,22,"22,31,32,22,33,6,5",,static_rom_reconstructable
153,13,32,105,2,2,1,0d 20 69 02 01,5,0,10,320,126,"126,127,128,127,126,127,128,127",,static_rom_reconstructable
154,13,32,109,2,2,1,0d 20 6d 02 01,5,0,10,320,129,"129,130,129,130,129,130,129,130",,static_rom_reconstructable
155,14,35,122,2,2,1,0e 23 7a 02 01,5,0,58,1856,140,"140,141,142,143,144,145,146,147",,static_rom_reconstructable
156,44,17,51,7,7,1,2c 11 33 07 01,5,0,8,3328,120,"120,121,120,122,123,124,123,124",,static_rom_reconstructable
157,44,18,55,7,7,1,2c 12 37 07 01,5,8,4,3328,125,"125,125,126,125",,static_rom_reconstructable
158,44,19,59,7,7,1,2c 13 3b 07 01,5,12,20,3328,127,"127,128,129,130,131,132,133,134",,static_rom_reconstructable
159,44,20,63,7,7,1,2c 14 3f 07 01,5,32,19,3328,135,"135,136,137,138,139,140,141,142",,static_rom_reconstructable
160,43,14,39,7,7,1,2b 0e 27 07 01,5,0,85,2752,72,"72,72,71,73,74,75,74",,static_rom_reconstructable
161,5,12,33,2,2,1,05 0c 21 02 01,5,0,12,896,44,"44,45,46,47,48,49,50,51",,static_rom_reconstructable
162,5,13,34,2,2,1,05 0d 22 02 01,5,0,16,896,46,"46,47,48,49,50,51,52,53",,static_rom_reconstructable
163,44,23,73,7,7,1,2c 17 49 07 01,5,68,24,3328,159,"159,160,161,162,163,164,165,56",,static_rom_reconstructable
164,30,10,37,3,3,1,1e 0a 25 03 01,5,32,16,4096,17,"17,18,19,20,21,22,23,24",,static_rom_reconstructable
165,36,47,194,3,3,1,24 2f c2 03 01,5,64,51,3712,177,"177,177,177,177",,static_rom_reconstructable
166,44,30,96,7,7,1,2c 1e 60 07 01,5,92,4,3328,237,"237,237,238,239",,static_rom_reconstructable
167,44,31,100,7,7,1,2c 1f 64 07 01,5,96,4,3328,240,"240,240,240,240",,static_rom_reconstructable
168,44,32,104,7,7,1,2c 20 68 07 01,5,100,4,3328,241,"241,242,243,244",,static_rom_reconstructable
169,37,49,203,3,3,2,25 31 cb 03 02,5,0,36,1152,180,"180,181,59,182,59,182,59,182",,static_rom_reconstructable
170,5,14,35,2,2,1,05 0e 23 02 01,5,16,12,896,59,"59,60,61,62,63,64,65,66",,static_rom_reconstructable
