record_index_from_0x41A10,record_raw_offset,key,c1,c2,c3,c4,c5,target_16,target_file_offset_assuming_0x30000_base,target_bytes_preview,note,raw_hex
0,0x041A10,0x00,0x03,0x04,0x00,0x02,0x03,0x1CB4,0x031CB4,D8 30 30 FA D8 1F 20 02 D0 20 30 FA D0 0F 28 08,,00 03 04 00 02 03 B4 1C
1,0x041A18,0x00,0x04,0x03,0x01,0x05,0x05,0x2BEE,0x032BEE,EF 1C 20 08 E7 0F 20 00 E7 0E 30 F8 E7 0D 30 F0,,00 04 03 01 05 05 EE 2B
2,0x041A20,0x00,0x01,0x03,0x02,0x03,0x04,0x3BF0,0x033BF0,20 20 CF 0C 20 20 C7 1B 20 20 BF 0B 28 10 C7 29,,00 01 03 02 03 04 F0 3B
3,0x041A28,0x00,0x01,0x01,0x00,0x01,0x02,0x4CEC,0x034CEC,0E 20 0E F8 33 30 F6 F8 22 30 EE F8 04 30 E6 F8,,00 01 01 00 01 02 EC 4C
4,0x041A30,0x00,0x02,0x03,0x01,0x00,0x02,0x5F20,0x035F20,FF FF FF FF FF FF FF FF FF FF FF FF FF FF FF FF,,00 02 03 01 00 02 20 5F
5,0x041A38,0x00,0x04,0x03,0x01,0x02,0x03,0x72DA,0x0372DA,FF FF FF FF FF FF FF FF FF FF FF FF FF FF FF FF,,00 04 03 01 02 03 DA 72
6,0x041A40,0x00,0x03,0x02,0x03,0x03,0x05,0x8C64,0x038C64,00 00 00 00 00 00 00 00 00 00 00 00 00 00 00 00,,00 03 02 03 03 05 64 8C
7,0x041A48,0x00,0x02,0x03,0x02,0x00,0x03,0xA850,0x03A850,2C 26 16 03 40 21 3E 21 53 38 50 50 50 50 50 50,,00 02 03 02 00 03 50 A8
8,0x041A50,0x00,0x00,0x02,0x00,0x02,0x04,0xC5B9,0x03C5B9,85 BB 22 B8 AF 84 6B 32 01 0F 38 DF C5 83 21 3E,,00 00 02 00 02 04 B9 C5
9,0x041A58,0x00,0x00,0x02,0x01,0x03,0x00,0xE4CF,0x03E4CF,03 A9 04 22 72 B5 80 9C 05 15 22 F9 C6 80 A9 06,,00 00 02 01 03 00 CF E4
10,0x041A60,0x00,0x01,0x02,0x01,0x01,0x00,0x05C7,0x0305C7,15 00 00 00 0C D3 79 D6 15 00 00 40 07 F1 81 D6,,00 01 02 01 01 00 C7 05
11,0x041A68,0x01,0x02,0x03,0x00,0x00,0x01,0x28DE,0x0328DE,F0 F8 12 30 F8 F8 16 30 F8 F0 1D 30 F8 E8 0D 30,,01 02 03 00 00 01 DE 28
12,0x041A70,0x01,0x03,0x04,0x02,0x01,0x02,0x4E57,0x034E57,D4 07 38 E6 D4 05 20 0E CC 14 20 0E C4 04 38 FE,,01 03 04 02 01 02 57 4E
13,0x041A78,0x01,0x05,0x02,0x00,0x02,0x01,0x7503,0x037503,FF FF FF FF FF FF FF FF FF FF FF FF FF FF FF FF,,01 05 02 00 02 01 03 75
14,0x041A80,0x01,0x02,0x04,0x01,0x03,0x00,0x9BAF,0x039BAF,94 22 40 B3 80 4C 51 9B 5A B2 94 8D 5F 03 A0 01,,01 02 04 01 03 00 AF 9B
15,0x041A88,0x01,0x00,0x02,0x01,0x01,0x02,0xC25B,0x03C25B,0D 11 33 22 C3 83 38 D3 C2 83 05 21 3E 21 53 38,,01 00 02 01 01 02 5B C2
16,0x041A90,0x01,0x02,0x02,0x02,0x02,0x01,0xE907,0x03E907,06 03 15 01 21 68 03 2F FA 06 04 33 E8 38 78 28,,01 02 02 02 02 01 07 E9
17,0x041A98,0x01,0x03,0x03,0x01,0x01,0x02,0x0FB3,0x030FB3,0D E0 24 38 FD E0 22 38 ED E0 20 30 E5 E0 0F 20,,01 03 03 01 01 02 B3 0F
18,0x041AA0,0x02,0x01,0x03,0x01,0x01,0x00,0x3B35,0x033B35,1B 20 1E BE 0B 28 0E C6 29 30 FE CE 38 20 06 C6,,02 01 03 01 01 00 35 3B
19,0x041AA8,0x02,0x04,0x02,0x00,0x04,0x03,0x6C27,0x036C27,FF FF FF FF FF FF FF FF FF FF FF FF FF FF FF FF,,02 04 02 00 04 03 27 6C
20,0x041AB0,0x02,0x01,0x03,0x00,0x03,0x02,0xA337,0x03A337,03 80 06 2C 26 30 03 20 08 2C 26 30 03 40 21 3E,,02 01 03 00 03 02 37 A3
21,0x041AB8,0x02,0x05,0x02,0x01,0x03,0x01,0xE129,0x03E129,08 90 CC 60 20 11 E2 A2 00 A0 00 BF 72 44 7E 99,,02 05 02 01 03 01 29 E1
22,0x041AC0,0x02,0x02,0x02,0x00,0x01,0x02,0x26D9,0x0326D9,FC 2D B0 EF FC 3C 70 FF F4 2D 60 07 F4 3C 30 F7,,02 02 02 00 01 02 D9 26
23,0x041AC8,0x03,0x05,0x05,0x02,0x02,0x03,0x753F,0x03753F,FF FF FF FF FF FF FF FF FF FF FF FF FF FF FF FF,,03 05 05 02 02 03 3F 75
24,0x041AD0,0x03,0x02,0x04,0x04,0x04,0x00,0xCD72,0x03CD72,3E 18 AB 01 21 3E 18 C2 01 21 3E 18 E6 01 21 3E,,03 02 04 04 04 00 72 CD
25,0x041AD8,0x03,0x02,0x02,0x00,0x02,0x01,0x30AB,0x0330AB,02 6C 02 6B 10 6C 04 6D 04 6E 04 6F 04 6E 04 6F,,03 02 02 00 02 01 AB 30
26,0x041AE0,0x04,0x03,0x03,0x01,0x01,0x03,0xA04B,0x03A04B,19 89 04 D0 25 22 87 8D 81 AD 69 15 8D 29 19 A5,,04 03 03 01 01 03 4B A0
27,0x041AE8,0x04,0x03,0x03,0x02,0x01,0x02,0x1DDF,0x031DDF,AE 05 38 F7 AE 03 20 0F A6 00 38 FF 9E 01 30 F7,known_shop_facility_script_candidate,04 03 03 02 01 02 DF 1D
28,0x041AF0,0x05,0x01,0x02,0x00,0x00,0x03,0xAB26,0x03AB26,AD 80 6B DA A2 00 BD 69 15 C9 17 90 02 A9 00 9D,,05 01 02 00 00 03 26 AB
29,0x041AF8,0x05,0x04,0x03,0x02,0x03,0x02,0x4A16,0x034A16,20 0E E8 21 20 06 E8 20 30 FE E8 0F 30 F6 E8 0E,,05 04 03 02 03 02 16 4A
30,0x041B00,0x06,0x02,0x02,0x01,0x02,0x03,0xFCE4,0x03FCE4,FF FF FF FF FF FF FF FF FF FF FF FF FF FF FF FF,,06 02 02 01 02 03 E4 FC
31,0x041B08,0x06,0x02,0x02,0x00,0x01,0x01,0xC60C,0x03C60C,20 A9 75 F3 85 B9 E2 20 A9 81 85 BB A9 01 8D 0B,,06 02 02 00 01 01 0C C6
32,0x041B10,0x07,0x01,0x03,0x01,0x00,0x03,0xA859,0x03A859,38 50 50 50 50 50 50 50 05 2C 26 18 03 80 06 2C,,07 01 03 01 00 03 59 A8
33,0x041B18,0x08,0x00,0x02,0x00,0x00,0x00,0xA6F0,0x03A6F0,20 C2 20 68 8D 25 19 E2 20 22 BA D9 80 A9 83 80,,08 00 02 00 00 00 F0 A6
34,0x041B20,0x09,0x03,0x02,0x02,0x02,0x02,0xC55A,0x03C55A,15 03 8D 23 19 BD 16 03 8D 24 19 22 5A A1 84 5C,,09 03 02 02 02 02 5A C5
35,0x041B28,0x0A,0x02,0x02,0x02,0x03,0x01,0x0791,0x030791,00 80 0E D8 BD D9 05 00 00 80 04 DF C8 D9 25 00,,0A 02 02 02 03 01 91 07
36,0x041B30,0x0C,0x01,0x03,0x00,0x05,0x03,0x720F,0x03720F,FF FF FF FF FF FF FF FF FF FF FF FF FF FF FF FF,,0C 01 03 00 05 03 0F 72
37,0x041B38,0x0D,0x01,0x02,0x01,0x02,0x03,0x09DD,0x0309DD,12 25 00 12 26 12 27 12 28 12 29 12 2A 12 2B 00,,0D 01 02 01 02 03 DD 09
38,0x041B40,0x0F,0x01,0x04,0x02,0x00,0x01,0xD4A5,0x03D4A5,D2 AD 58 19 C9 0D F0 03 4C D6 D2 AD 23 19 22 90,,0F 01 04 02 00 01 A5 D4
39,0x041B48,0x10,0x05,0x06,0x03,0x05,0x08,0xD8C6,0x03D8C6,85 90 03 4C D6 D2 22 01 D5 81 22 D4 BE 83 22 36,,10 05 06 03 05 08 C6 D8
40,0x041B50,0x12,0x03,0x04,0x04,0x02,0x02,0x1D6B,0x031D6B,3A 30 FE AF 24 30 F6 AF 23 30 FE B7 39 30 F6 B7,,12 03 04 04 02 02 6B 1D
41,0x041B58,0x15,0x01,0x02,0x03,0x04,0x03,0xAAA5,0x03AAA5,03 20 14 AC 9C 50 03 80 1A AD 29 19 22 2A DB 80,,15 01 02 03 04 03 A5 AA
42,0x041B60,0x17,0x03,0x03,0x02,0x03,0x02,0x8986,0x038986,05 00 07 00 09 00 0B 00 0D 00 0D 00 0F 00 11 00,,17 03 03 02 03 02 86 89
43,0x041B68,0x1A,0x02,0x02,0x01,0x02,0x02,0xC443,0x03C443,21 3E 21 53 38 50 50 50 50 50 50 50 01 2C 22 17,,1A 02 02 01 02 02 43 C4
44,0x041B70,0x1D,0x05,0x03,0x01,0x05,0x04,0x6658,0x036658,FF FF FF FF FF FF FF FF FF FF FF FF FF FF FF FF,,1D 05 03 01 05 04 58 66
45,0x041B78,0x21,0x03,0x05,0x02,0x03,0x03,0x086D,0x03086D,4B D3 02 00 20 00 20 B7 62 D3 02 00 30 E0 0B AF,,21 03 05 02 03 03 6D 08
46,0x041B80,0x25,0x02,0x04,0x04,0x04,0x05,0xAA82,0x03AA82,03 88 33 03 AD E4 12 29 07 8D 54 03 AD E4 12 3A,,25 02 04 04 04 05 82 AA
47,0x041B88,0x28,0x06,0x07,0x02,0x05,0x04,0x4C97,0x034C97,03 20 16 E8 00 38 E6 E8 0C 20 16 E0 1B 20 16 D8,,28 06 07 02 05 04 97 4C
48,0x041B90,0x2C,0x03,0x06,0x01,0x04,0x03,0xEEAC,0x03EEAC,62 15 2F F3 0C 80 00 06 39 0B 00 01 0D F8 15 10,,2C 03 06 01 04 03 AC EE
49,0x041B98,0x2F,0x02,0x03,0x01,0x01,0x05,0x90C1,0x0390C1,00 00 00 00 00 00 00 00 00 00 00 00 00 00 00 00,,2F 02 03 01 01 05 C1 90
50,0x041BA0,0x33,0x04,0x05,0x04,0x02,0x02,0x32D6,0x0332D6,0F 30 F2 F8 0F 90 F9 00 1F D0 FF 00 1F 70 FF F8,,33 04 05 04 02 02 D6 32
51,0x041BA8,0x37,0x01,0x02,0x05,0x04,0x01,0xD4EB,0x03D4EB,CB D2 20 E6 E2 AD 0D 16 C9 51 B0 0A C9 1E 90 1E,,37 01 02 05 04 01 EB D4
52,0x041BB0,0x3A,0x02,0x03,0x03,0x01,0x03,0x7700,0x037700,FF FF FF FF FF FF FF FF FF FF FF FF FF FF FF FF,,3A 02 03 03 01 03 00 77
53,0x041BB8,0x3E,0x01,0x05,0x02,0x02,0x02,0x1915,0x031915,18 E0 3E 20 20 D0 1F 20 10 D0 1F 20 20 C8 2E 20,,3E 01 05 02 02 02 15 19
54,0x041BC0,0x42,0x02,0x02,0x02,0x03,0x07,0xBB2A,0x03BB2A,F0 0B CD 58 19 F0 06 E8 E0 13 90 F0 CA A9 12 8D,,42 02 02 02 03 07 2A BB
55,0x041BC8,0x45,0x03,0x04,0x01,0x01,0x03,0x5D3F,0x035D3F,FF FF FF FF FF FF FF FF FF FF FF FF FF FF FF FF,,45 03 04 01 01 03 3F 5D
56,0x041BD0,0x49,0x02,0x03,0x04,0x05,0x04,0xFF54,0x03FF54,FF FF FF FF FF FF FF FF FF FF FF FF FF FF FF FF,,49 02 03 04 05 04 54 FF
57,0x041BD8,0x4C,0x01,0x02,0x03,0x02,0x02,0xA169,0x03A169,B9 E2 20 A9 83 85 BB A9 01 8D 0B 03 A9 01 8D 0D,,4C 01 02 03 02 02 69 A1
58,0x041BE0,0x50,0x02,0x03,0x02,0x04,0x04,0x437E,0x03437E,20 0E F0 1D 20 06 F0 1C 20 06 E8 0C 38 F6 E8 0A,,50 02 03 02 04 04 7E 43
59,0x041BE8,0x54,0x02,0x06,0x03,0x02,0x09,0xE593,0x03E593,19 06 38 80 01 18 60 5A A9 02 22 65 A0 80 9C 9D,,54 02 06 03 02 09 93 E5
60,0x041BF0,0x57,0x03,0x03,0x01,0x04,0x01,0x87A8,0x0387A8,05 A9 E0 FF 80 03 A9 20 00 18 65 20 85 20 BD C2,,57 03 03 01 04 01 A8 87
61,0x041BF8,0x5B,0x01,0x04,0x01,0x02,0x05,0x29BD,0x0329BD,32 20 1C F6 0A 20 18 FE 3D 20 1C DE 3A 20 1C D6,,5B 01 04 01 02 05 BD 29
62,0x041C00,0x5F,0x01,0x03,0x02,0x05,0x03,0xCBD2,0x03CBD2,83 21 3E 19 9B A8 18 1A 01 21 3E 94 A9 B6 91 9C,,5F 01 03 02 05 03 D2 CB
63,0x041C08,0x62,0x02,0x02,0x01,0x01,0x02,0x6DE7,0x036DE7,FF FF FF FF FF FF FF FF FF FF FF FF FF FF FF FF,,62 02 02 01 01 02 E7 6D
64,0x041C10,0x66,0x02,0x04,0x01,0x04,0x03,0x0FFC,0x030FFC,FD B0 03 30 ED B8 11 30 F5 B8 12 30 FD B8 13 20,,66 02 04 01 04 03 FC 0F
65,0x041C18,0x6A,0x01,0x02,0x01,0x02,0x02,0xB211,0x03B211,37 B8 39 B6 3C B3 3E B1 41 AE 44 AB 47 A8 4B A4,,6A 01 02 01 02 02 11 B2
66,0x041C20,0x6D,0x02,0x04,0x02,0x03,0x05,0x5426,0x035426,90 A2 3A C0 80 82 3A D0 90 A4 3A D0 80 84 3A E0,,6D 02 04 02 03 05 26 54
67,0x041C28,0x71,0x03,0x05,0x01,0x04,0x08,0xF63B,0x03F63B,38 B0 B0 B0 C0 58 B0 68 B0 78 C0 88 28 58 38 68,,71 03 05 01 04 08 3B F6
68,0x041C30,0x74,0x01,0x03,0x02,0x05,0x04,0x9850,0x039850,38 05 01 02 32 10 07 9A F0 38 05 01 04 32 1A 0A,known_398xx_anchor,74 01 03 02 05 04 50 98
69,0x041C38,0x78,0x03,0x06,0x02,0x03,0x02,0x3A65,0x033A65,14 D7 0D 20 1C D7 1C 20 1C CF 0C 20 1C C7 1B 20,,78 03 06 02 03 02 65 3A
70,0x041C40,0x7C,0x02,0x03,0x01,0x02,0x03,0xDC7A,0x03DC7A,15 B0 1D 8D 2A 19 A2 00 BF 67 DC 83 8D 23 19 9C,,7C 02 03 01 02 03 7A DC
71,0x041C48,0x7F,0x01,0x04,0x02,0x04,0x02,0x7E8F,0x037E8F,FF FF FF FF FF FF FF FF FF FF FF FF FF FF FF FF,,7F 01 04 02 04 02 8F 7E
72,0x041C50,0x83,0x02,0x05,0x01,0x03,0x04,0x20A4,0x0320A4,05 38 F8 B0 03 20 10 A8 00 28 00 A0 01 30 F8 A8,known_shop_facility_script_candidate,83 02 05 01 03 04 A4 20
73,0x041C58,0x87,0x04,0x03,0x01,0x04,0x03,0xC2B9,0x03C2B9,01 00 09 B2 17 00 D1 1F 09 B3 17 00 D2 1F 09 B4,,87 04 03 01 04 03 B9 C2
74,0x041C60,0x8A,0x01,0x03,0x01,0x02,0x06,0x64CE,0x0364CE,FF FF FF FF FF FF FF FF FF FF FF FF FF FF FF FF,,8A 01 03 01 02 06 CE 64
75,0x041C68,0x8E,0x02,0x04,0x02,0x04,0x03,0x06E3,0x0306E3,07 04 37 D9 05 00 00 80 05 45 3D D9 05 00 00 00,,8E 02 04 02 04 03 E3 06
76,0x041C70,0x92,0x00,0x03,0x01,0x03,0x05,0xA8F8,0x03A8F8,3E 21 53 38 50 50 50 50 50 50 50 05 2C 26 20 03,,92 00 03 01 03 05 F8 A8
77,0x041C78,0x95,0x02,0x04,0x01,0x02,0x02,0x4B0D,0x034B0D,16 E0 1B 20 16 D8 0B 28 06 D8 09 38 F6 D8 07 38,,95 02 04 01 02 02 0D 4B
78,0x041C80,0x99,0x03,0x05,0x02,0x05,0x04,0xED22,0x03ED22,04 33 09 20 05 33 05 20 06 33 01 06 29 27 00 15,,99 03 05 02 05 04 22 ED
79,0x041C88,0x9C,0x02,0x05,0x01,0x04,0x04,0x8F37,0x038F37,1A 7C 00 00 00 00 00 00 71 00 78 00 00 00 00 00,,9C 02 05 01 04 04 37 8F
80,0x041C90,0xA0,0x01,0x02,0x01,0x03,0x02,0x314C,0x03314C,0E 30 F0 D8 1D 30 E8 D0 00 30 E8 D8 10 30 F0 D0,,A0 01 02 01 03 02 4C 31
81,0x041C98,0xA4,0x02,0x04,0x02,0x05,0x05,0xD361,0x03D361,AC 86 85 22 D4 BE 83 4C CB D2 AD 58 19 8D 2A 19,,A4 02 04 02 05 05 61 D3
82,0x041CA0,0xA7,0x02,0x05,0x01,0x04,0x03,0x7576,0x037576,FF FF FF FF FF FF FF FF FF FF FF FF FF FF FF FF,,A7 02 05 01 04 03 76 75
83,0x041CA8,0xAB,0x01,0x04,0x01,0x05,0x04,0x178B,0x03178B,30 E8 D4 04 30 E8 CC 24 28 00 C4 02 38 F0 C4 00,,AB 01 04 01 05 04 8B 17
84,0x041CB0,0xAF,0x02,0x03,0x01,0x02,0x02,0xB9A0,0x03B9A0,E2 20 A9 19 85 0D 22 1E AC 80 DA AA AD 57 15 9D,,AF 02 03 01 02 02 A0 B9
85,0x041CB8,0xB2,0x02,0x02,0x01,0x04,0x04,0x5BB5,0x035BB5,FF FF FF FF FF FF FF FF FF FF FF FF FF FF FF FF,,B2 02 02 01 04 04 B5 5B
86,0x041CC0,0xB6,0x01,0x05,0x02,0x03,0x05,0xFDCA,0x03FDCA,FF FF FF FF FF FF FF FF FF FF FF FF FF FF FF FF,,B6 01 05 02 03 05 CA FD
87,0x041CC8,0xB9,0x02,0x03,0x01,0x04,0x01,0x9FDF,0x039FDF,06 1E 90 05 1A D0 02 E6 20 85 1F 7A 60 5A BD 74,,B9 02 03 01 04 01 DF 9F
88,0x041CD0,0xBD,0x03,0x04,0x02,0x06,0x05,0x41F4,0x0341F4,10 EB 18 20 10 E3 08 60 10 F8 15 30 F8 F8 17 30,,BD 03 04 02 06 05 F4 41
89,0x041CD8,0xC1,0x02,0x05,0x01,0x02,0x04,0xE409,0x03E409,09 80 8D 66 1D 9C B8 13 9C 60 15 A9 09 22 A9 B1,,C1 02 05 01 02 04 09 E4
90,0x041CE0,0xC4,0x01,0x02,0x02,0x05,0x02,0x861E,0x03861E,AA 80 1D A0 00 00 AD 30 11 F0 05 BD E0 8B D0 08,,C4 01 02 02 05 02 1E 86
91,0x041CE8,0xC8,0x03,0x03,0x01,0x03,0x05,0x2833,0x032833,07 E8 18 20 07 E0 08 70 FF F8 16 30 F8 F8 16 70,,C8 03 03 01 03 05 33 28
92,0x041CF0,0xCC,0x02,0x04,0x02,0x05,0x04,0xCA48,0x03CA48,50 50 50 50 50 50 29 75 19 08 21 44 35 50 50 50,,CC 02 04 02 05 04 48 CA
93,0x041CF8,0xCF,0x02,0x06,0x01,0x04,0x03,0x6C5D,0x036C5D,FF FF FF FF FF FF FF FF FF FF FF FF FF FF FF FF,,CF 02 06 01 04 03 5D 6C
94,0x041D00,0xD3,0x02,0x06,0x01,0x02,0x03,0x0E72,0x030E72,22 20 10 F8 32 20 08 F8 31 20 00 F8 30 30 F8 F8,,D3 02 06 01 02 03 72 0E
95,0x041D08,0xD7,0x01,0x04,0x01,0x04,0x05,0xB087,0x03B087,00 C2 78 77 6A 85 64 8B 5F 90 5C 93 58 97 55 9A,,D7 01 04 01 04 05 87 B0
96,0x041D10,0xDA,0x04,0x06,0x02,0x03,0x04,0x529C,0x03529C,20 90 A4 6A 20 80 84 6E 10 90 A6 32 C4 68 4A 3A,,DA 04 06 02 03 04 9C 52
97,0x041D18,0xDE,0x02,0x04,0x01,0x02,0x02,0x1501,0x031501,F0 25 20 0D E8 34 20 0D E0 24 38 FD E0 22 38 ED,,DE 02 04 01 02 02 01 15
98,0x041D20,0x04,0x0F,0x07,0x10,0x0A,0x16,0x1111,0x031111,3A 30 F5 B0 02 30 ED B0 01 30 E5 B8 10 30 E5 B0,,04 0F 07 10 0A 16 11 11
99,0x041D28,0x14,0x17,0x00,0x00,0x00,0x00,0x0000,0x030000,00 44 00 01 00 FC DF 03 80 44 00 06 66 FC DF 03,,14 17 00 00 00 00 00 00
100,0x041D30,0x00,0x00,0x00,0x00,0x00,0x00,0x0000,0x030000,00 44 00 01 00 FC DF 03 80 44 00 06 66 FC DF 03,,00 00 00 00 00 00 00 00
101,0x041D38,0x00,0xF0,0x19,0x96,0x6E,0x46,0x128E,0x03128E,00 ED 4F 30 F8 ED 4E 30 E0 DD 52 30 E0 D5 42 30,,00 F0 19 96 6E 46 8E 12
102,0x041D40,0x00,0x03,0x01,0x03,0x03,0x02,0x25D8,0x0325D8,DD 22 38 EA DD 20 20 1A CD 0F 20 12 D5 1E 20 12,,00 03 01 03 03 02 D8 25
103,0x041D48,0x00,0x02,0x01,0x01,0x01,0x01,0x3A0D,0x033A0D,D0 0C 20 1D C8 1B 20 1D C0 0B 28 0D C8 29 30 FD,,00 02 01 01 01 01 0D 3A
104,0x041D50,0x00,0x01,0x02,0x04,0x01,0x01,0x4F67,0x034F67,6C 38 F0 F0 40 28 00 E0 2E 38 F0 E0 2C 28 00 D0,,00 01 02 04 01 01 67 4F
105,0x041D58,0x00,0x01,0x01,0x01,0x02,0x02,0x6630,0x036630,FF FF FF FF FF FF FF FF FF FF FF FF FF FF FF FF,,00 01 01 01 02 02 30 66
106,0x041D60,0x00,0x04,0x01,0x01,0x04,0x03,0x7EC3,0x037EC3,FF FF FF FF FF FF FF FF FF FF FF FF FF FF FF FF,,00 04 01 01 04 03 C3 7E
107,0x041D68,0x00,0x05,0x03,0x02,0x02,0x02,0x9993,0x039993,F0 38 05 01 10 32 8B 27 DB F0 38 05 01 0F 32 82,known_398xx_anchor,00 05 03 02 02 02 93 99
108,0x041D70,0x00,0x07,0x01,0x03,0x02,0x02,0xB72F,0x03B72F,1A 20 3F B7 22 0F A3 80 CE 68 12 22 35 AD 80 6B,,00 07 01 03 02 02 2F B7
109,0x041D78,0x00,0x02,0x01,0x01,0x03,0x01,0xD656,0x03D656,B0 19 AD 6A 19 C9 80 90 0C C2 20 A9 FF FF 8D 69,,00 02 01 01 03 01 56 D6
110,0x041D80,0x00,0x01,0x02,0x01,0x05,0x01,0xF5B8,0x03F5B8,06 7B 0A 80 02 80 00 0D EC 0E FC 15 20 0A 00 00,,00 01 02 01 05 01 B8 F5
111,0x041D88,0x00,0x06,0x01,0x02,0x05,0x01,0x178F,0x03178F,30 E8 CC 24 28 00 C4 02 38 F0 C4 00 14 30 F8 E4,,00 06 01 02 05 01 8F 17
112,0x041D90,0x01,0x05,0x04,0x01,0x02,0x01,0x3C2A,0x033C2A,B7 0E 30 F0 9F 04 28 10 A7 09 28 00 A7 07 38 F0,,01 05 04 01 02 01 2A 3C
113,0x041D98,0x01,0x03,0x01,0x03,0x01,0x03,0x63E1,0x0363E1,FF FF FF FF FF FF FF FF FF FF FF FF FF FF FF FF,,01 03 01 03 01 03 E1 63
114,0x041DA0,0x01,0x04,0x01,0x02,0x01,0x03,0x8F18,0x038F18,6B 00 13 14 15 13 14 15 14 00 00 00 00 00 00 23,,01 04 01 02 01 03 18 8F
115,0x041DA8,0x01,0x01,0x01,0x02,0x04,0x02,0xBE3F,0x03BE3F,AD 7D 15 8D 0D 03 9D 59 06 A9 FF 8D BB 13 9C BC,,01 01 01 02 04 02 3F BE
116,0x041DB0,0x01,0x02,0x01,0x05,0x05,0x01,0xF1D4,0x03F1D4,00 00 C0 FF 15 3C 35 07 F2 15 0A 22 30 FC 37 DA,,01 02 01 05 05 01 D4 F1
117,0x041DB8,0x01,0x03,0x00,0x03,0x01,0x01,0x2A65,0x032A65,E8 13 30 F7 E8 12 30 EF E8 11 20 00 E0 03 30 F8,,01 03 00 03 01 01 65 2A
118,0x041DC0,0x02,0x03,0x02,0x04,0x03,0x00,0x6891,0x036891,FF FF FF FF FF FF FF FF FF FF FF FF FF FF FF FF,,02 03 02 04 03 00 91 68
119,0x041DC8,0x02,0x01,0x02,0x02,0x04,0x02,0xAD0C,0x03AD0C,0F E2 20 A9 10 85 0D 22 1E AC 80 9C 7D 03 A9 93,,02 01 02 02 04 02 0C AD
120,0x041DD0,0x02,0x02,0x00,0x03,0x01,0x01,0xFDDD,0x03FDDD,FF FF FF FF FF FF FF FF FF FF FF FF FF FF FF FF,,02 02 00 03 01 01 DD FD
121,0x041DD8,0x02,0x01,0x00,0x01,0x02,0x00,0x4EAE,0x034EAE,E0 60 68 10 E0 62 68 10 D0 66 68 20 D0 64 68 10,,02 01 00 01 02 00 AE 4E
122,0x041DE0,0x03,0x02,0x01,0x02,0x01,0x01,0x9F7F,0x039F7F,1F 9D B4 11 18 BD C4 11 65 20 9D C4 11 BD D4 11,,03 02 01 02 01 01 7F 9F
123,0x041DE8,0x03,0x04,0x01,0x02,0x03,0x01,0xF050,0x03F050,14 3D 00 15 1E 37 07 00 01 40 00 0B 00 FC 15 24,,03 04 01 02 03 01 50 F0
124,0x041DF0,0x03,0x04,0x02,0x01,0x03,0x02,0x4121,0x034121,24 30 E1 DF 33 30 E9 DF 34 60 00 D0 01 30 F8 D0,,03 04 02 01 03 02 21 41
125,0x041DF8,0x04,0x03,0x01,0x03,0x03,0x00,0xB432,0x03B432,20 44 B4 EE 56 19 EE 56 19 A9 03 22 E3 AC 80 80,,04 03 01 03 03 00 32 B4
126,0x041E00,0x04,0x01,0x01,0x01,0x02,0x01,0x35A5,0x0335A5,20 10 F0 41 20 08 F8 51 20 00 F8 50 20 04 F0 40,,04 01 01 01 02 01 A5 35
127,0x041E08,0x05,0x02,0x01,0x01,0x01,0x03,0xC746,0x03C746,2D 03 21 3E 21 53 38 50 50 50 50 50 50 50 01 2C,,05 02 01 01 01 03 46 C7
128,0x041E10,0x05,0x02,0x01,0x05,0x01,0x01,0x6B1B,0x036B1B,FF FF FF FF FF FF FF FF FF FF FF FF FF FF FF FF,,05 02 01 05 01 01 1B 6B
129,0x041E18,0x06,0x01,0x00,0x04,0x02,0x03,0x236B,0x03236B,28 20 00 EE 37 30 F8 EE 36 30 F0 EE 27 30 E8 EE,,06 01 00 04 02 03 6B 23
130,0x041E20,0x07,0x01,0x01,0x01,0x01,0x03,0xF2C5,0x03F2C5,7A 60 1C 02 A0 05 68 01 A3 05 B4 00 A8 05 5A 00,,07 01 01 01 01 03 C5 F2
131,0x041E28,0x07,0x03,0x01,0x03,0x01,0x03,0xDC0A,0x03DC0A,41 DC 83 F0 2F CD 23 19 D0 24 BF 42 DC 83 CD 24,,07 03 01 03 01 03 0A DC
132,0x041E30,0x08,0x01,0x02,0x02,0x03,0x03,0xE278,0x03E278,00 00 00 01 00 00 AD 64 19 0A 18 6D 64 19 AA BF,,08 01 02 02 03 03 78 E2
133,0x041E38,0x09,0x03,0x01,0x01,0x02,0x04,0x09B4,0x0309B4,12 15 13 15 14 00 15 15 15 16 15 17 00 10 18 10,,09 03 01 01 02 04 B4 09
134,0x041E40,0x0B,0x05,0x01,0x04,0x01,0x02,0x55D8,0x0355D8,88 2E 30 E4 98 1F 30 E4 90 0F 20 04 98 12 20 04,,0B 05 01 04 01 02 D8 55
135,0x041E48,0x0C,0x04,0x00,0x03,0x02,0x02,0xCB81,0x03CB81,84 C2 20 A9 94 CB 85 B9 E2 20 A9 83 85 BB 22 B8,,0C 04 00 03 02 02 81 CB
136,0x041E50,0x0D,0x02,0x01,0x01,0x01,0x01,0x6FDF,0x036FDF,FF FF FF FF FF FF FF FF FF FF FF FF FF FF FF FF,,0D 02 01 01 01 01 DF 6F
137,0x041E58,0x0F,0x01,0x01,0x03,0x01,0x00,0x48C9,0x0348C9,E0 0E 30 DE F0 0D 30 DE E8 13 30 E4 E0 1C 30 DC,,0F 01 01 03 01 00 C9 48
138,0x041E60,0x11,0x03,0x00,0x03,0x02,0x02,0x5CD0,0x035CD0,FF FF FF FF FF FF FF FF FF FF FF FF FF FF FF FF,,11 03 00 03 02 02 D0 5C
139,0x041E68,0x13,0x06,0x01,0x02,0x01,0x02,0xB358,0x03B358,64 03 4A 8D 64 03 90 03 20 DA B3 AD 64 03 4A 8D,,13 06 01 02 01 02 58 B3
140,0x041E70,0x15,0x04,0x02,0x01,0x02,0x01,0x54B1,0x0354B1,28 20 88 8B 38 D0 88 86 20 20 98 8D 20 20 B0 9E,,15 04 02 01 02 01 B1 54
141,0x041E78,0x18,0x08,0x01,0x0D,0x05,0x06,0x4A35,0x034A35,04 30 E6 F8 03 20 16 E8 00 38 E6 E8 0C 20 16 E0,,18 08 01 0D 05 06 35 4A
142,0x041E80,0x1B,0x04,0x00,0x05,0x03,0x01,0x9E6A,0x039E6A,9D D4 11 BC 54 11 20 18 9F FA 7A 60 BD 74 11 89,,1B 04 00 05 03 01 6A 9E
143,0x041E88,0x1E,0x02,0x00,0x06,0x04,0x02,0x5D26,0x035D26,FF FF FF FF FF FF FF FF FF FF FF FF FF FF FF FF,,1E 02 00 06 04 02 26 5D
144,0x041E90,0x22,0x05,0x03,0x05,0x03,0x01,0x2DB6,0x032DB6,3B 30 FD C3 3A 30 E8 DB 22 20 10 FB 32 20 00 FB,,22 05 03 05 03 01 B6 2D
145,0x041E98,0x26,0x03,0x01,0x03,0x02,0x01,0xFE46,0x03FE46,FF FF FF FF FF FF FF FF FF FF FF FF FF FF FF FF,,26 03 01 03 02 01 46 FE
146,0x041EA0,0x29,0x08,0x02,0x05,0x06,0x02,0xCED6,0x03CED6,95 92 01 21 3E 95 BB A4 91 01 00 AD E4 12 8D 57,,29 08 02 05 06 02 D6 CE
147,0x041EA8,0x2D,0x06,0x00,0x03,0x03,0x03,0x9F66,0x039F66,1F 64 21 BD F4 11 85 20 10 02 C6 21 18 BD A4 11,,2D 06 00 03 03 03 66 9F
148,0x041EB0,0x31,0x05,0x01,0x07,0x05,0x01,0x6FF6,0x036FF6,FF FF FF FF FF FF FF FF FF FF FF FF FF FF FF FF,,31 05 01 07 05 01 F6 6F
149,0x041EB8,0x35,0x09,0x00,0x06,0x06,0x02,0x4086,0x034086,F8 15 30 F8 F8 17 30 F8 F0 07 38 E8 F0 05 1F 70,,35 09 00 06 06 02 86 40
150,0x041EC0,0x39,0x04,0x04,0x04,0x04,0x04,0x1116,0x031116,30 ED B0 01 30 E5 B8 10 30 E5 B0 00 30 ED B8 11,,39 04 04 04 04 04 16 11
151,0x041EC8,0x3D,0x03,0x02,0x04,0x01,0x02,0xE1A6,0x03E1A6,E0 06 90 E0 60 20 11 E2 A2 00 A0 00 BF 73 05 C4,,3D 03 02 04 01 02 A6 E1
152,0x041ED0,0x40,0x05,0x00,0x06,0x02,0x01,0xB236,0x03B236,6A 85 67 88 65 8A 63 8C 61 8E 5F 90 5D 92 5C 93,,40 05 00 06 02 01 36 B2
153,0x041ED8,0x44,0x02,0x01,0x09,0x03,0x02,0x82C6,0x0382C6,BD 59 07 85 2A BD 99 07 85 2B BD 99 06 0A 85 22,,44 02 01 09 03 02 C6 82
154,0x041EE0,0x48,0x04,0x00,0x0A,0x02,0x01,0x5356,0x035356,80 C8 6A 20 C0 AE 3A D0 C0 AE 62 30 E0 A9 62 30,,48 04 00 0A 02 01 56 53
155,0x041EE8,0x4C,0x03,0x03,0x09,0x03,0x02,0x23E6,0x0323E6,17 CE 0F 20 0F D6 1E 20 0F CE 0E 38 FF CE 0C 38,,4C 03 03 09 03 02 E6 23
156,0x041EF0,0x50,0x04,0x00,0x06,0x04,0x03,0xF476,0x03F476,C0 15 A0 20 0E 0A A0 FF C0 FF 0D 03 0E 02 15 20,,50 04 00 06 04 03 76 F4
157,0x041EF8,0x53,0x05,0x03,0x05,0x03,0x02,0xC506,0x03C506,9C 24 19 C2 20 A9 1B C5 85 B9 E2 20 A9 83 85 BB,,53 05 03 05 03 02 06 C5
158,0x041F00,0x57,0x03,0x00,0x08,0x02,0x01,0x9596,0x039596,20 74 00 E4 EA 2C 00 3B 3E 20 74 00 EC EA 48 05,,57 03 00 08 02 01 96 95
159,0x041F08,0x5B,0x02,0x01,0x07,0x04,0x03,0x6626,0x036626,FF FF FF FF FF FF FF FF FF FF FF FF FF FF FF FF,,5B 02 01 07 04 03 26 66
