equipment_id_dec,equipment_id_hex,name,hook_order,hook_id,hook_target_16,hook_target_raw_offset,hook_target_label_c0_mirror,is_special_hook_id
1,0x01,木刀,0,0x84,0x03DB,0x0B03DB,CB:03DB,False
1,0x01,木刀,1,0x83,0x03E1,0x0B03E1,CB:03E1,False
1,0x01,木刀,2,0x82,0x0408,0x0B0408,CB:0408,False
2,0x02,刀,0,0x84,0x03DB,0x0B03DB,CB:03DB,False
2,0x02,刀,1,0x83,0x03E1,0x0B03E1,CB:03E1,False
2,0x02,刀,2,0x82,0x0408,0x0B0408,CB:0408,False
3,0x03,木の葉切りの刀,0,0x84,0x03DB,0x0B03DB,CB:03DB,False
3,0x03,木の葉切りの刀,1,0x83,0x03E1,0x0B03E1,CB:03E1,False
3,0x03,木の葉切りの刀,2,0x82,0x0408,0x0B0408,CB:0408,False
4,0x04,竹割りの刀,0,0x84,0x03DB,0x0B03DB,CB:03DB,False
4,0x04,竹割りの刀,1,0x83,0x03E1,0x0B03E1,CB:03E1,False
4,0x04,竹割りの刀,2,0x82,0x0408,0x0B0408,CB:0408,False
5,0x05,瓦割りの刀,0,0x84,0x03DB,0x0B03DB,CB:03DB,False
5,0x05,瓦割りの刀,1,0x83,0x03E1,0x0B03E1,CB:03E1,False
5,0x05,瓦割りの刀,2,0x82,0x0408,0x0B0408,CB:0408,False
6,0x06,岩切りの刀,0,0x84,0x03DB,0x0B03DB,CB:03DB,False
6,0x06,岩切りの刀,1,0x83,0x03E1,0x0B03E1,CB:03E1,False
6,0x06,岩切りの刀,2,0x82,0x0408,0x0B0408,CB:0408,False
7,0x07,鎖切りの刀,0,0x84,0x03DB,0x0B03DB,CB:03DB,False
7,0x07,鎖切りの刀,1,0x83,0x03E1,0x0B03E1,CB:03E1,False
7,0x07,鎖切りの刀,2,0x82,0x0408,0x0B0408,CB:0408,False
8,0x08,釜割りの刀,0,0x84,0x03DB,0x0B03DB,CB:03DB,False
8,0x08,釜割りの刀,1,0x83,0x03E1,0x0B03E1,CB:03E1,False
8,0x08,釜割りの刀,2,0x82,0x0408,0x0B0408,CB:0408,False
9,0x09,兜割りの刀,0,0x84,0x03DB,0x0B03DB,CB:03DB,False
9,0x09,兜割りの刀,1,0x83,0x03E1,0x0B03E1,CB:03E1,False
9,0x09,兜割りの刀,2,0x82,0x0408,0x0B0408,CB:0408,False
10,0x0A,鬼切り丸,0,0x84,0x03DB,0x0B03DB,CB:03DB,False
10,0x0A,鬼切り丸,1,0x83,0x03E1,0x0B03E1,CB:03E1,False
10,0x0A,鬼切り丸,2,0x82,0x0408,0x0B0408,CB:0408,False
11,0x0B,百鬼切り丸,0,0x84,0x03DB,0x0B03DB,CB:03DB,False
11,0x0B,百鬼切り丸,1,0x83,0x03E1,0x0B03E1,CB:03E1,False
11,0x0B,百鬼切り丸,2,0x82,0x0408,0x0B0408,CB:0408,False
12,0x0C,毘沙門の剣,0,0x84,0x03DB,0x0B03DB,CB:03DB,False
12,0x0C,毘沙門の剣,1,0x83,0x03E1,0x0B03E1,CB:03E1,False
12,0x0C,毘沙門の剣,2,0x82,0x0408,0x0B0408,CB:0408,False
13,0x0D,勇気の剣,0,0x84,0x03DB,0x0B03DB,CB:03DB,False
13,0x0D,勇気の剣,1,0x83,0x03E1,0x0B03E1,CB:03E1,False
13,0x0D,勇気の剣,2,0x82,0x0408,0x0B0408,CB:0408,False
14,0x0E,勇気の剣,0,0x84,0x03DB,0x0B03DB,CB:03DB,False
14,0x0E,勇気の剣,1,0x83,0x03E1,0x0B03E1,CB:03E1,False
14,0x0E,勇気の剣,2,0x82,0x0408,0x0B0408,CB:0408,False
15,0x0F,勇気の剣,0,0x84,0x03DB,0x0B03DB,CB:03DB,False
15,0x0F,勇気の剣,1,0x83,0x03E1,0x0B03E1,CB:03E1,False
15,0x0F,勇気の剣,2,0x82,0x0408,0x0B0408,CB:0408,False
16,0x10,玄武の刀,0,0x84,0x03DB,0x0B03DB,CB:03DB,False
16,0x10,玄武の刀,1,0x83,0x04B0,0x0B04B0,CB:04B0,False
16,0x10,玄武の刀,2,0x82,0x0408,0x0B0408,CB:0408,False
16,0x10,玄武の刀,3,0xC1,0x04B8,0x0B04B8,CB:04B8,True
17,0x11,白虎の刀,0,0x84,0x03DB,0x0B03DB,CB:03DB,False
17,0x11,白虎の刀,1,0x83,0x04E6,0x0B04E6,CB:04E6,False
17,0x11,白虎の刀,2,0x82,0x0408,0x0B0408,CB:0408,False
17,0x11,白虎の刀,3,0xC1,0x04EE,0x0B04EE,CB:04EE,True
18,0x12,朱雀の刀,0,0x84,0x051C,0x0B051C,CB:051C,False
18,0x12,朱雀の刀,1,0x83,0x0522,0x0B0522,CB:0522,False
18,0x12,朱雀の刀,2,0x82,0x0408,0x0B0408,CB:0408,False
18,0x12,朱雀の刀,3,0xC1,0x052A,0x0B052A,CB:052A,True
19,0x13,青龍の刀,0,0x84,0x03DB,0x0B03DB,CB:03DB,False
19,0x13,青龍の刀,1,0x83,0x0557,0x0B0557,CB:0557,False
19,0x13,青龍の刀,2,0x82,0x0408,0x0B0408,CB:0408,False
19,0x13,青龍の刀,3,0xC1,0x055F,0x0B055F,CB:055F,True
20,0x14,酒呑の剣,0,0x84,0x03DB,0x0B03DB,CB:03DB,False
20,0x14,酒呑の剣,1,0x83,0x058C,0x0B058C,CB:058C,False
20,0x14,酒呑の剣,2,0x82,0x0408,0x0B0408,CB:0408,False
20,0x14,酒呑の剣,3,0xC8,0x0594,0x0B0594,CB:0594,True
21,0x15,なし,0,0x84,0x03DB,0x0B03DB,CB:03DB,False
21,0x15,なし,1,0x83,0x03E1,0x0B03E1,CB:03E1,False
21,0x15,なし,2,0x82,0x0408,0x0B0408,CB:0408,False
22,0x16,木の皮の胴,0,0x84,0x03DB,0x0B03DB,CB:03DB,False
22,0x16,木の皮の胴,1,0x83,0x03E1,0x0B03E1,CB:03E1,False
22,0x16,木の皮の胴,2,0x82,0x0408,0x0B0408,CB:0408,False
23,0x17,麻糸の胴,0,0x84,0x03DB,0x0B03DB,CB:03DB,False
23,0x17,麻糸の胴,1,0x83,0x03E1,0x0B03E1,CB:03E1,False
23,0x17,麻糸の胴,2,0x82,0x0408,0x0B0408,CB:0408,False
24,0x18,竹の胴,0,0x84,0x03DB,0x0B03DB,CB:03DB,False
24,0x18,竹の胴,1,0x83,0x03E1,0x0B03E1,CB:03E1,False
24,0x18,竹の胴,2,0x82,0x0408,0x0B0408,CB:0408,False
25,0x19,一枚胴,0,0x84,0x03DB,0x0B03DB,CB:03DB,False
25,0x19,一枚胴,1,0x83,0x03E1,0x0B03E1,CB:03E1,False
25,0x19,一枚胴,2,0x82,0x0408,0x0B0408,CB:0408,False
26,0x1A,二枚胴,0,0x84,0x03DB,0x0B03DB,CB:03DB,False
26,0x1A,二枚胴,1,0x83,0x03E1,0x0B03E1,CB:03E1,False
26,0x1A,二枚胴,2,0x82,0x0408,0x0B0408,CB:0408,False
27,0x1B,三枚胴,0,0x84,0x03DB,0x0B03DB,CB:03DB,False
27,0x1B,三枚胴,1,0x83,0x03E1,0x0B03E1,CB:03E1,False
27,0x1B,三枚胴,2,0x82,0x0408,0x0B0408,CB:0408,False
28,0x1C,鎧,0,0x84,0x03DB,0x0B03DB,CB:03DB,False
28,0x1C,鎧,1,0x83,0x03E1,0x0B03E1,CB:03E1,False
28,0x1C,鎧,2,0x82,0x0408,0x0B0408,CB:0408,False
29,0x1D,大鎧,0,0x84,0x03DB,0x0B03DB,CB:03DB,False
29,0x1D,大鎧,1,0x83,0x03E1,0x0B03E1,CB:03E1,False
29,0x1D,大鎧,2,0x82,0x0408,0x0B0408,CB:0408,False
30,0x1E,武者鎧,0,0x84,0x03DB,0x0B03DB,CB:03DB,False
30,0x1E,武者鎧,1,0x83,0x03E1,0x0B03E1,CB:03E1,False
30,0x1E,武者鎧,2,0x82,0x0408,0x0B0408,CB:0408,False
31,0x1F,勇気の鎧,0,0x84,0x03DB,0x0B03DB,CB:03DB,False
31,0x1F,勇気の鎧,1,0x83,0x03E1,0x0B03E1,CB:03E1,False
31,0x1F,勇気の鎧,2,0x82,0x0408,0x0B0408,CB:0408,False
32,0x20,なし,0,0x84,0x03DB,0x0B03DB,CB:03DB,False
32,0x20,なし,1,0x83,0x03E1,0x0B03E1,CB:03E1,False
32,0x20,なし,2,0x82,0x0408,0x0B0408,CB:0408,False
33,0x21,なし,0,0x84,0x03DB,0x0B03DB,CB:03DB,False
33,0x21,なし,1,0x83,0x03E1,0x0B03E1,CB:03E1,False
33,0x21,なし,2,0x82,0x0408,0x0B0408,CB:0408,False
34,0x22,なし,0,0x84,0x03DB,0x0B03DB,CB:03DB,False
34,0x22,なし,1,0x83,0x03E1,0x0B03E1,CB:03E1,False
34,0x22,なし,2,0x82,0x0408,0x0B0408,CB:0408,False
35,0x23,まさかり,0,0x84,0x03DB,0x0B03DB,CB:03DB,False
35,0x23,まさかり,1,0x83,0x03E1,0x0B03E1,CB:03E1,False
35,0x23,まさかり,2,0x82,0x0408,0x0B0408,CB:0408,False
36,0x24,大まさかり,0,0x84,0x03DB,0x0B03DB,CB:03DB,False
36,0x24,大まさかり,1,0x83,0x03E1,0x0B03E1,CB:03E1,False
36,0x24,大まさかり,2,0x82,0x0408,0x0B0408,CB:0408,False
37,0x25,銅のまさかり,0,0x84,0x03DB,0x0B03DB,CB:03DB,False
37,0x25,銅のまさかり,1,0x83,0x03E1,0x0B03E1,CB:03E1,False
37,0x25,銅のまさかり,2,0x82,0x0408,0x0B0408,CB:0408,False
38,0x26,銀のまさかり,0,0x84,0x03DB,0x0B03DB,CB:03DB,False
38,0x26,銀のまさかり,1,0x83,0x03E1,0x0B03E1,CB:03E1,False
38,0x26,銀のまさかり,2,0x82,0x0408,0x0B0408,CB:0408,False
39,0x27,金のまさかり,0,0x84,0x03DB,0x0B03DB,CB:03DB,False
39,0x27,金のまさかり,1,0x83,0x03E1,0x0B03E1,CB:03E1,False
39,0x27,金のまさかり,2,0x82,0x0408,0x0B0408,CB:0408,False
40,0x28,希望のまさかり,0,0x84,0x03DB,0x0B03DB,CB:03DB,False
40,0x28,希望のまさかり,1,0x83,0x03E1,0x0B03E1,CB:03E1,False
40,0x28,希望のまさかり,2,0x82,0x0408,0x0B0408,CB:0408,False
41,0x29,なし,0,0x84,0x03DB,0x0B03DB,CB:03DB,False
41,0x29,なし,1,0x83,0x03E1,0x0B03E1,CB:03E1,False
41,0x29,なし,2,0x82,0x0408,0x0B0408,CB:0408,False
42,0x2A,なし,0,0x84,0x03DB,0x0B03DB,CB:03DB,False
42,0x2A,なし,1,0x83,0x03E1,0x0B03E1,CB:03E1,False
42,0x2A,なし,2,0x82,0x0408,0x0B0408,CB:0408,False
43,0x2B,なし,0,0x84,0x03DB,0x0B03DB,CB:03DB,False
43,0x2B,なし,1,0x83,0x03E1,0x0B03E1,CB:03E1,False
43,0x2B,なし,2,0x82,0x0408,0x0B0408,CB:0408,False
44,0x2C,腹がけ,0,0x84,0x03DB,0x0B03DB,CB:03DB,False
44,0x2C,腹がけ,1,0x83,0x03E1,0x0B03E1,CB:03E1,False
44,0x2C,腹がけ,2,0x82,0x0408,0x0B0408,CB:0408,False
45,0x2D,木綿のはらがけ,0,0x84,0x03DB,0x0B03DB,CB:03DB,False
45,0x2D,木綿のはらがけ,1,0x83,0x03E1,0x0B03E1,CB:03E1,False
45,0x2D,木綿のはらがけ,2,0x82,0x0408,0x0B0408,CB:0408,False
46,0x2E,銀のはらがけ,0,0x84,0x03DB,0x0B03DB,CB:03DB,False
46,0x2E,銀のはらがけ,1,0x83,0x03E1,0x0B03E1,CB:03E1,False
46,0x2E,銀のはらがけ,2,0x82,0x0408,0x0B0408,CB:0408,False
47,0x2F,金のはらがけ,0,0x84,0x03DB,0x0B03DB,CB:03DB,False
47,0x2F,金のはらがけ,1,0x83,0x03E1,0x0B03E1,CB:03E1,False
47,0x2F,金のはらがけ,2,0x82,0x0408,0x0B0408,CB:0408,False
48,0x30,希望のはらがけ,0,0x84,0x03DB,0x0B03DB,CB:03DB,False
48,0x30,希望のはらがけ,1,0x83,0x03E1,0x0B03E1,CB:03E1,False
48,0x30,希望のはらがけ,2,0x82,0x0408,0x0B0408,CB:0408,False
49,0x31,なし,0,0x84,0x03DB,0x0B03DB,CB:03DB,False
49,0x31,なし,1,0x83,0x03E1,0x0B03E1,CB:03E1,False
49,0x31,なし,2,0x82,0x0408,0x0B0408,CB:0408,False
50,0x32,なし,0,0x84,0x03DB,0x0B03DB,CB:03DB,False
50,0x32,なし,1,0x83,0x03E1,0x0B03E1,CB:03E1,False
50,0x32,なし,2,0x82,0x0408,0x0B0408,CB:0408,False
51,0x33,なし,0,0x84,0x03DB,0x0B03DB,CB:03DB,False
51,0x33,なし,1,0x83,0x03E1,0x0B03E1,CB:03E1,False
51,0x33,なし,2,0x82,0x0408,0x0B0408,CB:0408,False
52,0x34,モリ,0,0x84,0x03DB,0x0B03DB,CB:03DB,False
52,0x34,モリ,1,0x83,0x03E1,0x0B03E1,CB:03E1,False
52,0x34,モリ,2,0x82,0x0408,0x0B0408,CB:0408,False
53,0x35,小波のモリ,0,0x84,0x03DB,0x0B03DB,CB:03DB,False
53,0x35,小波のモリ,1,0x83,0x03E1,0x0B03E1,CB:03E1,False
53,0x35,小波のモリ,2,0x82,0x0408,0x0B0408,CB:0408,False
54,0x36,白波のモリ,0,0x84,0x03DB,0x0B03DB,CB:03DB,False
54,0x36,白波のモリ,1,0x83,0x03E1,0x0B03E1,CB:03E1,False
54,0x36,白波のモリ,2,0x82,0x0408,0x0B0408,CB:0408,False
55,0x37,大波のモリ,0,0x84,0x03DB,0x0B03DB,CB:03DB,False
55,0x37,大波のモリ,1,0x83,0x03E1,0x0B03E1,CB:03E1,False
55,0x37,大波のモリ,2,0x82,0x0408,0x0B0408,CB:0408,False
56,0x38,高波のモリ,0,0x84,0x03DB,0x0B03DB,CB:03DB,False
56,0x38,高波のモリ,1,0x83,0x03E1,0x0B03E1,CB:03E1,False
56,0x38,高波のモリ,2,0x82,0x0408,0x0B0408,CB:0408,False
57,0x39,津波のモリ,0,0x84,0x03DB,0x0B03DB,CB:03DB,False
57,0x39,津波のモリ,1,0x83,0x03E1,0x0B03E1,CB:03E1,False
57,0x39,津波のモリ,2,0x82,0x0408,0x0B0408,CB:0408,False
58,0x3A,大津波のモリ,0,0x84,0x03DB,0x0B03DB,CB:03DB,False
58,0x3A,大津波のモリ,1,0x83,0x03E1,0x0B03E1,CB:03E1,False
58,0x3A,大津波のモリ,2,0x82,0x0408,0x0B0408,CB:0408,False
59,0x3B,正義のモリ,0,0x84,0x03DB,0x0B03DB,CB:03DB,False
59,0x3B,正義のモリ,1,0x83,0x03E1,0x0B03E1,CB:03E1,False
59,0x3B,正義のモリ,2,0x82,0x0408,0x0B0408,CB:0408,False
60,0x3C,夕凪のモリ,0,0x84,0x074B,0x0B074B,CB:074B,False
60,0x3C,夕凪のモリ,1,0x83,0x0751,0x0B0751,CB:0751,False
60,0x3C,夕凪のモリ,2,0x82,0x0408,0x0B0408,CB:0408,False
60,0x3C,夕凪のモリ,3,0xC1,0x0759,0x0B0759,CB:0759,True
61,0x3D,朝凪のモリ,0,0x84,0x078F,0x0B078F,CB:078F,False
61,0x3D,朝凪のモリ,1,0x83,0x0795,0x0B0795,CB:0795,False
61,0x3D,朝凪のモリ,2,0x82,0x0408,0x0B0408,CB:0408,False
61,0x3D,朝凪のモリ,3,0xC1,0x079D,0x0B079D,CB:079D,True
61,0x3D,朝凪のモリ,4,0xC2,0x07C2,0x0B07C2,CB:07C2,True
62,0x3E,なし,0,0x84,0x03DB,0x0B03DB,CB:03DB,False
62,0x3E,なし,1,0x83,0x03E1,0x0B03E1,CB:03E1,False
62,0x3E,なし,2,0x82,0x0408,0x0B0408,CB:0408,False
63,0x3F,なし,0,0x84,0x03DB,0x0B03DB,CB:03DB,False
63,0x3F,なし,1,0x83,0x03E1,0x0B03E1,CB:03E1,False
63,0x3F,なし,2,0x82,0x0408,0x0B0408,CB:0408,False
64,0x40,なし,0,0x84,0x03DB,0x0B03DB,CB:03DB,False
64,0x40,なし,1,0x83,0x03E1,0x0B03E1,CB:03E1,False
64,0x40,なし,2,0x82,0x0408,0x0B0408,CB:0408,False
65,0x41,漁師の着物,0,0x84,0x03DB,0x0B03DB,CB:03DB,False
65,0x41,漁師の着物,1,0x83,0x03E1,0x0B03E1,CB:03E1,False
65,0x41,漁師の着物,2,0x82,0x0408,0x0B0408,CB:0408,False
66,0x42,豊漁の着物,0,0x84,0x03DB,0x0B03DB,CB:03DB,False
66,0x42,豊漁の着物,1,0x83,0x03E1,0x0B03E1,CB:03E1,False
66,0x42,豊漁の着物,2,0x82,0x0408,0x0B0408,CB:0408,False
67,0x43,大量の着物,0,0x84,0x03DB,0x0B03DB,CB:03DB,False
67,0x43,大量の着物,1,0x83,0x03E1,0x0B03E1,CB:03E1,False
67,0x43,大量の着物,2,0x82,0x0408,0x0B0408,CB:0408,False
68,0x44,黒潮の着物,0,0x84,0x03DB,0x0B03DB,CB:03DB,False
68,0x44,黒潮の着物,1,0x83,0x03E1,0x0B03E1,CB:03E1,False
68,0x44,黒潮の着物,2,0x82,0x0408,0x0B0408,CB:0408,False
69,0x45,正義の着物,0,0x84,0x03DB,0x0B03DB,CB:03DB,False
69,0x45,正義の着物,1,0x83,0x03E1,0x0B03E1,CB:03E1,False
69,0x45,正義の着物,2,0x82,0x0408,0x0B0408,CB:0408,False
70,0x46,なし,0,0x84,0x03DB,0x0B03DB,CB:03DB,False
70,0x46,なし,1,0x83,0x03E1,0x0B03E1,CB:03E1,False
70,0x46,なし,2,0x82,0x0408,0x0B0408,CB:0408,False
71,0x47,なし,0,0x84,0x03DB,0x0B03DB,CB:03DB,False
71,0x47,なし,1,0x83,0x03E1,0x0B03E1,CB:03E1,False
71,0x47,なし,2,0x82,0x0408,0x0B0408,CB:0408,False
72,0x48,なし,0,0x84,0x03DB,0x0B03DB,CB:03DB,False
72,0x48,なし,1,0x83,0x03E1,0x0B03E1,CB:03E1,False
72,0x48,なし,2,0x82,0x0408,0x0B0408,CB:0408,False
73,0x49,サンゴの杖,0,0x84,0x03DB,0x0B03DB,CB:03DB,False
73,0x49,サンゴの杖,1,0x83,0x03E1,0x0B03E1,CB:03E1,False
73,0x49,サンゴの杖,2,0x82,0x0408,0x0B0408,CB:0408,False
74,0x4A,ひすいの杖,0,0x84,0x03DB,0x0B03DB,CB:03DB,False
74,0x4A,ひすいの杖,1,0x83,0x03E1,0x0B03E1,CB:03E1,False
74,0x4A,ひすいの杖,2,0x82,0x0408,0x0B0408,CB:0408,False
75,0x4B,めのうの杖,0,0x84,0x03DB,0x0B03DB,CB:03DB,False
75,0x4B,めのうの杖,1,0x83,0x03E1,0x0B03E1,CB:03E1,False
75,0x4B,めのうの杖,2,0x82,0x0408,0x0B0408,CB:0408,False
76,0x4C,琥珀の杖,0,0x84,0x03DB,0x0B03DB,CB:03DB,False
76,0x4C,琥珀の杖,1,0x83,0x03E1,0x0B03E1,CB:03E1,False
76,0x4C,琥珀の杖,2,0x82,0x0408,0x0B0408,CB:0408,False
77,0x4D,真珠の杖,0,0x84,0x03DB,0x0B03DB,CB:03DB,False
77,0x4D,真珠の杖,1,0x83,0x03E1,0x0B03E1,CB:03E1,False
77,0x4D,真珠の杖,2,0x82,0x0408,0x0B0408,CB:0408,False
78,0x4E,銀の杖,0,0x84,0x03DB,0x0B03DB,CB:03DB,False
78,0x4E,銀の杖,1,0x83,0x03E1,0x0B03E1,CB:03E1,False
78,0x4E,銀の杖,2,0x82,0x0408,0x0B0408,CB:0408,False
79,0x4F,金の杖,0,0x84,0x03DB,0x0B03DB,CB:03DB,False
79,0x4F,金の杖,1,0x83,0x03E1,0x0B03E1,CB:03E1,False
79,0x4F,金の杖,2,0x82,0x0408,0x0B0408,CB:0408,False
80,0x50,流星の杖,0,0x84,0x03DB,0x0B03DB,CB:03DB,False
80,0x50,流星の杖,1,0x83,0x03E1,0x0B03E1,CB:03E1,False
80,0x50,流星の杖,2,0x82,0x0408,0x0B0408,CB:0408,False
81,0x51,愛の杖,0,0x84,0x03DB,0x0B03DB,CB:03DB,False
81,0x51,愛の杖,1,0x83,0x03E1,0x0B03E1,CB:03E1,False
81,0x51,愛の杖,2,0x82,0x0408,0x0B0408,CB:0408,False
82,0x52,なし,0,0x84,0x03DB,0x0B03DB,CB:03DB,False
82,0x52,なし,1,0x83,0x03E1,0x0B03E1,CB:03E1,False
82,0x52,なし,2,0x82,0x0408,0x0B0408,CB:0408,False
83,0x53,なし,0,0x84,0x03DB,0x0B03DB,CB:03DB,False
83,0x53,なし,1,0x83,0x03E1,0x0B03E1,CB:03E1,False
83,0x53,なし,2,0x82,0x0408,0x0B0408,CB:0408,False
84,0x54,なし,0,0x84,0x03DB,0x0B03DB,CB:03DB,False
84,0x54,なし,1,0x83,0x03E1,0x0B03E1,CB:03E1,False
84,0x54,なし,2,0x82,0x0408,0x0B0408,CB:0408,False
85,0x55,こそで,0,0x84,0x03DB,0x0B03DB,CB:03DB,False
85,0x55,こそで,1,0x83,0x03E1,0x0B03E1,CB:03E1,False
85,0x55,こそで,2,0x82,0x0408,0x0B0408,CB:0408,False
86,0x56,ふりそで,0,0x84,0x03DB,0x0B03DB,CB:03DB,False
86,0x56,ふりそで,1,0x83,0x03E1,0x0B03E1,CB:03E1,False
86,0x56,ふりそで,2,0x82,0x0408,0x0B0408,CB:0408,False
87,0x57,梅のふりそで,0,0x84,0x03DB,0x0B03DB,CB:03DB,False
87,0x57,梅のふりそで,1,0x83,0x03E1,0x0B03E1,CB:03E1,False
87,0x57,梅のふりそで,2,0x82,0x0408,0x0B0408,CB:0408,False
88,0x58,桜のふりそで,0,0x84,0x03DB,0x0B03DB,CB:03DB,False
88,0x58,桜のふりそで,1,0x83,0x03E1,0x0B03E1,CB:03E1,False
88,0x58,桜のふりそで,2,0x82,0x0408,0x0B0408,CB:0408,False
89,0x59,金のふりそで,0,0x84,0x03DB,0x0B03DB,CB:03DB,False
89,0x59,金のふりそで,1,0x83,0x03E1,0x0B03E1,CB:03E1,False
89,0x59,金のふりそで,2,0x82,0x0408,0x0B0408,CB:0408,False
90,0x5A,愛の十二単衣,0,0x84,0x03DB,0x0B03DB,CB:03DB,False
90,0x5A,愛の十二単衣,1,0x83,0x03E1,0x0B03E1,CB:03E1,False
90,0x5A,愛の十二単衣,2,0x82,0x0408,0x0B0408,CB:0408,False
91,0x5B,なし,0,0x84,0x03DB,0x0B03DB,CB:03DB,False
91,0x5B,なし,1,0x83,0x03E1,0x0B03E1,CB:03E1,False
91,0x5B,なし,2,0x82,0x0408,0x0B0408,CB:0408,False
92,0x5C,なし,0,0x84,0x03DB,0x0B03DB,CB:03DB,False
92,0x5C,なし,1,0x83,0x03E1,0x0B03E1,CB:03E1,False
92,0x5C,なし,2,0x82,0x0408,0x0B0408,CB:0408,False
93,0x5D,なし,0,0x84,0x03DB,0x0B03DB,CB:03DB,False
93,0x5D,なし,1,0x83,0x03E1,0x0B03E1,CB:03E1,False
93,0x5D,なし,2,0x82,0x0408,0x0B0408,CB:0408,False
94,0x5E,赤いバラ,0,0x84,0x03DB,0x0B03DB,CB:03DB,False
94,0x5E,赤いバラ,1,0x83,0x03E1,0x0B03E1,CB:03E1,False
94,0x5E,赤いバラ,2,0x82,0x0408,0x0B0408,CB:0408,False
95,0x5F,青いバラ,0,0x84,0x03DB,0x0B03DB,CB:03DB,False
95,0x5F,青いバラ,1,0x83,0x03E1,0x0B03E1,CB:03E1,False
95,0x5F,青いバラ,2,0x82,0x0408,0x0B0408,CB:0408,False
96,0x60,琥珀のバラ,0,0x84,0x03DB,0x0B03DB,CB:03DB,False
96,0x60,琥珀のバラ,1,0x83,0x03E1,0x0B03E1,CB:03E1,False
96,0x60,琥珀のバラ,2,0x82,0x0408,0x0B0408,CB:0408,False
97,0x61,べっこうのバラ,0,0x84,0x03DB,0x0B03DB,CB:03DB,False
97,0x61,べっこうのバラ,1,0x83,0x03E1,0x0B03E1,CB:03E1,False
97,0x61,べっこうのバラ,2,0x82,0x0408,0x0B0408,CB:0408,False
98,0x62,象牙のバラ,0,0x84,0x03DB,0x0B03DB,CB:03DB,False
98,0x62,象牙のバラ,1,0x83,0x03E1,0x0B03E1,CB:03E1,False
98,0x62,象牙のバラ,2,0x82,0x0408,0x0B0408,CB:0408,False
99,0x63,ギヤマンのバラ,0,0x84,0x03DB,0x0B03DB,CB:03DB,False
99,0x63,ギヤマンのバラ,1,0x83,0x03E1,0x0B03E1,CB:03E1,False
99,0x63,ギヤマンのバラ,2,0x82,0x0408,0x0B0408,CB:0408,False
100,0x64,銅のバラ,0,0x84,0x03DB,0x0B03DB,CB:03DB,False
100,0x64,銅のバラ,1,0x83,0x03E1,0x0B03E1,CB:03E1,False
100,0x64,銅のバラ,2,0x82,0x0408,0x0B0408,CB:0408,False
101,0x65,銀のバラ,0,0x84,0x03DB,0x0B03DB,CB:03DB,False
101,0x65,銀のバラ,1,0x83,0x03E1,0x0B03E1,CB:03E1,False
101,0x65,銀のバラ,2,0x82,0x0408,0x0B0408,CB:0408,False
102,0x66,金のバラ,0,0x84,0x03DB,0x0B03DB,CB:03DB,False
102,0x66,金のバラ,1,0x83,0x03E1,0x0B03E1,CB:03E1,False
102,0x66,金のバラ,2,0x82,0x0408,0x0B0408,CB:0408,False
103,0x67,黄泉のバラ,0,0x84,0x03DB,0x0B03DB,CB:03DB,False
103,0x67,黄泉のバラ,1,0x83,0x03E1,0x0B03E1,CB:03E1,False
103,0x67,黄泉のバラ,2,0x82,0x0408,0x0B0408,CB:0408,False
104,0x68,なし,0,0x84,0x03DB,0x0B03DB,CB:03DB,False
104,0x68,なし,1,0x83,0x03E1,0x0B03E1,CB:03E1,False
104,0x68,なし,2,0x82,0x0408,0x0B0408,CB:0408,False
105,0x69,なし,0,0x84,0x03DB,0x0B03DB,CB:03DB,False
105,0x69,なし,1,0x83,0x03E1,0x0B03E1,CB:03E1,False
105,0x69,なし,2,0x82,0x0408,0x0B0408,CB:0408,False
106,0x6A,なし,0,0x84,0x03DB,0x0B03DB,CB:03DB,False
106,0x6A,なし,1,0x83,0x03E1,0x0B03E1,CB:03E1,False
106,0x6A,なし,2,0x82,0x0408,0x0B0408,CB:0408,False
107,0x6B,真紅の絹,0,0x84,0x03DB,0x0B03DB,CB:03DB,False
107,0x6B,真紅の絹,1,0x83,0x03E1,0x0B03E1,CB:03E1,False
107,0x6B,真紅の絹,2,0x82,0x0408,0x0B0408,CB:0408,False
108,0x6C,綾織の絹,0,0x84,0x03DB,0x0B03DB,CB:03DB,False
108,0x6C,綾織の絹,1,0x83,0x03E1,0x0B03E1,CB:03E1,False
108,0x6C,綾織の絹,2,0x82,0x0408,0x0B0408,CB:0408,False
109,0x6D,羽二重の絹,0,0x84,0x03DB,0x0B03DB,CB:03DB,False
109,0x6D,羽二重の絹,1,0x83,0x03E1,0x0B03E1,CB:03E1,False
109,0x6D,羽二重の絹,2,0x82,0x0408,0x0B0408,CB:0408,False
110,0x6E,黄泉の絹,0,0x84,0x03DB,0x0B03DB,CB:03DB,False
110,0x6E,黄泉の絹,1,0x83,0x03E1,0x0B03E1,CB:03E1,False
110,0x6E,黄泉の絹,2,0x82,0x0408,0x0B0408,CB:0408,False
111,0x6F,なし,0,0x84,0x03DB,0x0B03DB,CB:03DB,False
111,0x6F,なし,1,0x83,0x03E1,0x0B03E1,CB:03E1,False
111,0x6F,なし,2,0x82,0x0408,0x0B0408,CB:0408,False
112,0x70,なし,0,0x84,0x03DB,0x0B03DB,CB:03DB,False
112,0x70,なし,1,0x83,0x03E1,0x0B03E1,CB:03E1,False
112,0x70,なし,2,0x82,0x0408,0x0B0408,CB:0408,False
113,0x71,なし,0,0x84,0x03DB,0x0B03DB,CB:03DB,False
113,0x71,なし,1,0x83,0x03E1,0x0B03E1,CB:03E1,False
113,0x71,なし,2,0x82,0x0408,0x0B0408,CB:0408,False
114,0x72,出刃包丁,0,0x84,0x03DB,0x0B03DB,CB:03DB,False
114,0x72,出刃包丁,1,0x83,0x09DF,0x0B09DF,CB:09DF,False
114,0x72,出刃包丁,2,0xC8,0x09E7,0x0B09E7,CB:09E7,True
114,0x72,出刃包丁,3,0x82,0x0408,0x0B0408,CB:0408,False
115,0x73,小出刃包丁,0,0x84,0x03DB,0x0B03DB,CB:03DB,False
115,0x73,小出刃包丁,1,0x83,0x0A12,0x0B0A12,CB:0A12,False
115,0x73,小出刃包丁,2,0xC8,0x0A1A,0x0B0A1A,CB:0A1A,True
115,0x73,小出刃包丁,3,0x82,0x0408,0x0B0408,CB:0408,False
116,0x74,薄切り包丁,0,0x84,0x03DB,0x0B03DB,CB:03DB,False
116,0x74,薄切り包丁,1,0x83,0x0A30,0x0B0A30,CB:0A30,False
116,0x74,薄切り包丁,2,0xC8,0x0A38,0x0B0A38,CB:0A38,True
116,0x74,薄切り包丁,3,0x82,0x0408,0x0B0408,CB:0408,False
117,0x75,牛切り包丁,0,0x84,0x03DB,0x0B03DB,CB:03DB,False
117,0x75,牛切り包丁,1,0x83,0x0A5A,0x0B0A5A,CB:0A5A,False
117,0x75,牛切り包丁,2,0x82,0x0408,0x0B0408,CB:0408,False
118,0x76,葉切り包丁,0,0x84,0x03DB,0x0B03DB,CB:03DB,False
118,0x76,葉切り包丁,1,0x83,0x09DF,0x0B09DF,CB:09DF,False
118,0x76,葉切り包丁,2,0xC8,0x09E7,0x0B09E7,CB:09E7,True
118,0x76,葉切り包丁,3,0x82,0x0408,0x0B0408,CB:0408,False
119,0x77,合出刃包丁,0,0x84,0x03DB,0x0B03DB,CB:03DB,False
119,0x77,合出刃包丁,1,0x83,0x0A12,0x0B0A12,CB:0A12,False
119,0x77,合出刃包丁,2,0xC8,0x0A1A,0x0B0A1A,CB:0A1A,True
119,0x77,合出刃包丁,3,0x82,0x0408,0x0B0408,CB:0408,False
120,0x78,柳刃包丁,0,0x84,0x03DB,0x0B03DB,CB:03DB,False
120,0x78,柳刃包丁,1,0x83,0x0A30,0x0B0A30,CB:0A30,False
120,0x78,柳刃包丁,2,0xC8,0x0A38,0x0B0A38,CB:0A38,True
120,0x78,柳刃包丁,3,0x82,0x0408,0x0B0408,CB:0408,False
121,0x79,骨切り包丁,0,0x84,0x03DB,0x0B03DB,CB:03DB,False
121,0x79,骨切り包丁,1,0x83,0x0A5A,0x0B0A5A,CB:0A5A,False
121,0x79,骨切り包丁,2,0x82,0x0408,0x0B0408,CB:0408,False
122,0x7A,切り出し包丁,0,0x84,0x03DB,0x0B03DB,CB:03DB,False
122,0x7A,切り出し包丁,1,0x83,0x0AA0,0x0B0AA0,CB:0AA0,False
122,0x7A,切り出し包丁,2,0xC8,0x09E7,0x0B09E7,CB:09E7,True
122,0x7A,切り出し包丁,3,0x82,0x0408,0x0B0408,CB:0408,False
123,0x7B,ドス,0,0x84,0x03DB,0x0B03DB,CB:03DB,False
123,0x7B,ドス,1,0x83,0x0AB8,0x0B0AB8,CB:0AB8,False
123,0x7B,ドス,2,0xC8,0x0AC0,0x0B0AC0,CB:0AC0,True
123,0x7B,ドス,3,0xC2,0x0AE8,0x0B0AE8,CB:0AE8,True
123,0x7B,ドス,4,0x82,0x0408,0x0B0408,CB:0408,False
124,0x7C,長ドス,0,0x84,0x03DB,0x0B03DB,CB:03DB,False
124,0x7C,長ドス,1,0x83,0x0A30,0x0B0A30,CB:0A30,False
124,0x7C,長ドス,2,0xC8,0x0A38,0x0B0A38,CB:0A38,True
124,0x7C,長ドス,3,0x82,0x0408,0x0B0408,CB:0408,False
125,0x7D,隼のドス,0,0x84,0x03DB,0x0B03DB,CB:03DB,False
125,0x7D,隼のドス,1,0x83,0x0A12,0x0B0A12,CB:0A12,False
125,0x7D,隼のドス,2,0xC8,0x0A1A,0x0B0A1A,CB:0A1A,True
125,0x7D,隼のドス,3,0x82,0x0408,0x0B0408,CB:0408,False
126,0x7E,団十郎,0,0x84,0x03DB,0x0B03DB,CB:03DB,False
126,0x7E,団十郎,1,0x83,0x0B14,0x0B0B14,CB:0B14,False
126,0x7E,団十郎,2,0xC8,0x09E7,0x0B09E7,CB:09E7,True
126,0x7E,団十郎,3,0x82,0x0408,0x0B0408,CB:0408,False
127,0x7F,村雨,0,0x84,0x03DB,0x0B03DB,CB:03DB,False
127,0x7F,村雨,1,0x83,0x0B29,0x0B0B29,CB:0B29,False
127,0x7F,村雨,2,0xC8,0x0AC0,0x0B0AC0,CB:0AC0,True
127,0x7F,村雨,3,0x82,0x0408,0x0B0408,CB:0408,False
128,0x80,村正,0,0x84,0x03DB,0x0B03DB,CB:03DB,False
128,0x80,村正,1,0x83,0x0A12,0x0B0A12,CB:0A12,False
128,0x80,村正,2,0xC8,0x0A1A,0x0B0A1A,CB:0A1A,True
128,0x80,村正,3,0x82,0x0408,0x0B0408,CB:0408,False
129,0x81,孫六,0,0x84,0x03DB,0x0B03DB,CB:03DB,False
129,0x81,孫六,1,0x83,0x0A30,0x0B0A30,CB:0A30,False
129,0x81,孫六,2,0xC8,0x0A38,0x0B0A38,CB:0A38,True
129,0x81,孫六,3,0x82,0x0408,0x0B0408,CB:0408,False
130,0x82,菊一文字,0,0x84,0x03DB,0x0B03DB,CB:03DB,False
130,0x82,菊一文字,1,0x83,0x0A5A,0x0B0A5A,CB:0A5A,False
130,0x82,菊一文字,2,0x82,0x0408,0x0B0408,CB:0408,False
131,0x83,なし,0,0x84,0x03DB,0x0B03DB,CB:03DB,False
131,0x83,なし,1,0x83,0x03E1,0x0B03E1,CB:03E1,False
131,0x83,なし,2,0x82,0x0408,0x0B0408,CB:0408,False
132,0x84,なし,0,0x84,0x03DB,0x0B03DB,CB:03DB,False
132,0x84,なし,1,0x83,0x03E1,0x0B03E1,CB:03E1,False
132,0x84,なし,2,0x82,0x0408,0x0B0408,CB:0408,False
133,0x85,なし,0,0x84,0x03DB,0x0B03DB,CB:03DB,False
133,0x85,なし,1,0x83,0x03E1,0x0B03E1,CB:03E1,False
133,0x85,なし,2,0x82,0x0408,0x0B0408,CB:0408,False
134,0x86,着流し,0,0x84,0x03DB,0x0B03DB,CB:03DB,False
134,0x86,着流し,1,0x83,0x03E1,0x0B03E1,CB:03E1,False
134,0x86,着流し,2,0x82,0x0408,0x0B0408,CB:0408,False
135,0x87,小そで着流し,0,0x84,0x03DB,0x0B03DB,CB:03DB,False
135,0x87,小そで着流し,1,0x83,0x03E1,0x0B03E1,CB:03E1,False
135,0x87,小そで着流し,2,0x82,0x0408,0x0B0408,CB:0408,False
136,0x88,大そで着流し,0,0x84,0x03DB,0x0B03DB,CB:03DB,False
136,0x88,大そで着流し,1,0x83,0x03E1,0x0B03E1,CB:03E1,False
136,0x88,大そで着流し,2,0x82,0x0408,0x0B0408,CB:0408,False
137,0x89,染めつけ着流し,0,0x84,0x03DB,0x0B03DB,CB:03DB,False
137,0x89,染めつけ着流し,1,0x83,0x03E1,0x0B03E1,CB:03E1,False
137,0x89,染めつけ着流し,2,0x82,0x0408,0x0B0408,CB:0408,False
138,0x8A,しぼり着流し,0,0x84,0x03DB,0x0B03DB,CB:03DB,False
138,0x8A,しぼり着流し,1,0x83,0x03E1,0x0B03E1,CB:03E1,False
138,0x8A,しぼり着流し,2,0x82,0x0408,0x0B0408,CB:0408,False
139,0x8B,つむぎ着流し,0,0x84,0x03DB,0x0B03DB,CB:03DB,False
139,0x8B,つむぎ着流し,1,0x83,0x03E1,0x0B03E1,CB:03E1,False
139,0x8B,つむぎ着流し,2,0x82,0x0408,0x0B0408,CB:0408,False
140,0x8C,なし,0,0x84,0x03DB,0x0B03DB,CB:03DB,False
140,0x8C,なし,1,0x83,0x03E1,0x0B03E1,CB:03E1,False
140,0x8C,なし,2,0x82,0x0408,0x0B0408,CB:0408,False
141,0x8D,なし,0,0x84,0x03DB,0x0B03DB,CB:03DB,False
141,0x8D,なし,1,0x83,0x03E1,0x0B03E1,CB:03E1,False
141,0x8D,なし,2,0x82,0x0408,0x0B0408,CB:0408,False
142,0x8E,なし,0,0x84,0x03DB,0x0B03DB,CB:03DB,False
142,0x8E,なし,1,0x83,0x03E1,0x0B03E1,CB:03E1,False
142,0x8E,なし,2,0x82,0x0408,0x0B0408,CB:0408,False
143,0x8F,金棒,0,0x84,0x03DB,0x0B03DB,CB:03DB,False
143,0x8F,金棒,1,0x83,0x03E1,0x0B03E1,CB:03E1,False
143,0x8F,金棒,2,0x82,0x0408,0x0B0408,CB:0408,False
144,0x90,銅の金棒,0,0x84,0x03DB,0x0B03DB,CB:03DB,False
144,0x90,銅の金棒,1,0x83,0x03E1,0x0B03E1,CB:03E1,False
144,0x90,銅の金棒,2,0x82,0x0408,0x0B0408,CB:0408,False
145,0x91,鉄の金棒,0,0x84,0x03DB,0x0B03DB,CB:03DB,False
145,0x91,鉄の金棒,1,0x83,0x03E1,0x0B03E1,CB:03E1,False
145,0x91,鉄の金棒,2,0x82,0x0408,0x0B0408,CB:0408,False
146,0x92,火の金棒,0,0x84,0x03DB,0x0B03DB,CB:03DB,False
146,0x92,火の金棒,1,0x83,0x03E1,0x0B03E1,CB:03E1,False
146,0x92,火の金棒,2,0x82,0x0408,0x0B0408,CB:0408,False
147,0x93,炎の金棒,0,0x84,0x03DB,0x0B03DB,CB:03DB,False
147,0x93,炎の金棒,1,0x83,0x03E1,0x0B03E1,CB:03E1,False
147,0x93,炎の金棒,2,0x82,0x0408,0x0B0408,CB:0408,False
148,0x94,力の金棒,0,0x84,0x03DB,0x0B03DB,CB:03DB,False
148,0x94,力の金棒,1,0x83,0x03E1,0x0B03E1,CB:03E1,False
148,0x94,力の金棒,2,0x82,0x0408,0x0B0408,CB:0408,False
149,0x95,怒りの金棒,0,0x84,0x03DB,0x0B03DB,CB:03DB,False
149,0x95,怒りの金棒,1,0x83,0x03E1,0x0B03E1,CB:03E1,False
149,0x95,怒りの金棒,2,0x82,0x0408,0x0B0408,CB:0408,False
150,0x96,なし,0,0x84,0x03DB,0x0B03DB,CB:03DB,False
150,0x96,なし,1,0x83,0x03E1,0x0B03E1,CB:03E1,False
150,0x96,なし,2,0x82,0x0408,0x0B0408,CB:0408,False
151,0x97,なし,0,0x84,0x03DB,0x0B03DB,CB:03DB,False
151,0x97,なし,1,0x83,0x03E1,0x0B03E1,CB:03E1,False
151,0x97,なし,2,0x82,0x0408,0x0B0408,CB:0408,False
152,0x98,なし,0,0x84,0x03DB,0x0B03DB,CB:03DB,False
152,0x98,なし,1,0x83,0x03E1,0x0B03E1,CB:03E1,False
152,0x98,なし,2,0x82,0x0408,0x0B0408,CB:0408,False
153,0x99,虎のこしまき,0,0x84,0x03DB,0x0B03DB,CB:03DB,False
153,0x99,虎のこしまき,1,0x83,0x03E1,0x0B03E1,CB:03E1,False
153,0x99,虎のこしまき,2,0x82,0x0408,0x0B0408,CB:0408,False
154,0x9A,銀のこしまき,0,0x84,0x03DB,0x0B03DB,CB:03DB,False
154,0x9A,銀のこしまき,1,0x83,0x03E1,0x0B03E1,CB:03E1,False
154,0x9A,銀のこしまき,2,0x82,0x0408,0x0B0408,CB:0408,False
155,0x9B,金のこしまき,0,0x84,0x03DB,0x0B03DB,CB:03DB,False
155,0x9B,金のこしまき,1,0x83,0x03E1,0x0B03E1,CB:03E1,False
155,0x9B,金のこしまき,2,0x82,0x0408,0x0B0408,CB:0408,False
156,0x9C,黄泉のこしまき,0,0x84,0x03DB,0x0B03DB,CB:03DB,False
156,0x9C,黄泉のこしまき,1,0x83,0x03E1,0x0B03E1,CB:03E1,False
156,0x9C,黄泉のこしまき,2,0x82,0x0408,0x0B0408,CB:0408,False
157,0x9D,なし,0,0x84,0x03DB,0x0B03DB,CB:03DB,False
157,0x9D,なし,1,0x83,0x03E1,0x0B03E1,CB:03E1,False
157,0x9D,なし,2,0x82,0x0408,0x0B0408,CB:0408,False
158,0x9E,なし,0,0x84,0x03DB,0x0B03DB,CB:03DB,False
158,0x9E,なし,1,0x83,0x03E1,0x0B03E1,CB:03E1,False
158,0x9E,なし,2,0x82,0x0408,0x0B0408,CB:0408,False
159,0x9F,なし,0,0x84,0x03DB,0x0B03DB,CB:03DB,False
159,0x9F,なし,1,0x83,0x03E1,0x0B03E1,CB:03E1,False
159,0x9F,なし,2,0x82,0x0408,0x0B0408,CB:0408,False
160,0xA0,独鈷,0,0x84,0x03DB,0x0B03DB,CB:03DB,False
160,0xA0,独鈷,1,0x83,0x03E1,0x0B03E1,CB:03E1,False
160,0xA0,独鈷,2,0x82,0x0408,0x0B0408,CB:0408,False
161,0xA1,火の独鈷,0,0x84,0x03DB,0x0B03DB,CB:03DB,False
161,0xA1,火の独鈷,1,0x83,0x03E1,0x0B03E1,CB:03E1,False
161,0xA1,火の独鈷,2,0x82,0x0408,0x0B0408,CB:0408,False
162,0xA2,炎の独鈷,0,0x84,0x03DB,0x0B03DB,CB:03DB,False
162,0xA2,炎の独鈷,1,0x83,0x03E1,0x0B03E1,CB:03E1,False
162,0xA2,炎の独鈷,2,0x82,0x0408,0x0B0408,CB:0408,False
163,0xA3,紅蓮の独鈷,0,0x84,0x03DB,0x0B03DB,CB:03DB,False
163,0xA3,紅蓮の独鈷,1,0x83,0x03E1,0x0B03E1,CB:03E1,False
163,0xA3,紅蓮の独鈷,2,0x82,0x0408,0x0B0408,CB:0408,False
164,0xA4,なし,0,0x84,0x03DB,0x0B03DB,CB:03DB,False
164,0xA4,なし,1,0x83,0x03E1,0x0B03E1,CB:03E1,False
164,0xA4,なし,2,0x82,0x0408,0x0B0408,CB:0408,False
165,0xA5,なし,0,0x84,0x03DB,0x0B03DB,CB:03DB,False
165,0xA5,なし,1,0x83,0x03E1,0x0B03E1,CB:03E1,False
165,0xA5,なし,2,0x82,0x0408,0x0B0408,CB:0408,False
166,0xA6,なし,0,0x84,0x03DB,0x0B03DB,CB:03DB,False
166,0xA6,なし,1,0x83,0x03E1,0x0B03E1,CB:03E1,False
166,0xA6,なし,2,0x82,0x0408,0x0B0408,CB:0408,False
167,0xA7,火の衣,0,0x84,0x03DB,0x0B03DB,CB:03DB,False
167,0xA7,火の衣,1,0x83,0x03E1,0x0B03E1,CB:03E1,False
167,0xA7,火の衣,2,0x82,0x0408,0x0B0408,CB:0408,False
168,0xA8,炎の衣,0,0x84,0x03DB,0x0B03DB,CB:03DB,False
168,0xA8,炎の衣,1,0x83,0x03E1,0x0B03E1,CB:03E1,False
168,0xA8,炎の衣,2,0x82,0x0408,0x0B0408,CB:0408,False
169,0xA9,火炎の衣,0,0x84,0x03DB,0x0B03DB,CB:03DB,False
169,0xA9,火炎の衣,1,0x83,0x03E1,0x0B03E1,CB:03E1,False
169,0xA9,火炎の衣,2,0x82,0x0408,0x0B0408,CB:0408,False
170,0xAA,黄泉の衣,0,0x84,0x03DB,0x0B03DB,CB:03DB,False
170,0xAA,黄泉の衣,1,0x83,0x03E1,0x0B03E1,CB:03E1,False
170,0xAA,黄泉の衣,2,0x82,0x0408,0x0B0408,CB:0408,False
171,0xAB,なし,0,0x84,0x03DB,0x0B03DB,CB:03DB,False
171,0xAB,なし,1,0x83,0x03E1,0x0B03E1,CB:03E1,False
171,0xAB,なし,2,0x82,0x0408,0x0B0408,CB:0408,False
172,0xAC,なし,0,0x84,0x03DB,0x0B03DB,CB:03DB,False
172,0xAC,なし,1,0x83,0x03E1,0x0B03E1,CB:03E1,False
172,0xAC,なし,2,0x82,0x0408,0x0B0408,CB:0408,False
173,0xAD,なし,0,0x84,0x03DB,0x0B03DB,CB:03DB,False
173,0xAD,なし,1,0x83,0x03E1,0x0B03E1,CB:03E1,False
173,0xAD,なし,2,0x82,0x0408,0x0B0408,CB:0408,False
174,0xAE,ハの銅丸,0,0x84,0x03DB,0x0B03DB,CB:03DB,False
174,0xAE,ハの銅丸,1,0x83,0x03E1,0x0B03E1,CB:03E1,False
174,0xAE,ハの銅丸,2,0x82,0x0408,0x0B0408,CB:0408,False
175,0xAF,ニの銅丸,0,0x84,0x03DB,0x0B03DB,CB:03DB,False
175,0xAF,ニの銅丸,1,0x83,0x03E1,0x0B03E1,CB:03E1,False
175,0xAF,ニの銅丸,2,0x82,0x0408,0x0B0408,CB:0408,False
176,0xB0,ホの銅丸,0,0x84,0x03DB,0x0B03DB,CB:03DB,False
176,0xB0,ホの銅丸,1,0x83,0x03E1,0x0B03E1,CB:03E1,False
176,0xB0,ホの銅丸,2,0x82,0x0408,0x0B0408,CB:0408,False
177,0xB1,ヘの銅丸,0,0x84,0x03DB,0x0B03DB,CB:03DB,False
177,0xB1,ヘの銅丸,1,0x83,0x03E1,0x0B03E1,CB:03E1,False
177,0xB1,ヘの銅丸,2,0x82,0x0408,0x0B0408,CB:0408,False
178,0xB2,トの銅丸,0,0x84,0x03DB,0x0B03DB,CB:03DB,False
178,0xB2,トの銅丸,1,0x83,0x03E1,0x0B03E1,CB:03E1,False
178,0xB2,トの銅丸,2,0x82,0x0408,0x0B0408,CB:0408,False
179,0xB3,イの銅丸,0,0x84,0x03DB,0x0B03DB,CB:03DB,False
179,0xB3,イの銅丸,1,0x83,0x03E1,0x0B03E1,CB:03E1,False
179,0xB3,イの銅丸,2,0x82,0x0408,0x0B0408,CB:0408,False
180,0xB4,ロの銅丸,0,0x84,0x03DB,0x0B03DB,CB:03DB,False
180,0xB4,ロの銅丸,1,0x83,0x03E1,0x0B03E1,CB:03E1,False
180,0xB4,ロの銅丸,2,0x82,0x0408,0x0B0408,CB:0408,False
181,0xB5,なし,0,0x84,0x03DB,0x0B03DB,CB:03DB,False
181,0xB5,なし,1,0x83,0x03E1,0x0B03E1,CB:03E1,False
181,0xB5,なし,2,0x82,0x0408,0x0B0408,CB:0408,False
182,0xB6,なし,0,0x84,0x03DB,0x0B03DB,CB:03DB,False
182,0xB6,なし,1,0x83,0x03E1,0x0B03E1,CB:03E1,False
182,0xB6,なし,2,0x82,0x0408,0x0B0408,CB:0408,False
183,0xB7,なし,0,0x84,0x03DB,0x0B03DB,CB:03DB,False
183,0xB7,なし,1,0x83,0x03E1,0x0B03E1,CB:03E1,False
183,0xB7,なし,2,0x82,0x0408,0x0B0408,CB:0408,False
184,0xB8,きんたんの錫杖,0,0x84,0x03DB,0x0B03DB,CB:03DB,False
184,0xB8,きんたんの錫杖,1,0x83,0x0D74,0x0B0D74,CB:0D74,False
184,0xB8,きんたんの錫杖,2,0x82,0x0408,0x0B0408,CB:0408,False
184,0xB8,きんたんの錫杖,3,0xC8,0x0D7C,0x0B0D7C,CB:0D7C,True
185,0xB9,稲妻の錫杖,0,0x84,0x03DB,0x0B03DB,CB:03DB,False
185,0xB9,稲妻の錫杖,1,0x83,0x0DA8,0x0B0DA8,CB:0DA8,False
185,0xB9,稲妻の錫杖,2,0x82,0x0408,0x0B0408,CB:0408,False
185,0xB9,稲妻の錫杖,3,0xC8,0x0DB0,0x0B0DB0,CB:0DB0,True
186,0xBA,魔よけの錫杖,0,0x84,0x03DB,0x0B03DB,CB:03DB,False
186,0xBA,魔よけの錫杖,1,0x83,0x0DDB,0x0B0DDB,CB:0DDB,False
186,0xBA,魔よけの錫杖,2,0x82,0x0408,0x0B0408,CB:0408,False
186,0xBA,魔よけの錫杖,3,0xC8,0x0DE3,0x0B0DE3,CB:0DE3,True
187,0xBB,鹿角の錫杖,0,0x84,0x03DB,0x0B03DB,CB:03DB,False
187,0xBB,鹿角の錫杖,1,0x83,0x0E04,0x0B0E04,CB:0E04,False
187,0xBB,鹿角の錫杖,2,0x82,0x0408,0x0B0408,CB:0408,False
187,0xBB,鹿角の錫杖,3,0xC8,0x0E08,0x0B0E08,CB:0E08,True
188,0xBC,なし,0,0x84,0x03DB,0x0B03DB,CB:03DB,False
188,0xBC,なし,1,0x83,0x03E1,0x0B03E1,CB:03E1,False
188,0xBC,なし,2,0x82,0x0408,0x0B0408,CB:0408,False
189,0xBD,なし,0,0x84,0x03DB,0x0B03DB,CB:03DB,False
189,0xBD,なし,1,0x83,0x03E1,0x0B03E1,CB:03E1,False
189,0xBD,なし,2,0x82,0x0408,0x0B0408,CB:0408,False
190,0xBE,なし,0,0x84,0x03DB,0x0B03DB,CB:03DB,False
190,0xBE,なし,1,0x83,0x03E1,0x0B03E1,CB:03E1,False
190,0xBE,なし,2,0x82,0x0408,0x0B0408,CB:0408,False
191,0xBF,麻のけさ,0,0x84,0x03DB,0x0B03DB,CB:03DB,False
191,0xBF,麻のけさ,1,0x83,0x03E1,0x0B03E1,CB:03E1,False
191,0xBF,麻のけさ,2,0x82,0x0408,0x0B0408,CB:0408,False
192,0xC0,木綿のけさ,0,0x84,0x03DB,0x0B03DB,CB:03DB,False
192,0xC0,木綿のけさ,1,0x83,0x03E1,0x0B03E1,CB:03E1,False
192,0xC0,木綿のけさ,2,0x82,0x0408,0x0B0408,CB:0408,False
193,0xC1,絹のけさ,0,0x84,0x03DB,0x0B03DB,CB:03DB,False
193,0xC1,絹のけさ,1,0x83,0x03E1,0x0B03E1,CB:03E1,False
193,0xC1,絹のけさ,2,0x82,0x0408,0x0B0408,CB:0408,False
194,0xC2,是空のけさ,0,0x84,0x03DB,0x0B03DB,CB:03DB,False
194,0xC2,是空のけさ,1,0x83,0x03E1,0x0B03E1,CB:03E1,False
194,0xC2,是空のけさ,2,0x82,0x0408,0x0B0408,CB:0408,False
195,0xC3,なし,0,0x84,0x03DB,0x0B03DB,CB:03DB,False
195,0xC3,なし,1,0x83,0x03E1,0x0B03E1,CB:03E1,False
195,0xC3,なし,2,0x82,0x0408,0x0B0408,CB:0408,False
196,0xC4,なし,0,0x84,0x03DB,0x0B03DB,CB:03DB,False
196,0xC4,なし,1,0x83,0x03E1,0x0B03E1,CB:03E1,False
196,0xC4,なし,2,0x82,0x0408,0x0B0408,CB:0408,False
197,0xC5,なし,0,0x84,0x03DB,0x0B03DB,CB:03DB,False
197,0xC5,なし,1,0x83,0x03E1,0x0B03E1,CB:03E1,False
197,0xC5,なし,2,0x82,0x0408,0x0B0408,CB:0408,False
198,0xC6,荒ナワのふんどし,0,0x84,0x03DB,0x0B03DB,CB:03DB,False
198,0xC6,荒ナワのふんどし,1,0x83,0x03E1,0x0B03E1,CB:03E1,False
198,0xC6,荒ナワのふんどし,2,0x82,0x0408,0x0B0408,CB:0408,False
199,0xC7,麻のふんどし,0,0x84,0x03DB,0x0B03DB,CB:03DB,False
199,0xC7,麻のふんどし,1,0x83,0x03E1,0x0B03E1,CB:03E1,False
199,0xC7,麻のふんどし,2,0x82,0x0408,0x0B0408,CB:0408,False
200,0xC8,木綿のふんどし,0,0x84,0x03DB,0x0B03DB,CB:03DB,False
200,0xC8,木綿のふんどし,1,0x83,0x03E1,0x0B03E1,CB:03E1,False
200,0xC8,木綿のふんどし,2,0x82,0x0408,0x0B0408,CB:0408,False
201,0xC9,絹のふんどし,0,0x84,0x03DB,0x0B03DB,CB:03DB,False
201,0xC9,絹のふんどし,1,0x83,0x03E1,0x0B03E1,CB:03E1,False
201,0xC9,絹のふんどし,2,0x82,0x0408,0x0B0408,CB:0408,False
202,0xCA,越中のふんどし,0,0x84,0x03DB,0x0B03DB,CB:03DB,False
202,0xCA,越中のふんどし,1,0x83,0x03E1,0x0B03E1,CB:03E1,False
202,0xCA,越中のふんどし,2,0x82,0x0408,0x0B0408,CB:0408,False
203,0xCB,金のふんどし,0,0x84,0x03DB,0x0B03DB,CB:03DB,False
203,0xCB,金のふんどし,1,0x83,0x03E1,0x0B03E1,CB:03E1,False
203,0xCB,金のふんどし,2,0x82,0x0408,0x0B0408,CB:0408,False
204,0xCC,なし,0,0x84,0x03DB,0x0B03DB,CB:03DB,False
204,0xCC,なし,1,0x83,0x03E1,0x0B03E1,CB:03E1,False
204,0xCC,なし,2,0x82,0x0408,0x0B0408,CB:0408,False
205,0xCD,なし,0,0x84,0x03DB,0x0B03DB,CB:03DB,False
205,0xCD,なし,1,0x83,0x03E1,0x0B03E1,CB:03E1,False
205,0xCD,なし,2,0x82,0x0408,0x0B0408,CB:0408,False
206,0xCE,なし,0,0x84,0x03DB,0x0B03DB,CB:03DB,False
206,0xCE,なし,1,0x83,0x03E1,0x0B03E1,CB:03E1,False
206,0xCE,なし,2,0x82,0x0408,0x0B0408,CB:0408,False
207,0xCF,なし,0,0x84,0x03DB,0x0B03DB,CB:03DB,False
207,0xCF,なし,1,0x83,0x0EE8,0x0B0EE8,CB:0EE8,False
207,0xCF,なし,2,0x82,0x0408,0x0B0408,CB:0408,False
208,0xD0,なし,0,0x84,0x03DB,0x0B03DB,CB:03DB,False
208,0xD0,なし,1,0x83,0x03E1,0x0B03E1,CB:03E1,False
208,0xD0,なし,2,0x82,0x0408,0x0B0408,CB:0408,False
209,0xD1,鬼のかぎづめ,0,0x84,0x03DB,0x0B03DB,CB:03DB,False
209,0xD1,鬼のかぎづめ,1,0x83,0x0F04,0x0B0F04,CB:0F04,False
209,0xD1,鬼のかぎづめ,2,0x82,0x0408,0x0B0408,CB:0408,False
210,0xD2,なし,0,0x84,0x03DB,0x0B03DB,CB:03DB,False
210,0xD2,なし,1,0x83,0x03E1,0x0B03E1,CB:03E1,False
210,0xD2,なし,2,0x82,0x0408,0x0B0408,CB:0408,False
211,0xD3,なし,0,0x84,0x03DB,0x0B03DB,CB:03DB,False
211,0xD3,なし,1,0x83,0x03E1,0x0B03E1,CB:03E1,False
211,0xD3,なし,2,0x82,0x0408,0x0B0408,CB:0408,False
212,0xD4,なし,0,0x84,0x03DB,0x0B03DB,CB:03DB,False
212,0xD4,なし,1,0x83,0x03E1,0x0B03E1,CB:03E1,False
212,0xD4,なし,2,0x82,0x0408,0x0B0408,CB:0408,False
213,0xD5,はちまき,0,0x84,0x03DB,0x0B03DB,CB:03DB,False
213,0xD5,はちまき,1,0x83,0x03E1,0x0B03E1,CB:03E1,False
213,0xD5,はちまき,2,0x82,0x0408,0x0B0408,CB:0408,False
214,0xD6,はちがね,0,0x84,0x03DB,0x0B03DB,CB:03DB,False
214,0xD6,はちがね,1,0x83,0x03E1,0x0B03E1,CB:03E1,False
214,0xD6,はちがね,2,0x82,0x0408,0x0B0408,CB:0408,False
215,0xD7,かぶと,0,0x84,0x03DB,0x0B03DB,CB:03DB,False
215,0xD7,かぶと,1,0x83,0x03E1,0x0B03E1,CB:03E1,False
215,0xD7,かぶと,2,0x82,0x0408,0x0B0408,CB:0408,False
216,0xD8,勇気のかぶと,0,0x84,0x03DB,0x0B03DB,CB:03DB,False
216,0xD8,勇気のかぶと,1,0x83,0x03E1,0x0B03E1,CB:03E1,False
216,0xD8,勇気のかぶと,2,0x82,0x0408,0x0B0408,CB:0408,False
217,0xD9,赤はちまき,0,0x84,0x03DB,0x0B03DB,CB:03DB,False
217,0xD9,赤はちまき,1,0x83,0x03E1,0x0B03E1,CB:03E1,False
217,0xD9,赤はちまき,2,0x82,0x0408,0x0B0408,CB:0408,False
218,0xDA,なし,0,0x84,0x03DB,0x0B03DB,CB:03DB,False
218,0xDA,なし,1,0x83,0x03E1,0x0B03E1,CB:03E1,False
218,0xDA,なし,2,0x82,0x0408,0x0B0408,CB:0408,False
219,0xDB,なし,0,0x84,0x03DB,0x0B03DB,CB:03DB,False
219,0xDB,なし,1,0x83,0x03E1,0x0B03E1,CB:03E1,False
219,0xDB,なし,2,0x82,0x0408,0x0B0408,CB:0408,False
220,0xDC,わらじの足袋,0,0x84,0x03DB,0x0B03DB,CB:03DB,False
220,0xDC,わらじの足袋,1,0x83,0x03E1,0x0B03E1,CB:03E1,False
220,0xDC,わらじの足袋,2,0x82,0x0408,0x0B0408,CB:0408,False
221,0xDD,ウサギの足袋,0,0x84,0x03DB,0x0B03DB,CB:03DB,False
221,0xDD,ウサギの足袋,1,0x83,0x03E1,0x0B03E1,CB:03E1,False
221,0xDD,ウサギの足袋,2,0x82,0x0408,0x0B0408,CB:0408,False
222,0xDE,キツネの足袋,0,0x84,0x03DB,0x0B03DB,CB:03DB,False
222,0xDE,キツネの足袋,1,0x83,0x03E1,0x0B03E1,CB:03E1,False
222,0xDE,キツネの足袋,2,0x82,0x0408,0x0B0408,CB:0408,False
223,0xDF,なし,0,0x84,0x03DB,0x0B03DB,CB:03DB,False
223,0xDF,なし,1,0x83,0x03E1,0x0B03E1,CB:03E1,False
223,0xDF,なし,2,0x82,0x0408,0x0B0408,CB:0408,False
224,0xE0,かんじき,0,0x84,0x03DB,0x0B03DB,CB:03DB,False
224,0xE0,かんじき,1,0x83,0x03E1,0x0B03E1,CB:03E1,False
224,0xE0,かんじき,2,0x82,0x0408,0x0B0408,CB:0408,False
225,0xE1,シシの足袋,0,0x84,0x03DB,0x0B03DB,CB:03DB,False
225,0xE1,シシの足袋,1,0x83,0x03E1,0x0B03E1,CB:03E1,False
225,0xE1,シシの足袋,2,0x82,0x0408,0x0B0408,CB:0408,False
226,0xE2,ヒョウの足袋,0,0x84,0x03DB,0x0B03DB,CB:03DB,False
226,0xE2,ヒョウの足袋,1,0x83,0x03E1,0x0B03E1,CB:03E1,False
226,0xE2,ヒョウの足袋,2,0x82,0x0408,0x0B0408,CB:0408,False
227,0xE3,白象の足袋,0,0x84,0x03DB,0x0B03DB,CB:03DB,False
227,0xE3,白象の足袋,1,0x83,0x03E1,0x0B03E1,CB:03E1,False
227,0xE3,白象の足袋,2,0x82,0x0408,0x0B0408,CB:0408,False
228,0xE4,黄泉の足袋,0,0x84,0x03DB,0x0B03DB,CB:03DB,False
228,0xE4,黄泉の足袋,1,0x83,0x03E1,0x0B03E1,CB:03E1,False
228,0xE4,黄泉の足袋,2,0x82,0x0408,0x0B0408,CB:0408,False
229,0xE5,愛の足袋,0,0x84,0x03DB,0x0B03DB,CB:03DB,False
229,0xE5,愛の足袋,1,0x83,0x03E1,0x0B03E1,CB:03E1,False
229,0xE5,愛の足袋,2,0x82,0x0408,0x0B0408,CB:0408,False
230,0xE6,勇気の沓,0,0x84,0x03DB,0x0B03DB,CB:03DB,False
230,0xE6,勇気の沓,1,0x83,0x03E1,0x0B03E1,CB:03E1,False
230,0xE6,勇気の沓,2,0x82,0x0408,0x0B0408,CB:0408,False
