pc,snes_lorom,asm,context_hex
00BB07,81:BB07,"LDA $0699,X",89 08 d0 08 ad 33 11 0d 6c 03 d0 53 bd 99 06 d0 4b bd 59 06 0a 0a a8 c2 20 b9 60 bb 85 2a e2 20 b9 62 bb 85 2c b9 63 bb 8d 5f 03 bd 19 06 0a a8
00BB49,81:BB49,"STA $0699,X",0b 98 d0 04 00 ea 80 16 a0 00 80 f1 9d 99 06 98 9d d9 06 c8 b7 2a 22 40 b3 80 de 99 06 6b 22 35 ad 80 6b 38 09 c3 06 b7 0b c3 07 c2 20 ad 37 11
019795,83:9795,"STA $0699,X",ad 98 13 8d 9a 13 9e 59 06 ad c7 15 9d 99 06 a5 de 89 04 f0 2b 20 02 98 ad 07 03 89 40 d0 11 c2 20 a9 e7 a0 85 0f e2 20 a9 81 85 11 22 c3 ad 80
0197DE,83:97DE,"LDA $0699,X",a9 83 85 11 22 c3 ad 80 22 58 a3 80 bd 99 06 8d c7 15 22 71 91 83 22 7a ad 81 22 8d 98 85 22 c2 f4 81 c2 20 a9 8e 96 85 0f e2 20 22 1d ad 80 6b
01A250,83:A250,"LDA $0799,X",a5 0f 85 a4 e2 20 a5 11 85 a6 80 17 bd 99 07 85 a4 bd d9 07 85 a5 bd 19 08 85 a6 bd 59 07 09 20 9d 59 07 38 80 01 18 fa 60 ad 01 03 d0 2b b9 e7
01A25F,83:A25F,"LDA $0759,X",85 a4 bd d9 07 85 a5 bd 19 08 85 a6 bd 59 07 09 20 9d 59 07 38 80 01 18 fa 60 ad 01 03 d0 2b b9 e7 0b 19 a7 0c d0 23 b9 a7 0b 38 e9 70 10 03 49
01A264,83:A264,"STA $0759,X",85 a5 bd 19 08 85 a6 bd 59 07 09 20 9d 59 07 38 80 01 18 fa 60 ad 01 03 d0 2b b9 e7 0b 19 a7 0c d0 23 b9 a7 0b 38 e9 70 10 03 49 ff 1a cd 0f 03
01AE27,83:AE27,"STA $0699,X",9d d9 05 ad 57 18 9d 59 06 ad 58 18 9d 99 06 ad 59 18 9d d9 06 a9 0f 8d 11 11 ad 5a 18 10 08 a9 f0 8d 11 11 ad 5a 18 9d 19 07 29 03 9d 59 07 ad
01AE47,83:AE47,"STA $0759,X",f0 8d 11 11 ad 5a 18 9d 19 07 29 03 9d 59 07 ad 5b 18 9d 99 07 ad 5c 18 9d d9 07 ad 5d 18 9d 19 08 a9 00 9d d9 09 9d d9 08 9d 19 06 bd d9 05 a8
01AE4D,83:AE4D,"STA $0799,X",18 9d 19 07 29 03 9d 59 07 ad 5b 18 9d 99 07 ad 5c 18 9d d9 07 ad 5d 18 9d 19 08 a9 00 9d d9 09 9d d9 08 9d 19 06 bd d9 05 a8 ad 56 18 20 63 b0
01AEEC,83:AEEC,"LDA $0699,X",85 84 6b 8d 56 18 bd 59 06 8d 57 18 bd 99 06 8d 58 18 bd d9 06 8d 59 18 bd 19 07 8d 5a 18 48 bd 59 07 48 bd 99 07 8d 5b 18 bd d9 07 8d 5c 18 bd
01AEFF,83:AEFF,"LDA $0759,X",d9 06 8d 59 18 bd 19 07 8d 5a 18 48 bd 59 07 48 bd 99 07 8d 5b 18 bd d9 07 8d 5c 18 bd 19 08 8d 5d 18 22 98 ad 81 22 bd ad 81 aa 68 29 bf 9d 59
01AF03,83:AF03,"LDA $0799,X",18 bd 19 07 8d 5a 18 48 bd 59 07 48 bd 99 07 8d 5b 18 bd d9 07 8d 5c 18 bd 19 08 8d 5d 18 22 98 ad 81 22 bd ad 81 aa 68 29 bf 9d 59 07 68 9d 19
01AF21,83:AF21,"STA $0759,X",22 98 ad 81 22 bd ad 81 aa 68 29 bf 9d 59 07 68 9d 19 07 6b 8e 7e 18 fe 99 08 20 42 af 20 a6 b2 20 f2 af 20 5a af 20 a1 b0 9c 7e 18 6b ae 7e 18
01AF45,83:AF45,"LDA $0759,X",5a af 20 a1 b0 9c 7e 18 6b ae 7e 18 bd 59 07 89 c0 d0 0d 89 20 f0 09 ad c7 15 29 07 3a 49 02 1a 60 ae 7e 18 bd 59 07 89 e0 d0 51 bd 19 07 29 10
01AF5D,83:AF5D,"LDA $0759,X",c7 15 29 07 3a 49 02 1a 60 ae 7e 18 bd 59 07 89 e0 d0 51 bd 19 07 29 10 0d e2 12 0d ab 12 05 de 0d 68 12 0d 01 03 d0 3c bd 19 06 d0 2b 22 68 bb
01AF86,83:AF86,"LDA $0759,X",19 06 d0 2b 22 68 bb 80 29 03 85 00 bd 59 07 29 03 c5 00 90 26 22 68 bb 80 29 1f d0 1e 22 68 bb 80 29 80 d0 0e 22 68 bb 80 29 03 1a ae 7e 18 22
01AFE9,83:AFE9,"LDA $0759,X",06 a9 00 99 19 06 fa 7a 60 9d d9 06 bd 59 07 09 10 9d 59 07 6b bd 59 07 89 80 f0 3a bd 59 07 29 03 a8 b9 34 b0 a8 5a ae 7e 18 bd d9 08 1a 29 0f
01AFEE,83:AFEE,"STA $0759,X",06 fa 7a 60 9d d9 06 bd 59 07 09 10 9d 59 07 6b bd 59 07 89 80 f0 3a bd 59 07 29 03 a8 b9 34 b0 a8 5a ae 7e 18 bd d9 08 1a 29 0f 9d d9 08 d0 08
01AFF2,83:AFF2,"LDA $0759,X",9d d9 06 bd 59 07 09 10 9d 59 07 6b bd 59 07 89 80 f0 3a bd 59 07 29 03 a8 b9 34 b0 a8 5a ae 7e 18 bd d9 08 1a 29 0f 9d d9 08 d0 08 bd 59 07 29
01AFF9,83:AFF9,"LDA $0759,X",10 9d 59 07 6b bd 59 07 89 80 f0 3a bd 59 07 29 03 a8 b9 34 b0 a8 5a ae 7e 18 bd d9 08 1a 29 0f 9d d9 08 d0 08 bd 59 07 29 7f 9d 59 07 bd d9 06
01B012,83:B012,"LDA $0759,X",18 bd d9 08 1a 29 0f 9d d9 08 d0 08 bd 59 07 29 7f 9d 59 07 bd d9 06 0a aa a4 6a bd 38 b0 22 ec bb 80 bd 39 b0 22 21 bc 80 7a 88 d0 d0 60 01 02
01B017,83:B017,"STA $0759,X",29 0f 9d d9 08 d0 08 bd 59 07 29 7f 9d 59 07 bd d9 06 0a aa a4 6a bd 38 b0 22 ec bb 80 bd 39 b0 22 21 bc 80 7a 88 d0 d0 60 01 02 04 08 00 00 01
01B050,83:B050,"LDA $0759,X",ad 43 15 d0 16 a0 00 be 5e 18 30 07 bd 59 07 89 40 d0 08 c8 c0 20 90 ef 18 80 01 38 fa 7a 6b 5a da ad 56 18 22 45 b4 81 85 00 ad 3c 11 d0 04 a9
01B084,83:B084,"LDA $0699,X",10 05 00 99 27 0b bd 59 06 8d 0b 03 bd 99 06 8d 0d 03 22 0f b1 81 ad 56 18 22 50 b4 81 18 7d d9 06 3a 22 88 ae 80 fa 7a 60 ae 7e 18 a4 6a bd 59
01B0A6,83:B0A6,"LDA $0759,X",22 88 ae 80 fa 7a 60 ae 7e 18 a4 6a bd 59 07 89 08 d0 50 89 b0 f0 4f bd 59 08 22 50 b4 81 18 7d d9 06 3a 22 79 ae 80 bd 59 07 29 ef 9d 59 07 bd
01B0C1,83:B0C1,"LDA $0759,X",50 b4 81 18 7d d9 06 3a 22 79 ae 80 bd 59 07 29 ef 9d 59 07 bd 59 07 89 80 d0 1c 89 20 f0 2c ad ab 12 f0 0e ad c3 12 f0 22 22 e8 b3 81 cd 7e 18
01B0C6,83:B0C6,"STA $0759,X",d9 06 3a 22 79 ae 80 bd 59 07 29 ef 9d 59 07 bd 59 07 89 80 d0 1c 89 20 f0 2c ad ab 12 f0 0e ad c3 12 f0 22 22 e8 b3 81 cd 7e 18 f0 05 20 06 b1
01B0C9,83:B0C9,"LDA $0759,X",22 79 ae 80 bd 59 07 29 ef 9d 59 07 bd 59 07 89 80 d0 1c 89 20 f0 2c ad ab 12 f0 0e ad c3 12 f0 22 22 e8 b3 81 cd 7e 18 f0 05 20 06 b1 80 14 bd
01B106,83:B106,"LDA $0759,X",80 80 03 20 01 b1 60 ad ab 12 d0 08 bd 59 07 29 df 9d 59 07 60 ad 0b 03 38 ed 73 15 18 69 07 c2 20 29 ff 00 0a 0a 0a 0a 85 1e e2 20 99 a7 0b a5
01B10B,83:B10B,"STA $0759,X",b1 60 ad ab 12 d0 08 bd 59 07 29 df 9d 59 07 60 ad 0b 03 38 ed 73 15 18 69 07 c2 20 29 ff 00 0a 0a 0a 0a 85 1e e2 20 99 a7 0b a5 1f 99 e7 0b ad
01B16D,83:B16D,"LDA $0699,X",bd 59 06 cd 13 03 f0 04 b0 18 90 16 bd 99 06 cd 14 03 f0 04 b0 0c 90 0a bd 19 07 89 20 f0 0b ee 80 18 c8 c0 20 90 ce 18 80 04 8e 7f 18 38 fa 7a
01B1A0,83:B1A0,"LDA $0759,X",18 da ad 7e 18 48 ae 7f 18 8e 7e 18 bd 59 07 89 80 d0 41 bd 19 07 89 08 f0 0f ad 81 18 22 e6 af 81 20 ff b1 b0 2e 20 b6 af ae 7e 18 bd 99 07 85
01B1C0,83:B1C0,"LDA $0799,X",81 20 ff b1 b0 2e 20 b6 af ae 7e 18 bd 99 07 85 a4 bd d9 07 85 a5 bd 19 08 85 a6 a9 86 22 7d 86 84 ad 68 12 d0 0e 22 68 bb 80 89 30 d0 06 29 03
01B25F,83:B25F,"LDA $0699,X",81 60 5a da ae 7e 18 bd d9 06 0a a8 bd 99 06 18 79 82 b2 8d 14 03 8d 0d 03 bd d9 06 0a a8 bd 59 06 18 79 81 b2 8d 13 03 8d 0b 03 fa 7a 60 00 00
01B28B,83:B28B,"LDA $0759,X",7a 60 00 00 01 00 00 01 ff 00 00 ff bd 59 07 09 40 9d 59 07 a5 0f 9d 19 09 a5 10 9d 59 09 a5 11 9d 99 09 9e d9 09 6b ae 7e 18 bd 59 07 89 40 f0
01B290,83:B290,"STA $0759,X",00 00 01 ff 00 00 ff bd 59 07 09 40 9d 59 07 a5 0f 9d 19 09 a5 10 9d 59 09 a5 11 9d 99 09 9e d9 09 6b ae 7e 18 bd 59 07 89 40 f0 20 29 a0 05 de
01B2A9,83:B2A9,"LDA $0759,X",a5 11 9d 99 09 9e d9 09 6b ae 7e 18 bd 59 07 89 40 f0 20 29 a0 05 de d0 1a bd d9 09 f0 09 3a 9d d9 09 d0 03 20 c5 b3 20 d1 b2 a7 0f 0a aa a0 01
01B301,83:B301,"LDA $0759,X",b3 8c b3 44 b3 ab b3 b1 b3 ae 7e 18 bd 59 07 29 bc 9d 59 07 bd 19 07 29 03 1d 59 07 9d 59 07 60 ae 7e 18 a7 0f 48 29 07 22 e6 af 81 68 30 06 20
01B306,83:B306,"STA $0759,X",ab b3 b1 b3 ae 7e 18 bd 59 07 29 bc 9d 59 07 bd 19 07 29 03 1d 59 07 9d 59 07 60 ae 7e 18 a7 0f 48 29 07 22 e6 af 81 68 30 06 20 b6 af 20 d1 b2
01B311,83:B311,"STA $0759,X",bc 9d 59 07 bd 19 07 29 03 1d 59 07 9d 59 07 60 ae 7e 18 a7 0f 48 29 07 22 e6 af 81 68 30 06 20 b6 af 20 d1 b2 bd d9 09 d0 05 b7 0f 9d d9 09 60
01B376,83:B376,"LDA $0759,X",03 20 c1 b3 60 b7 0f 85 00 ae 7e 18 bd 59 07 29 fc 05 00 9d 59 07 20 c5 b3 60 ae 7e 18 22 98 ad 81 60 ae 7e 18 c2 20 b7 0f 85 2a e2 20 c8 c8 b7
01B37D,83:B37D,"STA $0759,X",85 00 ae 7e 18 bd 59 07 29 fc 05 00 9d 59 07 20 c5 b3 60 ae 7e 18 22 98 ad 81 60 ae 7e 18 c2 20 b7 0f 85 2a e2 20 c8 c8 b7 0f 85 2c bc d9 05 22
01B3F1,83:B3F1,"LDA $0799,X",59 09 60 5a da a0 00 be 5e 18 30 15 bd 99 07 c5 a4 d0 0e bd d9 07 c5 a5 d0 07 bd 19 08 c5 a6 f0 08 c8 c0 20 90 e1 18 80 02 8a 38 fa 7a 6b 5a 8d
01BC38,83:BC38,"LDA $0699,X",8b 5a da a9 7e 48 ab ae 7e 18 a0 00 bd 99 06 20 65 bc bd 59 06 20 85 bc ad 73 15 cd 0b 03 90 04 a9 81 80 02 a9 83 99 5d 40 c8 a9 01 99 5d 40 c8
01BCEA,83:BCEA,"LDA $0699,X",00 be 5e 18 bd 59 06 cd 73 15 d0 0a bd 99 06 cd 7d 15 d0 02 e6 1e c8 c0 20 90 e6 a5 1e fa 7a 6b a9 01 8d 47 15 6b 22 0f bd 81 a9 00 22 88 ae 80
01BD0F,83:BD0F,"LDA $0759,X",6b 22 0f bd 81 a9 00 22 88 ae 80 6b bd 59 07 09 08 9d 59 07 6b bd 59 07 29 f7 9d 59 07 6b bd 59 07 29 f7 9d 59 07 a9 08 22 88 ae 80 6b a5 6a 48
01BD14,83:BD14,"STA $0759,X",a9 00 22 88 ae 80 6b bd 59 07 09 08 9d 59 07 6b bd 59 07 29 f7 9d 59 07 6b bd 59 07 29 f7 9d 59 07 a9 08 22 88 ae 80 6b a5 6a 48 a9 2c 84 6a 22
01BD18,83:BD18,"LDA $0759,X",ae 80 6b bd 59 07 09 08 9d 59 07 6b bd 59 07 29 f7 9d 59 07 6b bd 59 07 29 f7 9d 59 07 a9 08 22 88 ae 80 6b a5 6a 48 a9 2c 84 6a 22 ec af 80 68
01BD1D,83:BD1D,"STA $0759,X",07 09 08 9d 59 07 6b bd 59 07 29 f7 9d 59 07 6b bd 59 07 29 f7 9d 59 07 a9 08 22 88 ae 80 6b a5 6a 48 a9 2c 84 6a 22 ec af 80 68 85 6a 6b a9 00
01BD21,83:BD21,"LDA $0759,X",59 07 6b bd 59 07 29 f7 9d 59 07 6b bd 59 07 29 f7 9d 59 07 a9 08 22 88 ae 80 6b a5 6a 48 a9 2c 84 6a 22 ec af 80 68 85 6a 6b a9 00 80 0a a9 10
01BD26,83:BD26,"STA $0759,X",07 29 f7 9d 59 07 6b bd 59 07 29 f7 9d 59 07 a9 08 22 88 ae 80 6b a5 6a 48 a9 2c 84 6a 22 ec af 80 68 85 6a 6b a9 00 80 0a a9 10 80 06 a9 20 80
01E757,83:E757,"LDA $0699,X",6d bd d9 07 29 1f a8 bd 59 06 85 2a bd 99 06 85 2b bd d9 06 85 2d bd 19 07 85 2e bd 59 07 85 30 bd 99 07 85 31 64 1f b1 2a 85 1e 10 02 c6 1f 64
01E766,83:E766,"LDA $0759,X",85 2b bd d9 06 85 2d bd 19 07 85 2e bd 59 07 85 30 bd 99 07 85 31 64 1f b1 2a 85 1e 10 02 c6 1f 64 21 b1 2d 85 20 10 02 c6 21 c2 20 a5 1e 18 6d
01E76B,83:E76B,"LDA $0799,X",85 2d bd 19 07 85 2e bd 59 07 85 30 bd 99 07 85 31 64 1f b1 2a 85 1e 10 02 c6 1f 64 21 b1 2d 85 20 10 02 c6 21 c2 20 a5 1e 18 6d 99 03 8d 99 03
01E7E7,83:E7E7,"STA $0699,X",9d 19 06 ad 9a 03 9d 59 06 ad 9b 03 9d 99 06 ad 9c 03 9d d9 06 22 e8 ac 80 ad ab 12 f0 48 ad 38 00 4a 29 03 3a c9 02 d0 02 a9 00 64 1f c9 00 10
01E827,83:E827,"LDA $0699,X",8d 99 03 bd 59 06 65 1f 8d 9a 03 18 bd 99 06 65 1e 8d 9b 03 bd d9 06 65 1f 8d 9c 03 38 ad 99 03 e5 20 8d 0c 15 6b bd 19 06 8d 99 03 bd 59 06 8d
01E84D,83:E84D,"LDA $0699,X",bd 19 06 8d 99 03 bd 59 06 8d 9a 03 bd 99 06 8d 9b 03 bd d9 06 8d 9c 03 22 35 ad 80 6b 8b da 4b ab ad 73 15 8d 0b 03 ad 7d 15 8d 0d 03 ad c7 15
01E9D7,83:E9D7,"STA $0759,X",06 9e 99 06 9e d9 06 20 9d eb a5 0c 9d 59 07 a5 0d 9d 99 07 a9 10 9d 19 07 a9 52 8d 7e 03 a9 20 8d 7d 03 a9 30 8d 86 03 a9 0f 8d 7f 03 a9 14 8d
01E9DC,83:E9DC,"STA $0799,X",d9 06 20 9d eb a5 0c 9d 59 07 a5 0d 9d 99 07 a9 10 9d 19 07 a9 52 8d 7e 03 a9 20 8d 7d 03 a9 30 8d 86 03 a9 0f 8d 7f 03 a9 14 8d 80 03 a9 18 8d
01EA4C,83:EA4C,"LDA $0699,X",eb 22 3f b0 83 6b 22 35 ad 80 6b 5a bd 99 06 29 0f d0 7d de 59 06 bd 59 06 c9 28 b0 08 a9 0c 22 1c c2 84 80 6b c9 38 f0 13 c9 37 f0 1a c9 2e f0
01EB60,83:EB60,"LDA $0759,X",00 5c 4c 01 5c 4d 02 5c 00 20 9d eb bd 59 07 c5 0c bd 99 07 e5 0d 30 0f de 59 07 bd 59 07 c9 ff d0 0d de 99 07 80 08 fe 59 07 d0 03 fe 99 07 bd
01EB65,83:EB65,"LDA $0799,X",4d 02 5c 00 20 9d eb bd 59 07 c5 0c bd 99 07 e5 0d 30 0f de 59 07 bd 59 07 c9 ff d0 0d de 99 07 80 08 fe 59 07 d0 03 fe 99 07 bd 59 07 85 09 bd
01EB6C,83:EB6C,"DEC $0759,X",bd 59 07 c5 0c bd 99 07 e5 0d 30 0f de 59 07 bd 59 07 c9 ff d0 0d de 99 07 80 08 fe 59 07 d0 03 fe 99 07 bd 59 07 85 09 bd 99 07 85 0a d0 0a 20
01EB6F,83:EB6F,"LDA $0759,X",c5 0c bd 99 07 e5 0d 30 0f de 59 07 bd 59 07 c9 ff d0 0d de 99 07 80 08 fe 59 07 d0 03 fe 99 07 bd 59 07 85 09 bd 99 07 85 0a d0 0a 20 c8 eb a9
01EB76,83:EB76,"DEC $0799,X",30 0f de 59 07 bd 59 07 c9 ff d0 0d de 99 07 80 08 fe 59 07 d0 03 fe 99 07 bd 59 07 85 09 bd 99 07 85 0a d0 0a 20 c8 eb a9 20 8d 7d 03 80 03 9c
01EB7B,83:EB7B,"INC $0759,X",bd 59 07 c9 ff d0 0d de 99 07 80 08 fe 59 07 d0 03 fe 99 07 bd 59 07 85 09 bd 99 07 85 0a d0 0a 20 c8 eb a9 20 8d 7d 03 80 03 9c 7d 03 60 bd 99
01EB80,83:EB80,"INC $0799,X",d0 0d de 99 07 80 08 fe 59 07 d0 03 fe 99 07 bd 59 07 85 09 bd 99 07 85 0a d0 0a 20 c8 eb a9 20 8d 7d 03 80 03 9c 7d 03 60 bd 99 06 85 0f bd d9
01EB83,83:EB83,"LDA $0759,X",99 07 80 08 fe 59 07 d0 03 fe 99 07 bd 59 07 85 09 bd 99 07 85 0a d0 0a 20 c8 eb a9 20 8d 7d 03 80 03 9c 7d 03 60 bd 99 06 85 0f bd d9 06 85 10
01EB88,83:EB88,"LDA $0799,X",59 07 d0 03 fe 99 07 bd 59 07 85 09 bd 99 07 85 0a d0 0a 20 c8 eb a9 20 8d 7d 03 80 03 9c 7d 03 60 bd 99 06 85 0f bd d9 06 85 10 64 0d a9 39 38
01EB9D,83:EB9D,"LDA $0699,X",eb a9 20 8d 7d 03 80 03 9c 7d 03 60 bd 99 06 85 0f bd d9 06 85 10 64 0d a9 39 38 ed 7d 15 10 02 c6 0d eb a5 0d eb c2 20 0a 0a 0a 0a 69 70 00 38
028105,85:8105,"STA $0699,X",ad 68 12 9d 59 06 22 68 bb 80 29 0f 9d 99 06 20 92 81 60 ae 67 00 bc 19 06 9c 87 19 b7 98 f0 5b c8 85 0d b7 98 c8 85 0c bd 99 06 38 e5 0c 9d 99
028121,85:8121,"LDA $0699,X",b7 98 f0 5b c8 85 0d b7 98 c8 85 0c bd 99 06 38 e5 0c 9d 99 06 b0 e6 98 9d 19 06 a5 0d 8d 87 19 18 69 06 8d 6b 12 22 de 9b 84 22 da 9b 84 90 16
028127,85:8127,"STA $0699,X",0d b7 98 c8 85 0c bd 99 06 38 e5 0c 9d 99 06 b0 e6 98 9d 19 06 a5 0d 8d 87 19 18 69 06 8d 6b 12 22 de 9b 84 22 da 9b 84 90 16 22 e6 9b 84 22 e8
028ADA,85:8ADA,"LDA $0699,X",de 9b 84 ae 67 00 9e 99 06 ae 67 00 bd 99 06 aa 20 f9 b9 b0 2c 8d 20 16 c2 20 ad 97 19 85 1e e2 20 a0 01 b7 98 d0 08 a9 09 22 ac 86 85 80 06 a9
028B15,85:8B15,"LDA $0699,X",06 cd 68 12 d0 28 ae 67 00 fe 99 06 bd 99 06 c9 10 90 bb 22 e2 9b 84 20 b0 81 9c 97 19 9c 98 19 ce 68 12 a9 02 22 c7 9b 84 22 35 ad 80 6b 6b 20
02F316,85:F316,"LDA $0799,X",9c 9d 03 ae 67 00 bd 59 06 8d 79 03 bd 99 07 8d 7a 03 22 e8 ac 80 22 03 93 86 22 0f a3 80 22 46 93 86 22 e8 ac 80 a5 5b 89 02 f0 13 c2 20 a9 1a
02F37D,85:F37D,"STA $0699,X",9d 19 06 ad 79 03 9d 59 06 ad 9d 03 9d 99 06 ad 9e 03 9d d9 06 ad 77 03 9d 19 07 ad 73 03 9d 59 07 ad 7a 03 9d 99 07 ad 7e 03 9d d9 07 ad 7d 03
02F38F,85:F38F,"STA $0759,X",9d d9 06 ad 77 03 9d 19 07 ad 73 03 9d 59 07 ad 7a 03 9d 99 07 ad 7e 03 9d d9 07 ad 7d 03 9d 19 08 60 ae 67 00 bd 99 07 8d 7a 03 bd d9 07 8d 7e
02F395,85:F395,"STA $0799,X",9d 19 07 ad 73 03 9d 59 07 ad 7a 03 9d 99 07 ad 7e 03 9d d9 07 ad 7d 03 9d 19 08 60 ae 67 00 bd 99 07 8d 7a 03 bd d9 07 8d 7e 03 bd 19 08 8d 7d
02F3A8,85:F3A8,"LDA $0799,X",d9 07 ad 7d 03 9d 19 08 60 ae 67 00 bd 99 07 8d 7a 03 bd d9 07 8d 7e 03 bd 19 08 8d 7d 03 bd 59 06 8d 79 03 bd 19 06 8d 76 03 bd 99 06 8d 9d 03
02F3C6,85:F3C6,"LDA $0699,X",bd 59 06 8d 79 03 bd 19 06 8d 76 03 bd 99 06 8d 9d 03 bd d9 06 8d 9e 03 bd 19 07 8d 77 03 22 74 a4 80 bd 59 07 8d 73 03 60 c2 20 a9 4c f4 85 0f
02F3DC,85:F3DC,"LDA $0759,X",9e 03 bd 19 07 8d 77 03 22 74 a4 80 bd 59 07 8d 73 03 60 c2 20 a9 4c f4 85 0f e2 20 22 bf ad 80 20 87 f4 22 e8 ac 80 20 ab f4 20 c5 f4 9c 93 1f
02FA08,85:FA08,"STA $0799,X",19 08 18 6d 9a 1f 8d 9a 1f ad 9b 1f 9d 99 07 ad 9c 1f 9d d9 07 ae 99 1f ad 68 00 9f 35 65 7e ee 99 1f 7a fa 60 a9 28 22 33 af 80 90 03 4c f4 fa
02FA7F,85:FA7F,"LDA $0699,X",bd 19 06 99 a7 0b bd 59 06 99 e7 0b bd 99 06 99 67 0c bd d9 06 99 a7 0c 22 e8 ac 80 bd 99 07 85 0f bd d9 07 85 10 a0 00 a9 00 11 0f c8 c0 04 90
02FA8F,85:FA8F,"LDA $0799,X",67 0c bd d9 06 99 a7 0c 22 e8 ac 80 bd 99 07 85 0f bd d9 07 85 10 a0 00 a9 00 11 0f c8 c0 04 90 f9 c9 00 f0 46 a0 00 a6 6a bd a7 0b 18 71 0f 9d
02FADB,85:FADB,"LDA $0799,X",a7 0c c8 b1 0f 22 e3 ac 80 ae 67 00 bd 99 07 18 69 05 9d 99 07 a9 00 7d d9 07 9d d9 07 80 a1 a5 6a 22 aa af 80 22 35 ad 80 6b 03 00 00 35 fb 03
02FAE1,85:FAE1,"STA $0799,X",e3 ac 80 ae 67 00 bd 99 07 18 69 05 9d 99 07 a9 00 7d d9 07 9d d9 07 80 a1 a5 6a 22 aa af 80 22 35 ad 80 6b 03 00 00 35 fb 03 00 00 35 fb 02 00
038034,87:8034,"STA $0699,X",19 06 9d d9 09 a9 ff 9d d9 07 a9 0f 9d 99 06 a9 0f 9d 99 09 a5 06 29 0f 09 f0 8d 75 03 8a 7a fa 6b da 5a 48 c2 20 a9 88 80 85 0f e2 20 a9 83 85
038075,87:8075,"STA $0699,X",19 06 9d d9 09 a9 01 9d d9 07 a9 00 9d 99 06 a9 0f 9d 99 09 a5 06 29 0f 8d 75 03 8a 7a fa 6b bd d9 09 10 11 bd d9 07 30 07 a9 0f 9d 99 06 80 10
038094,87:8094,"STA $0699,X",bd d9 09 10 11 bd d9 07 30 07 a9 0f 9d 99 06 80 10 9e 99 06 80 0b de 19 06 d0 37 bd 59 06 9d 19 06 bd 99 06 0a 0a 0a 0a 85 1e ad 75 03 29 0f 05
0380A9,87:80A9,"LDA $0699,X",0b de 19 06 d0 37 bd 59 06 9d 19 06 bd 99 06 0a 0a 0a 0a 85 1e ad 75 03 29 0f 05 1e 8d 75 03 bd 99 06 18 7d d9 07 9d 99 06 de 99 09 10 0f 22 e8
0380BC,87:80BC,"LDA $0699,X",85 1e ad 75 03 29 0f 05 1e 8d 75 03 bd 99 06 18 7d d9 07 9d 99 06 de 99 09 10 0f 22 e8 ac 80 9e d9 09 22 e8 ac 80 22 35 ad 80 6b da 5a 48 c2 20
0380C3,87:80C3,"STA $0699,X",05 1e 8d 75 03 bd 99 06 18 7d d9 07 9d 99 06 de 99 09 10 0f 22 e8 ac 80 9e d9 09 22 e8 ac 80 22 35 ad 80 6b da 5a 48 c2 20 a9 87 82 85 0f e2 20
03811A,87:811A,"STA $0759,X",29 20 9d d9 08 a9 01 9d d9 09 a9 e0 9d 59 07 a9 87 9d 99 07 a9 ff 9d d9 07 a9 0f 9d 99 06 a9 0f 9d 99 09 a9 01 9d 19 08 a5 20 30 03 20 b8 85 8a
03811F,87:811F,"STA $0799,X",a9 01 9d d9 09 a9 e0 9d 59 07 a9 87 9d 99 07 a9 ff 9d d9 07 a9 0f 9d 99 06 a9 0f 9d 99 09 a9 01 9d 19 08 a5 20 30 03 20 b8 85 8a 7a fa 6b da 5a
038129,87:8129,"STA $0699,X",a9 87 9d 99 07 a9 ff 9d d9 07 a9 0f 9d 99 06 a9 0f 9d 99 09 a9 01 9d 19 08 a5 20 30 03 20 b8 85 8a 7a fa 6b da 5a 48 c2 20 a9 87 82 85 0f e2 20
038180,87:8180,"STA $0759,X",29 20 9d d9 08 a9 01 9d d9 09 a9 e0 9d 59 07 a9 89 9d 99 07 a9 ff 9d d9 07 a9 0f 9d 99 06 a9 0f 9d 99 09 a9 01 9d 19 08 a5 20 30 03 20 b8 85 8a
038185,87:8185,"STA $0799,X",a9 01 9d d9 09 a9 e0 9d 59 07 a9 89 9d 99 07 a9 ff 9d d9 07 a9 0f 9d 99 06 a9 0f 9d 99 09 a9 01 9d 19 08 a5 20 30 03 20 b8 85 8a 7a fa 6b da 5a
03818F,87:818F,"STA $0699,X",a9 89 9d 99 07 a9 ff 9d d9 07 a9 0f 9d 99 06 a9 0f 9d 99 09 a9 01 9d 19 08 a5 20 30 03 20 b8 85 8a 7a fa 6b da 5a 48 c2 20 a9 87 82 85 0f e2 20
0381E6,87:81E6,"STA $0759,X",29 20 9d d9 08 a9 01 9d d9 09 a9 e0 9d 59 07 a9 87 9d 99 07 a9 01 9d d9 07 a9 00 9d 99 06 a9 0f 9d 99 09 9e 19 08 a5 20 30 0e 20 b8 85 64 1e 64
0381EB,87:81EB,"STA $0799,X",a9 01 9d d9 09 a9 e0 9d 59 07 a9 87 9d 99 07 a9 01 9d d9 07 a9 00 9d 99 06 a9 0f 9d 99 09 9e 19 08 a5 20 30 0e 20 b8 85 64 1e 64 1f 20 49 86 22
0381F5,87:81F5,"STA $0699,X",a9 87 9d 99 07 a9 01 9d d9 07 a9 00 9d 99 06 a9 0f 9d 99 09 9e 19 08 a5 20 30 0e 20 b8 85 64 1e 64 1f 20 49 86 22 d6 b3 80 8a 7a fa 6b da 5a 48
038255,87:8255,"STA $0759,X",29 20 9d d9 08 a9 01 9d d9 09 a9 e0 9d 59 07 a9 89 9d 99 07 a9 01 9d d9 07 a9 00 9d 99 06 a9 0f 9d 99 09 9e 19 08 a5 20 30 10 20 b8 85 a9 ff 85
03825A,87:825A,"STA $0799,X",a9 01 9d d9 09 a9 e0 9d 59 07 a9 89 9d 99 07 a9 01 9d d9 07 a9 00 9d 99 06 a9 0f 9d 99 09 9e 19 08 a5 20 30 10 20 b8 85 a9 ff 85 1e 85 1f 20 49
038264,87:8264,"STA $0699,X",a9 89 9d 99 07 a9 01 9d d9 07 a9 00 9d 99 06 a9 0f 9d 99 09 9e 19 08 a5 20 30 10 20 b8 85 a9 ff 85 1e 85 1f 20 49 86 22 d6 b3 80 8a 7a fa 6b bd
0382B1,87:82B1,"STA $0699,X",10 14 9e 99 09 bd d9 07 30 07 a9 0f 9d 99 06 80 10 9e 99 06 80 0b de 19 06 d0 79 bd 59 06 9d 19 06 bd 59 07 85 2a bd 99 07 85 2b bd 99 06 0a 85
0382C6,87:82C6,"LDA $0759,X",0b de 19 06 d0 79 bd 59 06 9d 19 06 bd 59 07 85 2a bd 99 07 85 2b bd 99 06 0a 85 22 64 23 bd 59 08 8d 2e 11 bd 99 08 8d 2f 11 20 3a 83 bd d9 08
0382CB,87:82CB,"LDA $0799,X",79 bd 59 06 9d 19 06 bd 59 07 85 2a bd 99 07 85 2b bd 99 06 0a 85 22 64 23 bd 59 08 8d 2e 11 bd 99 08 8d 2f 11 20 3a 83 bd d9 08 f0 0a bd 99 06
0382D0,87:82D0,"LDA $0699,X",19 06 bd 59 07 85 2a bd 99 07 85 2b bd 99 06 0a 85 22 64 23 bd 59 08 8d 2e 11 bd 99 08 8d 2f 11 20 3a 83 bd d9 08 f0 0a bd 99 06 18 7d d9 07 9d
0382EC,87:82EC,"LDA $0699,X",08 8d 2f 11 20 3a 83 bd d9 08 f0 0a bd 99 06 18 7d d9 07 9d 99 06 bd 99 06 18 7d d9 07 9d 99 06 22 d6 b3 80 bd d9 08 f0 03 de 99 09 de 99 09 10
0382F3,87:82F3,"STA $0699,X",bd d9 08 f0 0a bd 99 06 18 7d d9 07 9d 99 06 bd 99 06 18 7d d9 07 9d 99 06 22 d6 b3 80 bd d9 08 f0 03 de 99 09 de 99 09 10 28 bd 19 08 d0 11 bd
0382F6,87:82F6,"LDA $0699,X",f0 0a bd 99 06 18 7d d9 07 9d 99 06 bd 99 06 18 7d d9 07 9d 99 06 22 d6 b3 80 bd d9 08 f0 03 de 99 09 de 99 09 10 28 bd 19 08 d0 11 bd 59 08 85
0382FD,87:82FD,"STA $0699,X",d9 07 9d 99 06 bd 99 06 18 7d d9 07 9d 99 06 22 d6 b3 80 bd d9 08 f0 03 de 99 09 de 99 09 10 28 bd 19 08 d0 11 bd 59 08 85 1e bd 99 08 85 1f 20
03841C,87:841C,"STA $0799,X",ad 2a 11 9d d9 07 9d 19 08 ad 2b 11 9d 99 07 9e 59 07 a9 01 9d d9 09 8a fa 7a 6b a9 01 8d 33 11 bd d9 09 30 66 bd 19 06 85 6f bd 59 06 85 70 bd
03844E,87:844E,"DEC $0799,X",f0 04 de d9 07 6b bd 19 08 9d d9 07 de 99 07 30 48 bd 59 07 1a 29 01 9d 59 07 d0 05 20 c0 84 80 37 bd d9 06 8d 26 11 bd 19 07 8d 27 11 c2 30 a2
038453,87:8453,"LDA $0759,X",6b bd 19 08 9d d9 07 de 99 07 30 48 bd 59 07 1a 29 01 9d 59 07 d0 05 20 c0 84 80 37 bd d9 06 8d 26 11 bd 19 07 8d 27 11 c2 30 a2 00 00 46 6f 90
038459,87:8459,"STA $0759,X",07 de 99 07 30 48 bd 59 07 1a 29 01 9d 59 07 d0 05 20 c0 84 80 37 bd d9 06 8d 26 11 bd 19 07 8d 27 11 c2 30 a2 00 00 46 6f 90 11 a0 0f 00 ad 26
038519,87:8519,"STA $0699,X",a5 6c 9d 19 06 a5 6d 9d 59 06 a5 6e 9d 99 06 a5 6f 9d d9 06 a5 70 9d 19 07 a5 71 9d 59 07 9e 99 07 a0 00 c2 20 b7 6c e2 20 9d d9 07 c8 c8 c2 20
038528,87:8528,"STA $0759,X",a5 6f 9d d9 06 a5 70 9d 19 07 a5 71 9d 59 07 9e 99 07 a0 00 c2 20 b7 6c e2 20 9d d9 07 c8 c8 c2 20 b7 6c 87 6f e2 20 fe 99 07 a9 01 9d d9 09 8a
038543,87:8543,"INC $0799,X",d9 07 c8 c8 c2 20 b7 6c 87 6f e2 20 fe 99 07 a9 01 9d d9 09 8a 7a fa 6b a9 01 8d 33 11 bd d9 09 30 51 bd 19 06 85 6c bd 59 06 85 6d bd 99 06 85
038563,87:8563,"LDA $0699,X",30 51 bd 19 06 85 6c bd 59 06 85 6d bd 99 06 85 6e bd d9 06 85 6f bd 19 07 85 70 bd 59 07 85 71 bd d9 07 f0 06 de d9 07 6b c2 20 bd 99 07 0a 0a
038572,87:8572,"LDA $0759,X",85 6e bd d9 06 85 6f bd 19 07 85 70 bd 59 07 85 71 bd d9 07 f0 06 de d9 07 6b c2 20 bd 99 07 0a 0a a8 b7 6c 30 1e d0 07 e2 20 9e 99 07 80 ed 9d
038582,87:8582,"LDA $0799,X",71 bd d9 07 f0 06 de d9 07 6b c2 20 bd 99 07 0a 0a a8 b7 6c 30 1e d0 07 e2 20 9e 99 07 80 ed 9d d9 07 c8 c8 c2 20 b7 6c 87 6f e2 20 fe 99 07 22
0385A2,87:85A2,"INC $0799,X",d9 07 c8 c8 c2 20 b7 6c 87 6f e2 20 fe 99 07 22 d6 b3 80 6b 9e d9 09 22 e8 ac 80 9c 33 11 5c 35 ad 80 8b da 5a 4b ab c2 30 a2 00 00 ad 2c 11 8d
0386D3,87:86D3,"STA $0699,X",ad 2a 11 9d 19 06 9d 59 06 ad 2c 11 9d 99 06 ad 2d 11 9d d9 06 ad 28 11 9d 19 07 ad 29 11 9d 59 07 30 03 20 b8 85 a9 20 9d 99 07 8a 18 fa 6b a9
0386E5,87:86E5,"STA $0759,X",9d d9 06 ad 28 11 9d 19 07 ad 29 11 9d 59 07 30 03 20 b8 85 a9 20 9d 99 07 8a 18 fa 6b a9 01 8d 33 11 de 59 06 d0 41 bd 19 06 9d 59 06 de 99 07
0386EF,87:86EF,"STA $0799,X",29 11 9d 59 07 30 03 20 b8 85 a9 20 9d 99 07 8a 18 fa 6b a9 01 8d 33 11 de 59 06 d0 41 bd 19 06 9d 59 06 de 99 07 f0 37 bd 99 06 8d 2c 11 bd d9
038706,87:8706,"DEC $0799,X",11 de 59 06 d0 41 bd 19 06 9d 59 06 de 99 07 f0 37 bd 99 06 8d 2c 11 bd d9 06 8d 2d 11 bd 19 07 8d 28 11 bd 59 07 8d 29 11 a2 00 ad 2d 11 4a 8d
03870B,87:870B,"LDA $0699,X",41 bd 19 06 9d 59 06 de 99 07 f0 37 bd 99 06 8d 2c 11 bd d9 06 8d 2d 11 bd 19 07 8d 28 11 bd 59 07 8d 29 11 a2 00 ad 2d 11 4a 8d 2d 11 ad 2c 11
03871D,87:871D,"LDA $0759,X",bd d9 06 8d 2d 11 bd 19 07 8d 28 11 bd 59 07 8d 29 11 a2 00 ad 2d 11 4a 8d 2d 11 ad 2c 11 6a 8d 2c 11 90 03 20 4a 87 e8 e0 10 90 e8 22 d6 b3 80
03ADBB,87:ADBB,"STA $0759,X",9d d9 06 b9 ce ad 9d 19 07 b9 cf ad 9d 59 07 a9 01 9d 59 06 9d 99 06 a9 10 9d 19 06 fa 60 0f 00 00 00 0f 00 00 00 0f 00 0f 0f 0f 00 0f 0f 0f 00
03ADC3,87:ADC3,"STA $0699,X",07 b9 cf ad 9d 59 07 a9 01 9d 59 06 9d 99 06 a9 10 9d 19 06 fa 60 0f 00 00 00 0f 00 00 00 0f 00 0f 0f 0f 00 0f 0f 0f 00 07 07 00 da c2 20 a9 1b
03AEC2,87:AEC2,"STA $0699,X",99 06 d0 2f de 19 06 f0 2b bd 59 06 9d 99 06 ad 7f 03 bc d9 06 20 ef ae 8d 7f 03 ad 80 03 bc 19 07 20 ef ae 8d 80 03 ad 81 03 bc 59 07 20 ef ae
03AFCC,87:AFCC,"STA $0699,X",a5 12 9d 19 06 a5 15 9d 59 06 a5 18 9d 99 06 a5 1b 9d d9 06 68 9d 19 07 8a fa 6b ad 73 03 30 50 22 e8 ac 80 ad 73 03 30 51 bd 19 06 85 07 bd 59
03AFFD,87:AFFD,"LDA $0699,X",38 fd 99 06 85 06 64 1e a9 80 85 1f bd 99 06 85 20 64 21 22 81 c1 80 c2 20 a5 1e 85 09 e2 20 22 bb e1 81 bd 19 07 d0 03 20 88 af 22 3f b0 83 bd
03B02D,87:B02D,"STA $0699,X",d9 06 f0 0c 18 7d 99 06 10 02 a9 01 9d 99 06 6b 22 e8 ac 80 ad 73 03 10 f6 22 35 ad 80 6b 22 69 b0 83 a9 01 8d 60 43 a9 26 8d 61 43 a5 2a 8d 62
03B9AF,87:B9AF,"STA $0699,X",19 85 0d 22 1e ac 80 da aa ad 57 15 9d 99 06 fa 6b ae 67 00 a5 de 89 03 d0 49 ad 57 15 dd 99 06 f0 40 9d 99 06 ad 73 15 9d 19 06 ad 7d 15 9d 59
03B9C5,87:B9C5,"STA $0699,X",89 03 d0 49 ad 57 15 dd 99 06 f0 40 9d 99 06 ad 73 15 9d 19 06 ad 7d 15 9d 59 06 ad c7 15 22 28 89 81 ad 13 03 8d 73 15 ad 14 03 8d 7d 15 20 0b
03BA68,87:BA68,"STA $0759,X",00 80 06 a9 03 80 02 a9 01 20 aa ba 9d 59 07 22 c2 88 81 bd 59 07 3a 29 03 0a aa bf 8e ba 83 f0 05 cd bb 13 f0 08 e8 8a 29 01 d0 ef 80 03 20 b5
03BA6F,87:BA6F,"LDA $0759,X",a9 01 20 aa ba 9d 59 07 22 c2 88 81 bd 59 07 3a 29 03 0a aa bf 8e ba 83 f0 05 cd bb 13 f0 08 e8 8a 29 01 d0 ef 80 03 20 b5 ba 60 42 00 3e 46 44
03BCE4,87:BCE4,"STA $0699,X",9d 19 06 ad 65 03 9d 59 06 ad 68 03 9d 99 06 ad 69 03 9d d9 06 ad 57 15 9d 19 07 6b ae 67 00 a5 de 89 03 d0 3a bd 19 06 d0 0b ad 57 15 dd 19 07
03BD1F,87:BD1F,"LDA $0699,X",15 48 9c 14 15 bd 59 06 22 fd c6 80 bd 99 06 22 25 d9 80 bd d9 06 22 5b d9 80 68 8d 14 15 68 22 fd c6 80 6b 22 35 ad 80 6b c2 20 a9 52 bd 85 0f
03BD64,87:BD64,"LDA $0699,X",9d d9 06 a5 de 89 03 f0 03 4c db bd bd 99 06 f0 05 de 99 06 80 63 ad 0f 15 29 0f 0d 68 12 0d ab 12 0d e2 12 d0 53 a2 00 bd 69 15 f0 47 c9 17 b0
03BE0E,87:BE0E,"STA $0699,X",22 1e ac 80 6b a5 de f0 01 6b a9 f0 9d 99 06 22 e8 ac 80 a5 5b 05 59 d0 f1 ad 0f 15 29 0f 05 de 0d e2 12 0d ab 12 0d 68 12 d0 2d de 99 06 d0 28
03E549,87:E549,"STA $0799,X",b0 f1 6b bc 19 06 9e d9 07 b9 2f e7 9d 99 07 10 03 de d9 07 b9 30 e7 9d 99 06 9d 59 06 b9 31 e7 9d d9 06 60 bd 59 06 dd 99 06 d0 13 18 bd 19 07
03E554,87:E554,"STA $0699,X",e7 9d 99 07 10 03 de d9 07 b9 30 e7 9d 99 06 9d 59 06 b9 31 e7 9d d9 06 60 bd 59 06 dd 99 06 d0 13 18 bd 19 07 7d 99 07 9d 19 07 bd 59 07 7d d9
03E573,87:E573,"LDA $0759,X",d0 13 18 bd 19 07 7d 99 07 9d 19 07 bd 59 07 7d d9 07 9d 59 07 de 59 06 d0 17 bd 99 06 9d 59 06 de d9 06 d0 0c bd 19 06 18 69 03 9d 19 06 38 80
03E579,87:E579,"STA $0759,X",7d 99 07 9d 19 07 bd 59 07 7d d9 07 9d 59 07 de 59 06 d0 17 bd 99 06 9d 59 06 de d9 06 d0 0c bd 19 06 18 69 03 9d 19 06 38 80 01 18 60 5a a9 02
03E581,87:E581,"LDA $0699,X",07 7d d9 07 9d 59 07 de 59 06 d0 17 bd 99 06 9d 59 06 de d9 06 d0 0c bd 19 06 18 69 03 9d 19 06 38 80 01 18 60 5a a9 02 22 65 a0 80 9c 9d 03 9c
03E5C5,87:E5C5,"LDA $0759,X",ad a1 03 8d 15 03 e2 20 7a 60 5a da bd 59 07 eb bd 19 07 c2 20 0a 08 6a 28 6a 85 22 18 6d 15 03 29 ff 03 09 00 e0 85 1e ac 9b 13 c0 01 d0 05 8d
03E788,87:E788,"STA $0699,X",9d 19 06 ad 80 03 9d 59 06 ad 81 03 9d 99 06 ad 7e 03 9d d9 06 ad 7d 03 9d 19 07 ad 86 03 9d 59 07 ad 7b 03 9d 99 07 ad 77 03 9d d9 07 60 bd 19
03E79A,87:E79A,"STA $0759,X",9d d9 06 ad 7d 03 9d 19 07 ad 86 03 9d 59 07 ad 7b 03 9d 99 07 ad 77 03 9d d9 07 60 bd 19 06 8d 7f 03 bd 59 06 8d 80 03 bd 99 06 8d 81 03 bd d9
03E7A0,87:E7A0,"STA $0799,X",9d 19 07 ad 86 03 9d 59 07 ad 7b 03 9d 99 07 ad 77 03 9d d9 07 60 bd 19 06 8d 7f 03 bd 59 06 8d 80 03 bd 99 06 8d 81 03 bd d9 06 8d 7e 03 bd 19
03E7B6,87:E7B6,"LDA $0699,X",bd 19 06 8d 7f 03 bd 59 06 8d 80 03 bd 99 06 8d 81 03 bd d9 06 8d 7e 03 bd 19 07 8d 7d 03 bd 59 07 8d 86 03 bd 99 07 8d 7b 03 bd d9 07 29 08 0d
03E7C8,87:E7C8,"LDA $0759,X",bd d9 06 8d 7e 03 bd 19 07 8d 7d 03 bd 59 07 8d 86 03 bd 99 07 8d 7b 03 bd d9 07 29 08 0d 77 03 8d 77 03 22 74 a4 80 60 a9 10 8d 7f 03 a9 04 8d
03E7CE,87:E7CE,"LDA $0799,X",bd 19 07 8d 7d 03 bd 59 07 8d 86 03 bd 99 07 8d 7b 03 bd d9 07 29 08 0d 77 03 8d 77 03 22 74 a4 80 60 a9 10 8d 7f 03 a9 04 8d 80 03 a9 04 8d 81
04801C,89:801C,"STA $0759,X",e8 e0 20 90 f8 6b da a6 9b ad 6e 12 9d 59 07 fa 60 8b 4b ab a5 98 a6 99 20 24 84 a5 9a 20 1e 84 c2 20 a5 06 85 98 e2 20 a5 08 85 9a c2 20 a9 70
048062,89:8062,"STA $0699,X",06 ad 66 12 9d 59 06 ee 66 12 a5 96 9d 99 06 a5 97 9d d9 06 22 76 80 84 ab 60 bd 59 07 8d 6e 12 86 9b a6 9b bd 19 06 8d 69 12 bd 59 06 8d 67 12
048070,89:8070,"LDA $0759,X",06 a5 97 9d d9 06 22 76 80 84 ab 60 bd 59 07 8d 6e 12 86 9b a6 9b bd 19 06 8d 69 12 bd 59 06 8d 67 12 ad 6e 12 9d 59 07 ad ab 12 0d e3 12 d0 73
048089,89:8089,"STA $0759,X",8d 69 12 bd 59 06 8d 67 12 ad 6e 12 9d 59 07 ad ab 12 0d e3 12 d0 73 ad 68 12 cd 69 12 d0 6b a0 01 a7 98 c9 e0 90 03 4c 2d 81 c9 d0 90 03 4c 08
0480D7,89:80D7,"LDA $0699,X",cd 67 12 f0 05 20 d9 84 80 a3 a6 9b bd 99 06 c5 96 d0 07 bd d9 06 c5 97 f0 07 20 42 84 85 a2 86 a3 a5 9b 22 39 ad 80 20 42 84 85 9a 20 42 84 86
049067,89:9067,"LDA $0759,X",22 e8 b3 81 90 14 aa bd d9 05 85 6b bd 59 07 29 4f 9d 59 07 a5 0f 22 f8 91 83 a9 03 4c 10 84 b7 98 8d 0b 03 c8 b7 98 8d 0d 03 c8 22 56 b9 81 4c
04906C,89:906C,"STA $0759,X",14 aa bd d9 05 85 6b bd 59 07 29 4f 9d 59 07 a5 0f 22 f8 91 83 a9 03 4c 10 84 b7 98 8d 0b 03 c8 b7 98 8d 0d 03 c8 22 56 b9 81 4c 0f 84 ad 73 15
0490FD,89:90FD,"STA $0699,X",4c 5e 89 bd 59 06 a8 b9 57 91 30 44 9d 99 06 fe 59 06 a9 01 22 fe ac 80 bd 19 06 a8 b9 d9 05 a8 a9 00 99 e7 0a a9 ff 99 67 0e de 99 06 d0 36 bd
04918E,89:918E,"LDA $0759,X",22 e8 b3 81 90 1d cd 7f 18 d0 18 aa bd 59 07 29 80 d0 10 ad c7 15 29 07 3a 49 02 1a 22 e6 af 81 18 80 01 38 20 49 89 20 59 89 ab 60 ad c7 15 22
0493C1,89:93C1,"LDA $0759,X",f0 14 c9 ff d0 02 a9 00 22 88 ae 80 bd 59 07 09 08 9d 59 07 80 0a bd 59 07 29 f7 09 10 9d 59 07 4c 5e 89 b7 98 48 22 e8 b3 81 aa 68 22 e3 ae 81
0493C6,89:93C6,"STA $0759,X",02 a9 00 22 88 ae 80 bd 59 07 09 08 9d 59 07 80 0a bd 59 07 29 f7 09 10 9d 59 07 4c 5e 89 b7 98 48 22 e8 b3 81 aa 68 22 e3 ae 81 4c 5e 89 c2 20
0493CB,89:93CB,"LDA $0759,X",ae 80 bd 59 07 09 08 9d 59 07 80 0a bd 59 07 29 f7 09 10 9d 59 07 4c 5e 89 b7 98 48 22 e8 b3 81 aa 68 22 e3 ae 81 4c 5e 89 c2 20 a9 ff 93 85 0f
0493D2,89:93D2,"STA $0759,X",9d 59 07 80 0a bd 59 07 29 f7 09 10 9d 59 07 4c 5e 89 b7 98 48 22 e8 b3 81 aa 68 22 e3 ae 81 4c 5e 89 c2 20 a9 ff 93 85 0f e2 20 a9 32 85 0d 22
0494B7,89:94B7,"LDA $0759,X",c8 4c 0f 84 20 3a 8a 22 e8 b3 81 aa bd 59 07 09 20 9d 59 07 60 22 d9 bc 81 20 1e 84 4c 59 89 22 92 ac 81 20 51 89 4c 59 89 22 53 f3 81 4c 59 89
0494BC,89:94BC,"STA $0759,X",3a 8a 22 e8 b3 81 aa bd 59 07 09 20 9d 59 07 60 22 d9 bc 81 20 1e 84 4c 59 89 22 92 ac 81 20 51 89 4c 59 89 22 53 f3 81 4c 59 89 c2 20 b7 98 e2
049601,89:9601,"STA $0699,X",a9 ff 9d 59 06 a9 0f 8d 73 03 a9 0f 9d 99 06 4c 5e 89 bd 19 06 29 7f d0 06 22 e8 ac 80 80 04 22 e3 ac 80 ad 73 03 18 7d 59 06 8d 73 03 de 99 06
049874,89:9874,"STA $0699,X",aa 68 9d 19 06 a5 57 9d 59 06 a5 59 9d 99 06 60 bd 19 06 c9 ff d0 10 a5 57 dd 59 06 d0 0e a5 59 dd 99 06 d0 07 80 0f de 19 06 d0 0a 22 35 ad 80
049909,89:9909,"STA $0699,X",ac 80 aa 68 9d 19 06 68 9d 59 06 68 9d 99 06 60 20 1e 84 4c 0f 84 ad 68 12 dd 99 06 d0 13 bd 59 06 20 1e 84 ae 67 00 bd 19 06 20 10 84 22 35 ad
04995C,89:995C,"LDA $0699,X",81 90 15 aa bd 59 06 d7 98 d0 0d c8 bd 99 06 d7 98 d0 05 20 87 83 80 03 20 8c 83 a9 03 4c 10 84 22 eb 8a 81 4c 59 89 b7 98 8d 7a 03 c8 b7 98 8d
0499D7,89:99D7,"STA $0759,X",9d d9 06 c8 b7 98 9d 19 07 c8 b7 98 9d 59 07 c8 b7 98 9d 59 06 9d 99 06 a9 20 9d 19 06 c8 4c 0f 84 c2 20 b7 98 85 06 e2 20 c8 c8 20 0f 84 c2 20
0499E0,89:99E0,"STA $0699,X",c8 b7 98 9d 59 07 c8 b7 98 9d 59 06 9d 99 06 a9 20 9d 19 06 c8 4c 0f 84 c2 20 b7 98 85 06 e2 20 c8 c8 20 0f 84 c2 20 b2 06 8d 25 19 e2 20 ee 68
04B2DF,89:B2DF,"INC $0759,X",e9 b2 9e 59 07 20 5c b7 60 ae 67 00 fe 59 07 bd 59 07 29 10 d0 04 a9 5f 80 02 a9 50 85 06 8b a9 7e 48 ab 64 07 ae 67 00 ac 7f 13 b9 e8 12 a8 b9
04B2E2,89:B2E2,"LDA $0759,X",59 07 20 5c b7 60 ae 67 00 fe 59 07 bd 59 07 29 10 d0 04 a9 5f 80 02 a9 50 85 06 8b a9 7e 48 ab 64 07 ae 67 00 ac 7f 13 b9 e8 12 a8 b9 68 3d 8d
04BA76,89:BA76,"LDA $0799,X",8d a9 12 fa 7a 60 da ae 96 13 f0 19 bd 99 07 10 14 bd 99 07 29 7f 1a 9d 99 07 ad 95 13 d0 06 de 99 07 38 80 01 18 fa 60 20 a9 ba b0 11 ad 0d 03
04BA7B,89:BA7B,"LDA $0799,X",60 da ae 96 13 f0 19 bd 99 07 10 14 bd 99 07 29 7f 1a 9d 99 07 ad 95 13 d0 06 de 99 07 38 80 01 18 fa 60 20 a9 ba b0 11 ad 0d 03 cd e6 12 90 08
04BA81,89:BA81,"STA $0799,X",19 bd 99 07 10 14 bd 99 07 29 7f 1a 9d 99 07 ad 95 13 d0 06 de 99 07 38 80 01 18 fa 60 20 a9 ba b0 11 ad 0d 03 cd e6 12 90 08 cd e7 12 b0 03 18
04BA89,89:BA89,"DEC $0799,X",07 29 7f 1a 9d 99 07 ad 95 13 d0 06 de 99 07 38 80 01 18 fa 60 20 a9 ba b0 11 ad 0d 03 cd e6 12 90 08 cd e7 12 b0 03 18 80 01 38 60 5a da ae 96
04BAC8,89:BAC8,"LDA $0799,X",13 38 ed e0 12 90 0d cd 8e 13 90 0b bd 99 07 09 80 9d 99 07 38 80 01 18 fa 7a 60 ad e0 12 8d 0d 03 ad df 12 8d 0b 03 60 ae 96 13 f0 25 ad 0b 03
04BACD,89:BACD,"STA $0799,X",90 0d cd 8e 13 90 0b bd 99 07 09 80 9d 99 07 38 80 01 18 fa 7a 60 ad e0 12 8d 0d 03 ad df 12 8d 0b 03 60 ae 96 13 f0 25 ad 0b 03 9d 19 09 ad 0d
04C1DF,89:C1DF,"LDA $0799,X",c1 bd 59 09 8d 0d 03 a9 00 20 05 c2 bd 99 07 f0 13 20 f8 c1 bd 59 09 18 7d d9 09 1a 8d 0d 03 a9 80 20 05 c2 60 ad 8f 13 4a 1a 4a 6d df 12 8d 0b
04C497,89:C497,"LDA $0699,X",19 06 d0 03 fe 99 06 bd 19 06 c9 08 bd 99 06 e9 07 90 14 ad 0f 15 29 0f d0 0d 9c 6c 12 a9 7b 22 23 87 84 22 35 ad 80 6b ad c7 15 22 28 89 81 ad
04C5B3,89:C5B3,"LDA $0699,X",19 06 d0 03 fe 99 06 bd 19 06 c9 70 bd 99 06 e9 17 90 0a a9 70 9d 19 06 a9 17 9d 99 06 64 5b 6b 9c 68 03 bd 19 06 c9 70 bd 99 06 e9 17 b0 03 ee
04C5C1,89:C5C1,"STA $0699,X",06 e9 17 90 0a a9 70 9d 19 06 a9 17 9d 99 06 64 5b 6b 9c 68 03 bd 19 06 c9 70 bd 99 06 e9 17 b0 03 ee 68 03 22 35 ad 80 6b 0b 0c 0d 0e 60 9c 57
04C5CF,89:C5CF,"LDA $0699,X",06 64 5b 6b 9c 68 03 bd 19 06 c9 70 bd 99 06 e9 17 b0 03 ee 68 03 22 35 ad 80 6b 0b 0c 0d 0e 60 9c 57 19 a9 32 38 ef 97 63 7e 90 03 8d 57 19 a9
04DA1F,89:DA1F,"STA $0699,X",a4 80 9e 19 06 a9 90 9d 59 06 a9 00 9d 99 06 a9 01 22 e3 ac 80 bd 59 06 8f 54 19 00 a9 df 8f 55 19 00 bd 59 06 85 06 a9 cf 85 09 bd 99 06 85 0d
04DA3E,89:DA3E,"LDA $0699,X",55 19 00 bd 59 06 85 06 a9 cf 85 09 bd 99 06 85 0d 64 0f a9 01 85 10 20 ac cd 22 74 a4 80 22 36 d0 84 38 bd 59 06 e9 04 9d 59 06 18 bd 99 06 69
04DA5E,89:DA5E,"LDA $0699,X",d0 84 38 bd 59 06 e9 04 9d 59 06 18 bd 99 06 69 02 9d 99 06 fe 19 06 bd 19 06 c9 20 90 b2 c2 20 a9 00 01 8d 8d 03 8d 93 03 a9 00 00 8d 8f 03 8d
04DA63,89:DA63,"STA $0699,X",06 e9 04 9d 59 06 18 bd 99 06 69 02 9d 99 06 fe 19 06 bd 19 06 c9 20 90 b2 c2 20 a9 00 01 8d 8d 03 8d 93 03 a9 00 00 8d 8f 03 8d 91 03 e2 20 9c
04DAB1,89:DAB1,"STA $0699,X",a5 12 9d 19 06 a5 15 9d 59 06 a5 18 9d 99 06 a5 19 9d d9 06 a5 1b 9d 19 07 a5 1c 9d 59 07 a5 13 9d 99 07 a5 16 9d d9 07 8a fa 6b ad 73 03 10 03
04DAC0,89:DAC0,"STA $0759,X",a5 19 9d d9 06 a5 1b 9d 19 07 a5 1c 9d 59 07 a5 13 9d 99 07 a5 16 9d d9 07 8a fa 6b ad 73 03 10 03 4c 43 db 22 e8 ac 80 ad 73 03 30 63 20 49 db
04DAC5,89:DAC5,"STA $0799,X",a5 1b 9d 19 07 a5 1c 9d 59 07 a5 13 9d 99 07 a5 16 9d d9 07 8a fa 6b ad 73 03 10 03 4c 43 db 22 e8 ac 80 ad 73 03 30 63 20 49 db a0 00 bd 19 06
04DB31,89:DB31,"LDA $0699,X",db bd 19 06 18 7d 59 06 9d 19 06 18 bd 99 06 7d 19 07 9d 99 06 bd d9 06 7d 59 07 9d d9 06 6b 22 35 ad 80 6b 64 1f bd 99 07 85 1e 10 02 c6 1f 64
04DB37,89:DB37,"STA $0699,X",59 06 9d 19 06 18 bd 99 06 7d 19 07 9d 99 06 bd d9 06 7d 59 07 9d d9 06 6b 22 35 ad 80 6b 64 1f bd 99 07 85 1e 10 02 c6 1f 64 21 bd d9 07 85 20
04DB4B,89:DB4B,"LDA $0799,X",07 9d d9 06 6b 22 35 ad 80 6b 64 1f bd 99 07 85 1e 10 02 c6 1f 64 21 bd d9 07 85 20 10 02 c6 21 c2 20 ad 99 03 18 65 1e 8d 99 03 ad 9f 03 18 65
04DB89,89:DB89,"LDA $0699,X",ad 9f 03 18 69 80 00 8d 97 03 e2 20 bd 99 06 85 20 bd d9 06 85 21 60 c2 20 a5 1e 29 00 c0 85 00 a5 1e 4a 4a 05 00 4a 4a 05 00 85 1e e2 20 22 36
04DBE4,89:DBE4,"STA $0699,X",a5 15 9d 59 08 a5 16 9d 99 08 a5 14 9d 99 06 a5 17 9d d9 06 a5 18 9d 19 08 9e d9 07 a5 19 9d 99 07 10 03 de d9 07 a5 1b 9d 19 07 a5 1c 9d 59 07
04DBF6,89:DBF6,"STA $0799,X",d9 06 a5 18 9d 19 08 9e d9 07 a5 19 9d 99 07 10 03 de d9 07 a5 1b 9d 19 07 a5 1c 9d 59 07 fa 6b 20 9a cf bd 99 06 85 06 20 f0 ce bd 59 08 85 06
04DC05,89:DC05,"STA $0759,X",10 03 de d9 07 a5 1b 9d 19 07 a5 1c 9d 59 07 fa 6b 20 9a cf bd 99 06 85 06 20 f0 ce bd 59 08 85 06 a9 e0 38 e5 06 85 09 bd 19 06 85 0d bd 19 07
04DC0D,89:DC0D,"LDA $0699,X",19 07 a5 1c 9d 59 07 fa 6b 20 9a cf bd 99 06 85 06 20 f0 ce bd 59 08 85 06 a9 e0 38 e5 06 85 09 bd 19 06 85 0d bd 19 07 85 0f bd 59 07 85 10 20
04DC2B,89:DC2B,"LDA $0759,X",85 09 bd 19 06 85 0d bd 19 07 85 0f bd 59 07 85 10 20 ac cd 22 74 a4 80 bd 19 06 18 7d 59 06 9d 19 06 bd 99 06 18 7d d9 06 9d 99 06 bd 59 08 18
04DC41,89:DC41,"LDA $0699,X",a4 80 bd 19 06 18 7d 59 06 9d 19 06 bd 99 06 18 7d d9 06 9d 99 06 bd 59 08 18 7d 99 08 9d 59 08 18 bd 19 07 7d 99 07 9d 19 07 bd 59 07 7d d9 07
04DC48,89:DC48,"STA $0699,X",59 06 9d 19 06 bd 99 06 18 7d d9 06 9d 99 06 bd 59 08 18 7d 99 08 9d 59 08 18 bd 19 07 7d 99 07 9d 19 07 bd 59 07 7d d9 07 9d 59 07 de 19 08 f0
04DC5F,89:DC5F,"LDA $0759,X",59 08 18 bd 19 07 7d 99 07 9d 19 07 bd 59 07 7d d9 07 9d 59 07 de 19 08 f0 01 6b 22 35 ad 80 6b 22 58 a3 80 c2 20 a9 89 dc 85 0f e2 20 a9 38 85
04DC65,89:DC65,"STA $0759,X",7d 99 07 9d 19 07 bd 59 07 7d d9 07 9d 59 07 de 19 08 f0 01 6b 22 35 ad 80 6b 22 58 a3 80 c2 20 a9 89 dc 85 0f e2 20 a9 38 85 0d 22 1e ac 80 6b
04DE8B,89:DE8B,"STA $0699,X",22 82 a8 81 20 92 df 0a a8 b9 60 df 9d 99 06 b9 61 df 9d 19 07 9e 19 06 22 e8 ac 80 bc 19 06 b9 48 df f0 40 9d 59 06 c9 9e b0 09 38 e9 89 22 f4
04DEBA,89:DEBA,"LDA $0699,X",f4 a8 81 90 2b bd 59 06 22 16 92 83 bd 99 06 9d d9 06 bd 19 07 9d 59 07 22 e8 ac 80 de d9 06 bd d9 06 c9 ff d0 f2 de 59 07 bd 59 07 c9 ff d0 e8
04DEC3,89:DEC3,"STA $0759,X",16 92 83 bd 99 06 9d d9 06 bd 19 07 9d 59 07 22 e8 ac 80 de d9 06 bd d9 06 c9 ff d0 f2 de 59 07 bd 59 07 c9 ff d0 e8 fe 19 06 80 b4 a9 12 9d 59
04DED4,89:DED4,"DEC $0759,X",ac 80 de d9 06 bd d9 06 c9 ff d0 f2 de 59 07 bd 59 07 c9 ff d0 e8 fe 19 06 80 b4 a9 12 9d 59 08 a9 80 22 e3 ac 80 de 59 08 d0 f5 a9 b8 22 16 92
04DED7,89:DED7,"LDA $0759,X",d9 06 bd d9 06 c9 ff d0 f2 de 59 07 bd 59 07 c9 ff d0 e8 fe 19 06 80 b4 a9 12 9d 59 08 a9 80 22 e3 ac 80 de 59 08 d0 f5 a9 b8 22 16 92 83 a9 09
05A4D3,8B:A4D3,"STA $0699,X",19 06 a9 01 fa 60 22 07 82 81 a9 14 9d 99 06 a9 04 0c 4f 15 c2 20 a9 28 a4 85 0f e2 20 22 bf ad 80 a9 10 8d 62 15 ee 50 19 ad 57 15 9d d9 06 22
05AACB,8B:AACB,"STA $0699,X",9d 19 06 ad 79 03 9d 59 06 ad 9d 03 9d 99 06 ad 9e 03 9d d9 06 ad a3 03 9d 19 07 ad a4 03 9d 59 07 ad 77 03 9d 99 07 ad 73 03 9d d9 07 60 bd 59
05AADD,8B:AADD,"STA $0759,X",9d d9 06 ad a3 03 9d 19 07 ad a4 03 9d 59 07 ad 77 03 9d 99 07 ad 73 03 9d d9 07 60 bd 59 06 8d 79 03 bd 19 06 8d 76 03 bd 99 06 8d 9d 03 bd d9
05AAE3,8B:AAE3,"STA $0799,X",9d 19 07 ad a4 03 9d 59 07 ad 77 03 9d 99 07 ad 73 03 9d d9 07 60 bd 59 06 8d 79 03 bd 19 06 8d 76 03 bd 99 06 8d 9d 03 bd d9 06 8d 9e 03 bd 99
05AAF9,8B:AAF9,"LDA $0699,X",bd 59 06 8d 79 03 bd 19 06 8d 76 03 bd 99 06 8d 9d 03 bd d9 06 8d 9e 03 bd 99 07 8d 77 03 22 74 a4 80 bd d9 07 8d 73 03 60 ad 57 03 f0 4e ce 57
05AB05,8B:AB05,"LDA $0799,X",bd 99 06 8d 9d 03 bd d9 06 8d 9e 03 bd 99 07 8d 77 03 22 74 a4 80 bd d9 07 8d 73 03 60 ad 57 03 f0 4e ce 57 03 ad 57 03 20 b9 ab a9 01 22 fe ac
05C3B4,8B:C3B4,"LDA $0799,X",a3 80 a9 04 8d 79 03 a9 0f 8d 73 03 bd 99 07 c9 02 d0 03 ee 9e 03 22 e8 ac 80 bd 99 07 d0 03 20 da c6 a5 5b 89 81 f0 33 a9 80 8d 73 03 22 e8 ac
05C3C2,8B:C3C2,"LDA $0799,X",07 c9 02 d0 03 ee 9e 03 22 e8 ac 80 bd 99 07 d0 03 20 da c6 a5 5b 89 81 f0 33 a9 80 8d 73 03 22 e8 ac 80 22 04 80 83 22 b9 a3 80 22 0f a3 80 20
05C413,8B:C413,"STA $0699,X",9d 19 06 ad 79 03 9d 59 06 ad 9d 03 9d 99 06 ad 9e 03 9d d9 06 ad a3 03 9d d9 07 ad a4 03 9d 19 08 ad 77 03 9d 19 07 ad 73 03 9d 59 07 ad 3c 11
05C431,8B:C431,"STA $0759,X",9d 19 08 ad 77 03 9d 19 07 ad 73 03 9d 59 07 ad 3c 11 9d 59 08 60 bd 59 06 8d 79 03 bd 19 06 8d 76 03 bd 99 06 8d 9d 03 bd d9 06 8d 9e 03 bd d9
05C447,8B:C447,"LDA $0699,X",bd 59 06 8d 79 03 bd 19 06 8d 76 03 bd 99 06 8d 9d 03 bd d9 06 8d 9e 03 bd d9 07 8d a3 03 bd 19 08 8d a4 03 bd 19 07 8d 77 03 22 74 a4 80 bd 59
05C469,8B:C469,"LDA $0759,X",a4 03 bd 19 07 8d 77 03 22 74 a4 80 bd 59 07 8d 73 03 bd 59 08 8d 3c 11 60 bd 99 07 d0 0d 20 9f c4 a9 48 8d 9d 03 9c 9e 03 80 16 c9 03 b0 05 20
05C476,8B:C476,"LDA $0799,X",59 07 8d 73 03 bd 59 08 8d 3c 11 60 bd 99 07 d0 0d 20 9f c4 a9 48 8d 9d 03 9c 9e 03 80 16 c9 03 b0 05 20 7c c7 80 0d c9 04 b0 05 20 29 c9 80 04
05C777,8B:C777,"STA $0799,X",a9 18 85 0d 22 1e ac 80 aa ad 64 03 9d 99 07 fa 6b da aa ad cd 12 48 c2 20 ad ad 03 48 e2 20 a9 80 8d ad 03 9c ae 03 22 bd a3 80 c2 20 68 8d ad
05CB0A,8B:CB0A,"LDA $0699,X",22 7c cb 85 80 70 20 b9 cb 20 d9 cc bd 99 06 c9 02 90 6a bd 19 06 c9 02 90 1b c9 02 f0 12 c2 20 a9 0d d0 85 0f e2 20 22 bf ad 80 20 c0 cb 80 ac
05CBDF,8B:CBDF,"LDA $0759,X",9e 99 06 9e 59 07 a9 00 20 f7 cd 60 bd 59 07 d0 0e ad 4a 11 9d 59 07 de 99 06 20 b6 d0 80 24 ad 4a 11 22 66 80 85 90 0b a9 00 eb a9 25 22 10 a5
05CBE7,8B:CBE7,"STA $0759,X",20 f7 cd 60 bd 59 07 d0 0e ad 4a 11 9d 59 07 de 99 06 20 b6 d0 80 24 ad 4a 11 22 66 80 85 90 0b a9 00 eb a9 25 22 10 a5 80 80 e4 bd 59 07 22 2e
05CC06,8B:CC06,"LDA $0759,X",0b a9 00 eb a9 25 22 10 a5 80 80 e4 bd 59 07 22 2e 82 85 20 78 d0 9c 97 13 20 c0 cb 9c 97 13 60 9c 05 15 9c 5f 03 a9 35 22 72 b5 80 a9 31 22 40
05CD1F,8B:CD1F,"LDA $0699,X",3d cd 85 00 a9 01 80 02 a9 ff 85 00 bd 99 06 d0 57 ad 4a 11 f0 49 18 bd 19 06 65 00 29 03 9d 19 06 20 90 cc 80 39 a9 01 80 02 a9 ff 85 06 bd 99
05CD41,8B:CD41,"LDA $0699,X",90 cc 80 39 a9 01 80 02 a9 ff 85 06 bd 99 06 f0 35 bd 59 06 bd 59 06 18 65 06 d0 04 a9 03 80 06 c9 04 90 02 a9 01 9d 59 06 bd 59 07 d0 09 bd 59
05CD5E,8B:CD5E,"LDA $0759,X",03 80 06 c9 04 90 02 a9 01 9d 59 06 bd 59 07 d0 09 bd 59 06 22 66 80 85 90 dd bd 59 06 20 f7 cd a9 00 eb a9 01 22 10 a5 80 6b 80 b7 cd 85 01 b7
05CDA2,8B:CDA2,"LDA $0699,X",cd 85 00 a9 00 eb a9 03 22 10 a5 80 bd 99 06 f0 4f de 99 06 a9 00 20 f7 cd 9e 59 07 20 e2 d0 80 3f a9 00 eb a9 02 22 10 a5 80 fe 99 06 bd 19 06
05CDCA,8B:CDCA,"STA $0699,X",a5 80 fe 99 06 bd 19 06 d0 07 a9 ff 9d 99 06 80 27 bd 19 06 c9 02 d0 0a bd 99 06 c9 01 d0 03 20 b6 d0 bd 59 06 20 f7 cd bd 99 06 c9 02 90 09 bd
05CDD6,8B:CDD6,"LDA $0699,X",9d 99 06 80 27 bd 19 06 c9 02 d0 0a bd 99 06 c9 01 d0 03 20 b6 d0 bd 59 06 20 f7 cd bd 99 06 c9 02 90 09 bd 59 06 8d 97 13 8d 4a 11 6b da 48 a2
05CDE6,8B:CDE6,"LDA $0699,X",01 d0 03 20 b6 d0 bd 59 06 20 f7 cd bd 99 06 c9 02 90 09 bd 59 06 8d 97 13 8d 4a 11 6b da 48 a2 00 bd 37 ce 9f 83 46 7e e8 e0 09 90 f4 68 0a aa
05D0CE,8B:D0CE,"LDA $0759,X",b4 12 a9 17 8d 0b 03 a9 04 8d 0d 03 bd 59 07 d0 04 a9 93 80 02 a9 94 22 2d a0 84 68 8d cd 12 60 a9 17 8d 0b 03 a9 04 8d 0d 03 a9 08 8d 0f 03 a9
05D69A,8B:D69A,"LDA $0699,X",80 1a 8d d1 12 18 7d 59 06 9d 59 06 bd 99 06 69 00 9d 99 06 9c d2 12 9c d3 12 a9 02 8d b6 00 9c b7 00 20 fb d6 22 b6 ae 84 fe 19 06 bd 19 06 c9
05D69F,8B:D69F,"STA $0699,X",18 7d 59 06 9d 59 06 bd 99 06 69 00 9d 99 06 9c d2 12 9c d3 12 a9 02 8d b6 00 9c b7 00 20 fb d6 22 b6 ae 84 fe 19 06 bd 19 06 c9 13 b0 26 a9 48
05D6F0,8B:D6F0,"LDA $0699,X",06 80 85 ce 68 12 bd 59 06 8d 15 03 bd 99 06 8d 16 03 22 35 ad 80 6b bc 19 06 b9 0b d7 8d 0b 03 b9 1e d7 8d 0d 03 60 02 05 08 0b 0e 11 14 17 1a
06855E,8D:855E,"STA $0799,X",9e 03 22 e8 ac 80 a9 53 22 16 92 83 9d 99 07 c2 20 a9 e0 8d 85 0f e2 20 a9 83 85 11 22 c3 ad 80 a9 07 22 cf 86 86 9e 19 06 9e 59 06 9c 7d 03 a9
068EFC,8D:8EFC,"STA $0759,X",01 8d 82 1f ae 67 00 dd 59 07 f0 1c 9d 59 07 22 42 8f 86 22 a1 8f 86 20 54 8f ae 67 00 bd 59 07 c9 02 d0 04 22 45 df 82 6b ae 67 00 bd 59 07 f0
068F0D,8D:8F0D,"LDA $0759,X",8f 86 22 a1 8f 86 20 54 8f ae 67 00 bd 59 07 c9 02 d0 04 22 45 df 82 6b ae 67 00 bd 59 07 f0 20 aa bf 23 08 c0 48 20 18 90 68 c9 03 90 12 a4 6a
068F1C,8D:8F1C,"LDA $0759,X",c9 02 d0 04 22 45 df 82 6b ae 67 00 bd 59 07 f0 20 aa bf 23 08 c0 48 20 18 90 68 c9 03 90 12 a4 6a 30 0e b9 67 0e c9 fc 90 07 ac 67 00 a9 00 91
06A38B,8D:A38B,"STA $0759,X",79 03 29 fd 8d 7a 03 ae 67 00 a9 b8 9d 59 07 85 07 64 06 a9 02 85 09 64 0a 22 2d be 86 20 49 a3 a9 04 8d 5f 03 a9 2e 22 40 b3 80 22 e8 ac 80 a9
06A3EA,8D:A3EA,"LDA $0759,X",69 02 8d a1 03 22 e8 ac 80 ae 67 00 bd 59 07 38 e9 02 9d 59 07 85 07 64 06 a9 02 85 09 64 0a 22 2d be 86 80 d7 ee a9 1f a9 26 22 e3 ac 80 22 68
06A3F0,8D:A3F0,"STA $0759,X",e8 ac 80 ae 67 00 bd 59 07 38 e9 02 9d 59 07 85 07 64 06 a9 02 85 09 64 0a 22 2d be 86 80 d7 ee a9 1f a9 26 22 e3 ac 80 22 68 c2 86 22 e8 ac 80
06A436,8D:A436,"STA $0759,X",79 03 29 fd 8d 7a 03 ae 67 00 a9 b8 9d 59 07 85 07 64 06 a9 02 85 09 64 0a 22 2d be 86 20 49 a3 a9 04 8d 5f 03 a9 2e 22 40 b3 80 22 e8 ac 80 a9
06A495,8D:A495,"LDA $0759,X",69 04 8d a1 03 22 e8 ac 80 ae 67 00 bd 59 07 38 e9 04 9d 59 07 85 07 64 06 a9 02 85 09 64 0a 22 2d be 86 80 d7 ee a9 1f a9 32 22 e3 ac 80 22 68
06A49B,8D:A49B,"STA $0759,X",e8 ac 80 ae 67 00 bd 59 07 38 e9 04 9d 59 07 85 07 64 06 a9 02 85 09 64 0a 22 2d be 86 80 d7 ee a9 1f a9 32 22 e3 ac 80 22 68 c2 86 22 e8 ac 80
06A567,8D:A567,"STA $0699,X",80 d5 a9 0a 80 06 a9 1e 80 02 a9 32 9d 99 06 ee a9 1f 20 49 a3 ae 67 00 ad 79 03 9d 99 08 ad 7a 03 9d d9 08 ad 79 03 29 15 8d 79 03 ad 7a 03 29
06A5D6,8D:A5D6,"LDA $0699,X",8d 79 03 bd d9 08 8d 7a 03 ae 67 00 bd 99 06 22 e3 ac 80 22 68 c2 86 22 e8 ac 80 6b a9 04 22 e3 ac 80 ad 9c 03 49 01 8d 9c 03 80 f0 a9 03 22 e3
06A67F,8D:A67F,"STA $0699,X",d6 a8 03 31 09 03 fe ff b0 00 a9 96 9d 99 06 ee a9 1f 20 49 a3 a9 15 8d 79 03 a9 02 8d 7a 03 a9 73 8d 7e 03 ae 67 00 ad 79 03 9d 99 08 ad 7a 03
06A71E,8D:A71E,"LDA $0699,X",22 e8 ac 80 22 35 ad 80 6b ae 67 00 bd 99 06 22 e3 ac 80 22 68 c2 86 22 e8 ac 80 22 35 ad 80 6b a9 d2 9d 99 06 ee a9 1f 20 49 a3 a9 15 8d 79 03
06A734,8D:A734,"STA $0699,X",86 22 e8 ac 80 22 35 ad 80 6b a9 d2 9d 99 06 ee a9 1f 20 49 a3 a9 15 8d 79 03 a9 02 8d 7a 03 a9 73 8d 7e 03 ae 67 00 ad 79 03 9d 99 08 ad 7a 03
06A7A1,8D:A7A1,"STA $0699,X",80 a9 37 22 47 d7 80 4c e7 a6 a9 d2 9d 99 06 ee a9 1f 20 49 a3 a9 15 8d 79 03 a9 02 8d 7a 03 a9 73 8d 7e 03 ae 67 00 ad 79 03 9d 99 08 ad 7a 03
06B51E,8D:B51E,"LDA $0699,X",20 50 b5 20 96 b6 ae 67 00 fe 99 06 bd 99 06 c9 20 90 e7 a9 06 22 e3 ac 80 ae 67 00 a9 1f 9d 99 06 a9 01 22 e3 ac 80 20 50 b5 20 96 b6 ae 67 00
06B530,8D:B530,"STA $0699,X",e7 a9 06 22 e3 ac 80 ae 67 00 a9 1f 9d 99 06 a9 01 22 e3 ac 80 20 50 b5 20 96 b6 ae 67 00 de 99 06 d0 ec 22 25 c0 86 22 35 ad 80 6b a9 ff 85 1e
06B557,8D:B557,"LDA $0699,X",22 35 ad 80 6b a9 ff 85 1e ae 67 00 bd 99 06 8d b3 1f 85 1f c2 20 a9 b8 00 85 20 e2 20 22 81 c1 80 c2 20 a5 1e 8d b8 1f 49 ff ff 1a 8d b4 1f e2
06B5CB,8D:B5CB,"LDA $0699,X",1f e2 20 20 96 b6 ae 67 00 fe 99 06 bd 99 06 c9 20 90 df ae 67 00 a9 20 9d 99 06 22 e8 ac 80 20 2a b6 c2 20 8d b4 1f e2 20 20 96 b6 ae 67 00 de
06B5D7,8D:B5D7,"STA $0699,X",bd 99 06 c9 20 90 df ae 67 00 a9 20 9d 99 06 22 e8 ac 80 20 2a b6 c2 20 8d b4 1f e2 20 20 96 b6 ae 67 00 de 99 06 f0 05 de 99 06 d0 e2 a9 01 22
06B603,8D:B603,"STA $0699,X",e2 a9 01 22 e3 ac 80 ae 67 00 a9 1f 9d 99 06 a9 01 22 e3 ac 80 20 2a b6 c2 20 8d b8 1f e2 20 20 96 b6 ae 67 00 de 99 06 d0 e5 22 25 c0 86 22 35
06B631,8D:B631,"LDA $0699,X",22 35 ad 80 6b a9 ff 85 1e ae 67 00 bd 99 06 85 1f c2 20 a9 50 00 85 20 e2 20 22 81 c1 80 c2 20 a5 1e e2 20 60 68 b8 c0 00 00 00 20 00 00 00 5a
06B761,8D:B761,"STA $0699,X",22 db 80 83 ae 67 00 9d 99 09 a9 00 9d 99 06 22 e8 ac 80 20 7f b8 ae 67 00 bd 99 09 aa bd d9 09 f0 01 6b ae 67 00 bc 59 09 be 85 1b bd d9 05 30
06B7A7,8D:B7A7,"STA $0759,X",ac 80 22 35 ad 80 6b ae 67 00 a9 00 9d 59 07 a9 10 8d 7a 03 a9 27 8d 7e 03 a9 02 8d 7d 03 ae 67 00 bd 59 07 85 07 64 06 a9 10 85 09 64 0a 22 2d
06B7BC,8D:B7BC,"LDA $0759,X",27 8d 7e 03 a9 02 8d 7d 03 ae 67 00 bd 59 07 85 07 64 06 a9 10 85 09 64 0a 22 2d be 86 22 e8 ac 80 bd 59 07 1a 9d 59 07 c9 b8 90 dd 22 35 ad 80
06B7D1,8D:B7D1,"LDA $0759,X",85 09 64 0a 22 2d be 86 22 e8 ac 80 bd 59 07 1a 9d 59 07 c9 b8 90 dd 22 35 ad 80 6b a9 00 eb a9 8d 22 10 a5 80 20 bf b6 20 a8 b6 22 e8 ac 80 c2
06B7D5,8D:B7D5,"STA $0759,X",22 2d be 86 22 e8 ac 80 bd 59 07 1a 9d 59 07 c9 b8 90 dd 22 35 ad 80 6b a9 00 eb a9 8d 22 10 a5 80 20 bf b6 20 a8 b6 22 e8 ac 80 c2 20 a9 5c b8
06B88F,8D:B88F,"LDA $0699,X",59 09 b9 85 1b a8 b9 d9 05 30 2e a8 bd 99 06 29 03 0a aa b9 67 0c 18 7d c3 b8 99 67 0c b9 a7 0c 7d c4 b8 99 a7 0c ae 67 00 bd 99 06 29 07 d0 09
06B8AC,8D:B8AC,"LDA $0699,X",b9 a7 0c 7d c4 b8 99 a7 0c ae 67 00 bd 99 06 29 07 d0 09 a9 00 eb a9 a4 22 10 a5 80 ae 67 00 fe 99 06 60 05 00 00 00 fd ff 00 00 ee a9 1f 20 a8
