raw_offset,label_80_mirror,label_c0_mirror,first_32_bytes,first_96_bytes,ascii_safe
0x031C68,83:1C68,C3:1C68,20 0D 22 0D 00 00 23 0D 24 0D 23 0D 25 0D 00 00 0D 38 EA D0 0D 20 02 D8 30 30 FA D8 1F 20 02 D0,20 0D 22 0D 00 00 23 0D 24 0D 23 0D 25 0D 00 00 0D 38 EA D0 0D 20 02 D8 30 30 FA D8 1F 20 02 D0 20 30 FA D0 0F 28 08 C0 0B 38 F8 C0 09 38 E8 C0 07 28 08 B0 05 38 F8 B0 03 20 10 A8 00 28 00 A0 01 30 F8 A8 10 0D 38 EA D0 0D 20 02 D8 30 30 FA D8 1F 20 02 D0 20 30 FA D0 0F 28 08 C0 0B 38 F8," .""...#.$.#.%....8... ..00... .. 0...(...8...8...(...8... ...(...0....8... ..00... .. 0...(...8."
0x031DDF,83:1DDF,C3:1DDF,AE 05 38 F7 AE 03 20 0F A6 00 38 FF 9E 01 30 F7 A6 10 1A 30 F2 D6 1E 30 F2 CE 0E 30 EA D6 1D 30,AE 05 38 F7 AE 03 20 0F A6 00 38 FF 9E 01 30 F7 A6 10 1A 30 F2 D6 1E 30 F2 CE 0E 30 EA D6 1D 30 EA CE 3E 30 F0 C6 2E 20 02 D6 30 20 02 CE 20 30 FA D6 1F 30 FA CE 0F 20 10 C6 1C 20 08 C6 1B 20 00 C6 1A 30 F8 C6 19 20 10 A6 00 28 00 9E 01 30 F8 A6 10 20 10 BE 29 20 08 BE 28 20 00 BE 37 30,..8... ...8...0....0...0...0...0..>0... ..0 .. 0...0... ... ... ...0... ...(...0... ..) ..( ..70
0x031DF8,83:1DF8,C3:1DF8,CE 0E 30 EA D6 1D 30 EA CE 3E 30 F0 C6 2E 20 02 D6 30 20 02 CE 20 30 FA D6 1F 30 FA CE 0F 20 10,CE 0E 30 EA D6 1D 30 EA CE 3E 30 F0 C6 2E 20 02 D6 30 20 02 CE 20 30 FA D6 1F 30 FA CE 0F 20 10 C6 1C 20 08 C6 1B 20 00 C6 1A 30 F8 C6 19 20 10 A6 00 28 00 9E 01 30 F8 A6 10 20 10 BE 29 20 08 BE 28 20 00 BE 37 30 F8 BE 36 30 F0 BE 27 30 E8 BE 26 20 08 B6 35 20 08 AE 25 38 F8 AE 23 38 E8,..0...0..>0... ..0 .. 0...0... ... ... ...0... ...(...0... ..) ..( ..70..60..'0..& ..5 ..%8..#8.
0x0320A4,83:20A4,C3:20A4,05 38 F8 B0 03 20 10 A8 00 28 00 A0 01 30 F8 A8 10 1A 30 F2 D9 1E 30 F2 D1 0E 30 EA D9 1D 30 EA,05 38 F8 B0 03 20 10 A8 00 28 00 A0 01 30 F8 A8 10 1A 30 F2 D9 1E 30 F2 D1 0E 30 EA D9 1D 30 EA D1 3E 30 F0 C9 2E 20 02 D9 30 20 02 D1 20 30 FA D9 1F 30 FA D1 0F 20 10 C9 1C 20 08 C9 1B 20 00 C9 1A 30 F8 C9 19 20 10 A9 00 28 00 A1 01 30 F8 A9 10 20 10 C1 29 20 08 C1 28 20 00 C1 37 30 F8,.8... ...(...0....0...0...0...0..>0... ..0 .. 0...0... ... ... ...0... ...(...0... ..) ..( ..70.
0x0320C8,83:20C8,C3:20C8,C9 2E 20 02 D9 30 20 02 D1 20 30 FA D9 1F 30 FA D1 0F 20 10 C9 1C 20 08 C9 1B 20 00 C9 1A 30 F8,C9 2E 20 02 D9 30 20 02 D1 20 30 FA D9 1F 30 FA D1 0F 20 10 C9 1C 20 08 C9 1B 20 00 C9 1A 30 F8 C9 19 20 10 A9 00 28 00 A1 01 30 F8 A9 10 20 10 C1 29 20 08 C1 28 20 00 C1 37 30 F8 C1 36 30 F0 C1 27 30 E8 C1 26 20 08 B9 35 20 08 B1 25 38 F8 B1 23 38 E8 B1 21 08 E0 00 FC 3F E0 08 FC 2F B0,.. ..0 .. 0...0... ... ... ...0... ...(...0... ..) ..( ..70..60..'0..& ..5 ..%8..#8..!....?.../.
0x039847,83:9847,C3:9847,38 05 01 01 32 03 01 9A F0 38 05 01 02 32 10 07 9A F0 38 05 01 04 32 1A 0A 9A F0 38 05 01 06 32,38 05 01 01 32 03 01 9A F0 38 05 01 02 32 10 07 9A F0 38 05 01 04 32 1A 0A 9A F0 38 05 01 06 32 27 10 9A F0 38 05 01 09 32 3F 17 9A F0 38 05 01 0B 32 51 1B 9A F0 38 05 01 0B 32 5A 1D 9A F0 38 05 01 18 32 D1 36 9A F0 38 05 01 0A 32 48 19 9A F0 38 05 01 14 32 AE 2F 9A F0 38 05 01 0C 32 63,8...2....8...2....8...2....8...2'...8...2?...8...2Q...8...2Z...8...2.6..8...2H...8...2./..8...2c
0x039850,83:9850,C3:9850,38 05 01 02 32 10 07 9A F0 38 05 01 04 32 1A 0A 9A F0 38 05 01 06 32 27 10 9A F0 38 05 01 09 32,38 05 01 02 32 10 07 9A F0 38 05 01 04 32 1A 0A 9A F0 38 05 01 06 32 27 10 9A F0 38 05 01 09 32 3F 17 9A F0 38 05 01 0B 32 51 1B 9A F0 38 05 01 0B 32 5A 1D 9A F0 38 05 01 18 32 D1 36 9A F0 38 05 01 0A 32 48 19 9A F0 38 05 01 14 32 AE 2F 9A F0 38 05 01 0C 32 63 1F 9A F0 38 05 01 0E 35 0E,8...2....8...2....8...2'...8...2?...8...2Q...8...2Z...8...2.6..8...2H...8...2./..8...2c...8...5.
0x039916,83:9916,C3:9916,38 05 01 01 32 04 01 DB F0 38 05 01 02 32 11 07 DB F0 38 05 01 04 32 1B 0A DB F0 38 05 01 06 32,38 05 01 01 32 04 01 DB F0 38 05 01 02 32 11 07 DB F0 38 05 01 04 32 1B 0A DB F0 38 05 01 06 32 28 10 DB F0 38 05 01 09 32 40 17 DB F0 38 05 01 0B 32 52 1B DB F0 38 05 01 0B 32 5B 1D DB F0 38 05 01 18 32 D2 36 DB F0 38 05 01 0A 32 49 19 DB F0 38 05 01 14 32 AF 2F DB F0 38 05 01 0C 32 64,8...2....8...2....8...2....8...2(...8...2@...8...2R...8...2[...8...2.6..8...2I...8...2./..8...2d
0x039993,83:9993,C3:9993,F0 38 05 01 10 32 8B 27 DB F0 38 05 01 0F 32 82 25 DB F0 38 05 01 11 32 94 29 DB F0 38 05 01 13,F0 38 05 01 10 32 8B 27 DB F0 38 05 01 0F 32 82 25 DB F0 38 05 01 11 32 94 29 DB F0 38 05 01 13 32 A6 2D DB F0 38 05 01 16 32 C1 33 DB F0 38 05 01 15 32 B8 31 DB F0 37 05 01 19 35 1C 0A C6 F0 37 05 01 1A 35 2B 0F CD F0 37 05 01 1B 35 34 11 D4 F0 0C 05 04 26 35 3B 00 B1 F0 10 00 41 45 31,.8...2.'..8...2.%..8...2.)..8...2.-..8...2.3..8...2.1..7...5....7...5+...7...54......&5;.....AE1
