artifact_role,tileset_id,layout_id,config_ids,variants,display_names,label_statuses,parent_config_id,primary_tileset_id,primary_layout_id,secondary_tileset_id,secondary_layout_id,bg_assignment,palette_operand,image_width_px,image_height_px,png,json,confidence,notes
bg12_composite,8,92,cfg_t08_l092_v2,2,,,cfg_t08_l092_v2,8,92,8,93,primary=BG2;secondary=BG1,10,2304,1024,data/maps/rendered/bg12_composites/cfg_t08_l092_v2_sec_t08_l093.png,data/maps/rendered/bg12_composites/cfg_t08_l092_v2_sec_t08_l093.json,canonical_referenced,same_dimensions
bg12_composite,8,94,cfg_t08_l094_v2,2,,,cfg_t08_l094_v2,8,94,8,95,primary=BG2;secondary=BG1,10,1280,512,data/maps/rendered/bg12_composites/cfg_t08_l094_v2_sec_t08_l095.png,data/maps/rendered/bg12_composites/cfg_t08_l094_v2_sec_t08_l095.json,canonical_referenced,same_dimensions
bg12_composite,8,96,cfg_t08_l096_v2,2,,,cfg_t08_l096_v2,8,96,8,93,primary=BG2;secondary=BG1,10,768,1024,data/maps/rendered/bg12_composites/cfg_t08_l096_v2_sec_t08_l093.png,data/maps/rendered/bg12_composites/cfg_t08_l096_v2_sec_t08_l093.json,canonical_referenced,same_origin_clip_or_transparent_pad
bg12_composite,9,97,cfg_t09_l097_v2,2,,,cfg_t09_l097_v2,9,97,10,99,primary=BG2;secondary=BG1,11,4096,1024,data/maps/rendered/bg12_composites/cfg_t09_l097_v2_sec_t10_l099.png,data/maps/rendered/bg12_composites/cfg_t09_l097_v2_sec_t10_l099.json,canonical_referenced,same_dimensions
bg12_composite,9,98,cfg_t09_l098_v2,2,,,cfg_t09_l098_v2,9,98,10,100,primary=BG2;secondary=BG1,11,768,1024,data/maps/rendered/bg12_composites/cfg_t09_l098_v2_sec_t10_l100.png,data/maps/rendered/bg12_composites/cfg_t09_l098_v2_sec_t10_l100.json,canonical_referenced,same_dimensions
bg12_composite,11,101,cfg_t11_l101_v2,2,,,cfg_t11_l101_v2,11,101,12,102,primary=BG2;secondary=BG1,12,3840,1536,data/maps/rendered/bg12_composites/cfg_t11_l101_v2_sec_t12_l102.png,data/maps/rendered/bg12_composites/cfg_t11_l101_v2_sec_t12_l102.json,canonical_referenced,same_dimensions
bg12_composite,13,103,cfg_t13_l103_v2,2,,,cfg_t13_l103_v2,13,103,13,104,primary=BG2;secondary=BG1,13,1536,2816,data/maps/rendered/bg12_composites/cfg_t13_l103_v2_sec_t13_l104.png,data/maps/rendered/bg12_composites/cfg_t13_l103_v2_sec_t13_l104.json,canonical_referenced,same_dimensions
bg12_composite,14,105,cfg_t14_l105_v2,2,,,cfg_t14_l105_v2,14,105,14,106,primary=BG2;secondary=BG1,14,3584,1280,data/maps/rendered/bg12_composites/cfg_t14_l105_v2_sec_t14_l106_pal0E.png,data/maps/rendered/bg12_composites/cfg_t14_l105_v2_sec_t14_l106_pal0E.json,canonical_referenced,same_dimensions
bg12_composite,14,105,cfg_t14_l105_v2,2,,,cfg_t14_l105_v2,14,105,14,106,primary=BG2;secondary=BG1,17,3584,1280,data/maps/rendered/bg12_composites/cfg_t14_l105_v2_sec_t14_l106_pal11.png,data/maps/rendered/bg12_composites/cfg_t14_l105_v2_sec_t14_l106_pal11.json,canonical_referenced,same_dimensions
bg12_composite,15,107,cfg_t15_l107_v2,2,,,cfg_t15_l107_v2,15,107,15,108,primary=BG2;secondary=BG1,15,1024,1536,data/maps/rendered/bg12_composites/cfg_t15_l107_v2_sec_t15_l108.png,data/maps/rendered/bg12_composites/cfg_t15_l107_v2_sec_t15_l108.json,canonical_referenced,same_dimensions
bg12_composite,16,109,cfg_t16_l109_v2,2,,,cfg_t16_l109_v2,16,109,16,110,primary=BG2;secondary=BG1,16,1024,768,data/maps/rendered/bg12_composites/cfg_t16_l109_v2_sec_t16_l110.png,data/maps/rendered/bg12_composites/cfg_t16_l109_v2_sec_t16_l110.json,canonical_referenced,same_dimensions
bg12_composite,19,113,cfg_t19_l113_v2,2,,,cfg_t19_l113_v2,19,113,19,114,primary=BG2;secondary=BG1,19,1536,1024,data/maps/rendered/bg12_composites/cfg_t19_l113_v2_sec_t19_l114.png,data/maps/rendered/bg12_composites/cfg_t19_l113_v2_sec_t19_l114.json,canonical_referenced,same_dimensions
bg12_composite,19,115,cfg_t19_l115_v2,2,,,cfg_t19_l115_v2,19,115,19,116,primary=BG2;secondary=BG1,19,768,512,data/maps/rendered/bg12_composites/cfg_t19_l115_v2_sec_t19_l116.png,data/maps/rendered/bg12_composites/cfg_t19_l115_v2_sec_t19_l116.json,canonical_referenced,same_dimensions
bg12_composite,20,117,cfg_t20_l117_v1,1,,,cfg_t20_l117_v1,20,117,20,118,primary=BG1;secondary=BG2,20,512,768,data/maps/rendered/bg12_composites/cfg_t20_l117_v1_sec_t20_l118.png,data/maps/rendered/bg12_composites/cfg_t20_l117_v1_sec_t20_l118.json,canonical_referenced,same_dimensions
bg12_composite,21,119,cfg_t21_l119_v2,2,,,cfg_t21_l119_v2,21,119,21,120,primary=BG2;secondary=BG1,22,1536,1024,data/maps/rendered/bg12_composites/cfg_t21_l119_v2_sec_t21_l120.png,data/maps/rendered/bg12_composites/cfg_t21_l119_v2_sec_t21_l120.json,canonical_referenced,same_dimensions
bg12_composite,22,121,cfg_t22_l121_v2,2,,,cfg_t22_l121_v2,22,121,22,122,primary=BG2;secondary=BG1,24,4096,1280,data/maps/rendered/bg12_composites/cfg_t22_l121_v2_sec_t22_l122.png,data/maps/rendered/bg12_composites/cfg_t22_l121_v2_sec_t22_l122.json,canonical_referenced,same_dimensions
bg12_composite,23,123,cfg_t23_l123_v1,1,,,cfg_t23_l123_v1,23,123,23,124,primary=BG1;secondary=BG2,25,3328,1024,data/maps/rendered/bg12_composites/cfg_t23_l123_v1_sec_t23_l124.png,data/maps/rendered/bg12_composites/cfg_t23_l123_v1_sec_t23_l124.json,canonical_referenced,same_origin_clip_or_transparent_pad
bg12_composite,23,123,cfg_t23_l123_v2,2,,,cfg_t23_l123_v2,23,123,23,124,primary=BG2;secondary=BG1,25,3328,1024,data/maps/rendered/bg12_composites/cfg_t23_l123_v2_sec_t23_l124.png,data/maps/rendered/bg12_composites/cfg_t23_l123_v2_sec_t23_l124.json,canonical_referenced,same_origin_clip_or_transparent_pad
bg12_composite,24,125,cfg_t24_l125_v2,2,,,cfg_t24_l125_v2,24,125,24,126,primary=BG2;secondary=BG1,26,3584,768,data/maps/rendered/bg12_composites/cfg_t24_l125_v2_sec_t24_l126.png,data/maps/rendered/bg12_composites/cfg_t24_l125_v2_sec_t24_l126.json,canonical_referenced,same_dimensions
bg12_composite,24,127,cfg_t24_l127_v2,2,,,cfg_t24_l127_v2,24,127,24,128,primary=BG2;secondary=BG1,26,2560,1536,data/maps/rendered/bg12_composites/cfg_t24_l127_v2_sec_t24_l128.png,data/maps/rendered/bg12_composites/cfg_t24_l127_v2_sec_t24_l128.json,canonical_referenced,same_dimensions
bg12_composite,25,129,cfg_t25_l129_v2,2,,,cfg_t25_l129_v2,25,129,25,130,primary=BG2;secondary=BG1,27,2304,768,data/maps/rendered/bg12_composites/cfg_t25_l129_v2_sec_t25_l130.png,data/maps/rendered/bg12_composites/cfg_t25_l129_v2_sec_t25_l130.json,canonical_referenced,same_dimensions
bg12_composite,27,132,cfg_t27_l132_v2,2,,,cfg_t27_l132_v2,27,132,27,133,primary=BG2;secondary=BG1,10,512,512,data/maps/rendered/bg12_composites/cfg_t27_l132_v2_sec_t27_l133.png,data/maps/rendered/bg12_composites/cfg_t27_l132_v2_sec_t27_l133.json,canonical_referenced,same_dimensions
bg12_composite,27,134,cfg_t27_l134_v2,2,,,cfg_t27_l134_v2,27,134,27,135,primary=BG2;secondary=BG1,10,512,512,data/maps/rendered/bg12_composites/cfg_t27_l134_v2_sec_t27_l135.png,data/maps/rendered/bg12_composites/cfg_t27_l134_v2_sec_t27_l135.json,canonical_referenced,same_dimensions
bg12_composite,28,136,cfg_t28_l136_v2,2,,,cfg_t28_l136_v2,28,136,28,137,primary=BG2;secondary=BG1,25,1024,1024,data/maps/rendered/bg12_composites/cfg_t28_l136_v2_sec_t28_l137.png,data/maps/rendered/bg12_composites/cfg_t28_l136_v2_sec_t28_l137.json,canonical_referenced,same_dimensions
bg12_composite,29,138,cfg_t29_l138_v2,2,,,cfg_t29_l138_v2,29,138,29,139,primary=BG2;secondary=BG1,29,3840,768,data/maps/rendered/bg12_composites/cfg_t29_l138_v2_sec_t29_l139.png,data/maps/rendered/bg12_composites/cfg_t29_l138_v2_sec_t29_l139.json,canonical_referenced,same_dimensions
bg12_composite,30,140,cfg_t30_l140_v2,2,,,cfg_t30_l140_v2,30,140,30,141,primary=BG2;secondary=BG1,25,768,512,data/maps/rendered/bg12_composites/cfg_t30_l140_v2_sec_t30_l141.png,data/maps/rendered/bg12_composites/cfg_t30_l140_v2_sec_t30_l141.json,canonical_referenced,same_dimensions
bg12_composite,31,142,cfg_t31_l142_v2,2,,,cfg_t31_l142_v2,31,142,31,143,primary=BG2;secondary=BG1,30,1024,512,data/maps/rendered/bg12_composites/cfg_t31_l142_v2_sec_t31_l143.png,data/maps/rendered/bg12_composites/cfg_t31_l142_v2_sec_t31_l143.json,canonical_referenced,same_dimensions
bg12_composite,32,144,cfg_t32_l144_v1,1,,,cfg_t32_l144_v1,32,144,32,145,primary=BG1;secondary=BG2,31,3584,1024,data/maps/rendered/bg12_composites/cfg_t32_l144_v1_sec_t32_l145.png,data/maps/rendered/bg12_composites/cfg_t32_l144_v1_sec_t32_l145.json,canonical_referenced,same_dimensions
bg12_composite,33,146,cfg_t33_l146_v1,1,,,cfg_t33_l146_v1,33,146,33,147,primary=BG1;secondary=BG2,32,4096,1024,data/maps/rendered/bg12_composites/cfg_t33_l146_v1_sec_t33_l147.png,data/maps/rendered/bg12_composites/cfg_t33_l146_v1_sec_t33_l147.json,canonical_referenced,same_dimensions
bg12_composite,36,150,cfg_t36_l150_v2,2,,,cfg_t36_l150_v2,36,150,36,151,primary=BG2;secondary=BG1,35,512,1024,data/maps/rendered/bg12_composites/cfg_t36_l150_v2_sec_t36_l151.png,data/maps/rendered/bg12_composites/cfg_t36_l150_v2_sec_t36_l151.json,canonical_referenced,same_dimensions
bg12_composite,37,152,cfg_t37_l152_v2,2,,,cfg_t37_l152_v2,37,152,37,153,primary=BG2;secondary=BG1,36,512,1024,data/maps/rendered/bg12_composites/cfg_t37_l152_v2_sec_t37_l153.png,data/maps/rendered/bg12_composites/cfg_t37_l152_v2_sec_t37_l153.json,canonical_referenced,same_dimensions
bg12_composite,38,154,cfg_t38_l154_v2,2,,,cfg_t38_l154_v2,38,154,38,155,primary=BG2;secondary=BG1,30,512,512,data/maps/rendered/bg12_composites/cfg_t38_l154_v2_sec_t38_l155.png,data/maps/rendered/bg12_composites/cfg_t38_l154_v2_sec_t38_l155.json,canonical_referenced,same_dimensions
bg12_composite,40,157,cfg_t40_l157_v2,2,,,cfg_t40_l157_v2,40,157,40,158,primary=BG2;secondary=BG1,38,2048,1024,data/maps/rendered/bg12_composites/cfg_t40_l157_v2_sec_t40_l158.png,data/maps/rendered/bg12_composites/cfg_t40_l157_v2_sec_t40_l158.json,canonical_referenced,same_dimensions
bg12_composite,40,159,cfg_t40_l159_v2,2,,,cfg_t40_l159_v2,40,159,40,160,primary=BG2;secondary=BG1,38,2048,1280,data/maps/rendered/bg12_composites/cfg_t40_l159_v2_sec_t40_l160.png,data/maps/rendered/bg12_composites/cfg_t40_l159_v2_sec_t40_l160.json,canonical_referenced,same_dimensions
bg12_composite,43,165,cfg_t43_l165_v2,2,,,cfg_t43_l165_v2,43,165,43,166,primary=BG2;secondary=BG1,37,768,1024,data/maps/rendered/bg12_composites/cfg_t43_l165_v2_sec_t43_l166.png,data/maps/rendered/bg12_composites/cfg_t43_l165_v2_sec_t43_l166.json,canonical_referenced,same_dimensions
bg12_composite,45,168,cfg_t45_l168_v2,2,,,cfg_t45_l168_v2,45,168,45,169,primary=BG2;secondary=BG1,42,1024,768,data/maps/rendered/bg12_composites/cfg_t45_l168_v2_sec_t45_l169.png,data/maps/rendered/bg12_composites/cfg_t45_l168_v2_sec_t45_l169.json,canonical_referenced,same_dimensions
bg12_composite,46,170,cfg_t46_l170_v2,2,,,cfg_t46_l170_v2,46,170,46,171,primary=BG2;secondary=BG1,44,1792,512,data/maps/rendered/bg12_composites/cfg_t46_l170_v2_sec_t46_l171.png,data/maps/rendered/bg12_composites/cfg_t46_l170_v2_sec_t46_l171.json,canonical_referenced,same_dimensions
bg12_composite,47,172,cfg_t47_l172_v2,2,,,cfg_t47_l172_v2,47,172,47,173,primary=BG2;secondary=BG1,45,1792,512,data/maps/rendered/bg12_composites/cfg_t47_l172_v2_sec_t47_l173.png,data/maps/rendered/bg12_composites/cfg_t47_l172_v2_sec_t47_l173.json,canonical_referenced,same_dimensions
bg12_composite,48,174,cfg_t48_l174_v2,2,,,cfg_t48_l174_v2,48,174,48,175,primary=BG2;secondary=BG1,46,2048,512,data/maps/rendered/bg12_composites/cfg_t48_l174_v2_sec_t48_l175.png,data/maps/rendered/bg12_composites/cfg_t48_l174_v2_sec_t48_l175.json,canonical_referenced,same_dimensions
bg12_composite,49,176,cfg_t49_l176_v2,2,,,cfg_t49_l176_v2,49,176,49,177,primary=BG2;secondary=BG1,47,2048,1024,data/maps/rendered/bg12_composites/cfg_t49_l176_v2_sec_t49_l177.png,data/maps/rendered/bg12_composites/cfg_t49_l176_v2_sec_t49_l177.json,canonical_referenced,same_dimensions
bg12_composite,50,178,cfg_t50_l178_v1,1,,,cfg_t50_l178_v1,50,178,50,179,primary=BG1;secondary=BG2,48,2304,1536,data/maps/rendered/bg12_composites/cfg_t50_l178_v1_sec_t50_l179.png,data/maps/rendered/bg12_composites/cfg_t50_l178_v1_sec_t50_l179.json,canonical_referenced,same_dimensions
bg12_composite,51,180,cfg_t51_l180_v2,2,,,cfg_t51_l180_v2,51,180,51,181,primary=BG2;secondary=BG1,49,2048,1280,data/maps/rendered/bg12_composites/cfg_t51_l180_v2_sec_t51_l181.png,data/maps/rendered/bg12_composites/cfg_t51_l180_v2_sec_t51_l181.json,canonical_referenced,same_dimensions
bg12_composite,52,182,cfg_t52_l182_v2,2,,,cfg_t52_l182_v2,52,182,52,183,primary=BG2;secondary=BG1,50,1280,1280,data/maps/rendered/bg12_composites/cfg_t52_l182_v2_sec_t52_l183.png,data/maps/rendered/bg12_composites/cfg_t52_l182_v2_sec_t52_l183.json,canonical_referenced,same_dimensions
bg12_composite,53,184,cfg_t53_l184_v2,2,,,cfg_t53_l184_v2,53,184,53,185,primary=BG2;secondary=BG1,51,4096,1536,data/maps/rendered/bg12_composites/cfg_t53_l184_v2_sec_t53_l185.png,data/maps/rendered/bg12_composites/cfg_t53_l184_v2_sec_t53_l185.json,canonical_referenced,same_dimensions
bg12_composite,53,186,cfg_t53_l186_v2,2,,,cfg_t53_l186_v2,53,186,53,187,primary=BG2;secondary=BG1,51,1024,4096,data/maps/rendered/bg12_composites/cfg_t53_l186_v2_sec_t53_l187.png,data/maps/rendered/bg12_composites/cfg_t53_l186_v2_sec_t53_l187.json,canonical_referenced,same_dimensions
bg12_composite,53,188,cfg_t53_l188_v2,2,,,cfg_t53_l188_v2,53,188,53,189,primary=BG2;secondary=BG1,51,512,512,data/maps/rendered/bg12_composites/cfg_t53_l188_v2_sec_t53_l189.png,data/maps/rendered/bg12_composites/cfg_t53_l188_v2_sec_t53_l189.json,canonical_referenced,same_dimensions
bg12_composite,54,190,cfg_t54_l190_v2,2,,,cfg_t54_l190_v2,54,190,54,191,primary=BG2;secondary=BG1,52,1792,1280,data/maps/rendered/bg12_composites/cfg_t54_l190_v2_sec_t54_l191.png,data/maps/rendered/bg12_composites/cfg_t54_l190_v2_sec_t54_l191.json,canonical_referenced,same_dimensions
bg12_composite,55,192,cfg_t55_l192_v2,2,,,cfg_t55_l192_v2,55,192,55,193,primary=BG2;secondary=BG1,53,1792,1280,data/maps/rendered/bg12_composites/cfg_t55_l192_v2_sec_t55_l193.png,data/maps/rendered/bg12_composites/cfg_t55_l192_v2_sec_t55_l193.json,canonical_referenced,same_dimensions
bg12_composite,56,194,cfg_t56_l194_v1,1,,,cfg_t56_l194_v1,56,194,57,195,primary=BG1;secondary=BG2,54,1024,1024,data/maps/rendered/bg12_composites/cfg_t56_l194_v1_sec_t57_l195.png,data/maps/rendered/bg12_composites/cfg_t56_l194_v1_sec_t57_l195.json,canonical_referenced,same_dimensions
bg12_composite,58,196,cfg_t58_l196_v1,1,,,cfg_t58_l196_v1,58,196,58,199,primary=BG1;secondary=BG2,55,3840,2048,data/maps/rendered/bg12_composites/cfg_t58_l196_v1_sec_t58_l199.png,data/maps/rendered/bg12_composites/cfg_t58_l196_v1_sec_t58_l199.json,canonical_referenced,same_dimensions
bg12_composite,58,197,cfg_t58_l197_v1,1,,,cfg_t58_l197_v1,58,197,58,200,primary=BG1;secondary=BG2,55,2048,1792,data/maps/rendered/bg12_composites/cfg_t58_l197_v1_sec_t58_l200.png,data/maps/rendered/bg12_composites/cfg_t58_l197_v1_sec_t58_l200.json,canonical_referenced,same_dimensions
bg12_composite,59,201,cfg_t59_l201_v2,2,,,cfg_t59_l201_v2,59,201,59,202,primary=BG2;secondary=BG1,56,512,512,data/maps/rendered/bg12_composites/cfg_t59_l201_v2_sec_t59_l202.png,data/maps/rendered/bg12_composites/cfg_t59_l201_v2_sec_t59_l202.json,canonical_referenced,same_dimensions
mode7_primary,1,1,cfg_t01_l001_v1,1,,,,,,,,,1,4096,4096,data/maps/rendered/world_mode7_tileset_01/map_001.png,data/maps/rendered/world_mode7_tileset_01/map_001.json,canonical_referenced,snes_mode7_extbg_rom_setup
mode7_primary,1,2,cfg_t01_l002_v1,1,,,,,,,,,2,4096,4096,data/maps/rendered/world_mode7_tileset_01/map_002.png,data/maps/rendered/world_mode7_tileset_01/map_002.json,canonical_referenced,snes_mode7_extbg_rom_setup
mode7_primary,2,3,cfg_t02_l003_v1,1,,,,,,,,,4,2048,2048,data/maps/rendered/mode7_tileset_02/map_003.png,data/maps/rendered/mode7_tileset_02/map_003.json,canonical_referenced,snes_mode7_extbg_rom_setup
mode7_primary,2,4,cfg_t02_l004_v1,1,,,,,,,,,4,2048,2048,data/maps/rendered/mode7_tileset_02/map_004.png,data/maps/rendered/mode7_tileset_02/map_004.json,canonical_referenced,snes_mode7_extbg_rom_setup
mode7_primary,3,5,cfg_t03_l005_v1,1,,,,,,,,,5,4096,4096,data/maps/rendered/mode7_tileset_03/map_005.png,data/maps/rendered/mode7_tileset_03/map_005.json,canonical_referenced,snes_mode7_extbg_rom_setup
normal_primary,4,6,cfg_t04_l006_v2,2,,,,,,,,,,768,768,data/maps/rendered/tileset_04/map_006.png,data/maps/rendered/tileset_04/map_006.json,canonical_referenced,
normal_primary,4,8,cfg_t04_l008_v2,2,,,,,,,,,,1280,1280,data/maps/rendered/tileset_04/map_008.png,data/maps/rendered/tileset_04/map_008.json,canonical_referenced,
normal_primary,4,18,cfg_t04_l018_v2,2,,,,,,,,,,768,768,data/maps/rendered/tileset_04/map_018.png,data/maps/rendered/tileset_04/map_018.json,canonical_referenced,
normal_primary,4,19,cfg_t04_l019_v1,1,,,,,,,,,,768,768,data/maps/rendered/tileset_04/map_019.png,data/maps/rendered/tileset_04/map_019.json,canonical_referenced,
normal_primary,4,28,cfg_t04_l028_v2,2,,,,,,,,,,512,512,data/maps/rendered/tileset_04/map_028.png,data/maps/rendered/tileset_04/map_028.json,canonical_referenced,
normal_primary,4,29,cfg_t04_l029_v2,2,,,,,,,,,,512,512,data/maps/rendered/tileset_04/map_029.png,data/maps/rendered/tileset_04/map_029.json,canonical_referenced,
normal_primary,4,30,cfg_t04_l030_v2,2,,,,,,,,,,512,512,data/maps/rendered/tileset_04/map_030.png,data/maps/rendered/tileset_04/map_030.json,canonical_referenced,
normal_primary,4,31,cfg_t04_l031_v2,2,,,,,,,,,,768,1024,data/maps/rendered/tileset_04/map_031.png,data/maps/rendered/tileset_04/map_031.json,canonical_referenced,
normal_primary,4,34,cfg_t04_l034_v2,2,花咲かの村,strong_rom_dialogue_and_reference_shape,,,,,,,,1024,1024,data/maps/rendered/tileset_04/map_034.png,data/maps/rendered/tileset_04/map_034.json,canonical_referenced,
normal_primary,4,35,cfg_t04_l035_v2,2,花咲かの村,strong_rom_dialogue_and_reference_shape,,,,,,,,1024,1024,data/maps/rendered/tileset_04/map_035.png,data/maps/rendered/tileset_04/map_035.json,canonical_referenced,
normal_primary,4,39,cfg_t04_l039_v2,2,,,,,,,,,,768,1024,data/maps/rendered/tileset_04/map_039.png,data/maps/rendered/tileset_04/map_039.json,canonical_referenced,
normal_primary,4,44,cfg_t04_l044_v2,2,ほほえみの村,strong_event_dialogue_and_reference_shape,,,,,,,,1280,1024,data/maps/rendered/tileset_04/map_044.png,data/maps/rendered/tileset_04/map_044.json,canonical_referenced,
normal_primary,4,45,cfg_t04_l045_v2,2,,,,,,,,,,1792,1792,data/maps/rendered/tileset_04/map_045.png,data/maps/rendered/tileset_04/map_045.json,canonical_referenced,
normal_primary,4,57,cfg_t04_l057_v2,2,,,,,,,,,,1280,1024,data/maps/rendered/tileset_04/map_057.png,data/maps/rendered/tileset_04/map_057.json,canonical_referenced,
normal_primary,4,58,cfg_t04_l058_v2,2,,,,,,,,,,1280,1024,data/maps/rendered/tileset_04/map_058.png,data/maps/rendered/tileset_04/map_058.json,canonical_referenced,
normal_primary,4,59,cfg_t04_l059_v2,2,竹取の村,strong_direct_rom_dialogue_context,,,,,,,,1280,1280,data/maps/rendered/tileset_04/map_059.png,data/maps/rendered/tileset_04/map_059.json,canonical_referenced,
normal_primary,4,60,cfg_t04_l060_v1,1,七夕の村,confirmed_direct_rom_dialogue,,,,,,,,1024,1280,data/maps/rendered/tileset_04/map_060.png,data/maps/rendered/tileset_04/map_060.json,canonical_referenced,
normal_primary,4,61,cfg_t04_l061_v2,2,,,,,,,,,,1024,1024,data/maps/rendered/tileset_04/map_061.png,data/maps/rendered/tileset_04/map_061.json,canonical_referenced,
normal_primary,4,62,cfg_t04_l062_v2,2,,,,,,,,,,1024,1024,data/maps/rendered/tileset_04/map_062.png,data/maps/rendered/tileset_04/map_062.json,canonical_referenced,
normal_primary,4,70,cfg_t04_l070_v2,2,竹取の村,strong_story_and_local_context,,,,,,,,1024,1024,data/maps/rendered/tileset_04/map_070.png,data/maps/rendered/tileset_04/map_070.json,canonical_referenced,
normal_primary,4,73,cfg_t04_l073_v2,2,,,,,,,,,,768,768,data/maps/rendered/tileset_04/map_073.png,data/maps/rendered/tileset_04/map_073.json,canonical_referenced,
normal_primary,4,74,cfg_t04_l074_v2,2,,,,,,,,,,768,768,data/maps/rendered/tileset_04/map_074.png,data/maps/rendered/tileset_04/map_074.json,canonical_referenced,
normal_primary,4,81,cfg_t04_l081_v2,2,,,,,,,,,,768,768,data/maps/rendered/tileset_04/map_081.png,data/maps/rendered/tileset_04/map_081.json,canonical_referenced,
normal_primary,4,82,cfg_t04_l082_v2,2,,,,,,,,,,768,768,data/maps/rendered/tileset_04/map_082.png,data/maps/rendered/tileset_04/map_082.json,canonical_referenced,
normal_primary,4,85,cfg_t04_l085_v2,2,,,,,,,,,,768,768,data/maps/rendered/tileset_04/map_085.png,data/maps/rendered/tileset_04/map_085.json,canonical_referenced,
normal_primary,4,86,cfg_t04_l086_v2,2,,,,,,,,,,768,768,data/maps/rendered/tileset_04/map_086.png,data/maps/rendered/tileset_04/map_086.json,canonical_referenced,
normal_primary,4,88,cfg_t04_l088_v2,2,,,,,,,,,,768,768,data/maps/rendered/tileset_04/map_088.png,data/maps/rendered/tileset_04/map_088.json,canonical_referenced,
normal_primary,4,89,cfg_t04_l089_v2,2,,,,,,,,,,768,768,data/maps/rendered/tileset_04/map_089.png,data/maps/rendered/tileset_04/map_089.json,canonical_referenced,
normal_primary,4,91,cfg_t04_l091_v1,1,,,,,,,,,,512,512,data/maps/rendered/tileset_04/map_091.png,data/maps/rendered/tileset_04/map_091.json,canonical_referenced,
normal_primary,5,20,cfg_t05_l020_v2,2,,,,,,,,,8,,,data/maps/rendered/dungeon_tileset_05_g08/map_020.png,data/maps/rendered/dungeon_tileset_05_g08/map_020.json,canonical_referenced,normal_4bpp_rom_setup
normal_primary,5,32,cfg_t05_l032_v2,2,,,,,,,,,8,,,data/maps/rendered/dungeon_tileset_05_g08/map_032.png,data/maps/rendered/dungeon_tileset_05_g08/map_032.json,canonical_referenced,normal_4bpp_rom_setup
normal_primary,5,41,cfg_t05_l041_v2,2,,,,,,,,,8,,,data/maps/rendered/dungeon_tileset_05_g08/map_041.png,data/maps/rendered/dungeon_tileset_05_g08/map_041.json,canonical_referenced,normal_4bpp_rom_setup
normal_primary,5,42,cfg_t05_l042_v2,2,,,,,,,,,8,,,data/maps/rendered/dungeon_tileset_05_g08_g09/map_042.png,data/maps/rendered/dungeon_tileset_05_g08_g09/map_042.json,canonical_referenced,normal_4bpp_rom_setup
normal_primary,5,43,cfg_t05_l043_v2,2,,,,,,,,,8,,,data/maps/rendered/dungeon_tileset_05_g08_g09/map_043.png,data/maps/rendered/dungeon_tileset_05_g08_g09/map_043.json,canonical_referenced,normal_4bpp_rom_setup
normal_primary,5,77,cfg_t05_l077_v2,2,,,,,,,,,8,,,data/maps/rendered/dungeon_tileset_05_g08_g09/map_077.png,data/maps/rendered/dungeon_tileset_05_g08_g09/map_077.json,canonical_referenced,normal_4bpp_rom_setup
normal_primary,5,83,cfg_t05_l083_v2,2,,,,,,,,,8,,,data/maps/rendered/dungeon_tileset_05_g08_g09/map_083.png,data/maps/rendered/dungeon_tileset_05_g08_g09/map_083.json,canonical_referenced,normal_4bpp_rom_setup
normal_primary,5,87,cfg_t05_l087_v2,2,,,,,,,,,8,,,data/maps/rendered/dungeon_tileset_05_g08_g09/map_087.png,data/maps/rendered/dungeon_tileset_05_g08_g09/map_087.json,canonical_referenced,normal_4bpp_rom_setup
normal_primary,6,21,cfg_t06_l021_v2,2,,,,,,,,,7,,,data/maps/rendered/dungeon_tileset_06/map_021.png,data/maps/rendered/dungeon_tileset_06/map_021.json,canonical_referenced,normal_4bpp_rom_setup
normal_primary,6,37,cfg_t06_l037_v2,2,,,,,,,,,7,,,data/maps/rendered/dungeon_tileset_06/map_037.png,data/maps/rendered/dungeon_tileset_06/map_037.json,canonical_referenced,normal_4bpp_rom_setup
normal_primary,6,38,cfg_t06_l038_v2,2,,,,,,,,,7,,,data/maps/rendered/dungeon_tileset_06/map_038.png,data/maps/rendered/dungeon_tileset_06/map_038.json,canonical_referenced,normal_4bpp_rom_setup
normal_primary,6,40,cfg_t06_l040_v2,2,,,,,,,,,7,,,data/maps/rendered/dungeon_tileset_06/map_040.png,data/maps/rendered/dungeon_tileset_06/map_040.json,canonical_referenced,normal_4bpp_rom_setup
normal_primary,7,7,cfg_t07_l007_v2,2,,,,,,,,,9,,,data/maps/rendered/dungeon_tileset_07/map_007.png,data/maps/rendered/dungeon_tileset_07/map_007.json,canonical_referenced,normal_4bpp_rom_setup
normal_primary,7,9,cfg_t07_l009_v2,2,,,,,,,,,9,,,data/maps/rendered/dungeon_tileset_07/map_009.png,data/maps/rendered/dungeon_tileset_07/map_009.json,canonical_referenced,normal_4bpp_rom_setup
normal_primary,7,10,cfg_t07_l010_v2,2,,,,,,,,,9,,,data/maps/rendered/dungeon_tileset_07/map_010.png,data/maps/rendered/dungeon_tileset_07/map_010.json,canonical_referenced,normal_4bpp_rom_setup
normal_primary,7,11,cfg_t07_l011_v2,2,,,,,,,,,9,,,data/maps/rendered/dungeon_tileset_07/map_011.png,data/maps/rendered/dungeon_tileset_07/map_011.json,canonical_referenced,normal_4bpp_rom_setup
normal_primary,7,12,cfg_t07_l012_v2,2,,,,,,,,,9,,,data/maps/rendered/dungeon_tileset_07/map_012.png,data/maps/rendered/dungeon_tileset_07/map_012.json,canonical_referenced,normal_4bpp_rom_setup
normal_primary,7,13,cfg_t07_l013_v2,2,,,,,,,,,9,,,data/maps/rendered/dungeon_tileset_07/map_013.png,data/maps/rendered/dungeon_tileset_07/map_013.json,canonical_referenced,normal_4bpp_rom_setup
normal_primary,7,14,cfg_t07_l014_v2,2,,,,,,,,,9,,,data/maps/rendered/dungeon_tileset_07/map_014.png,data/maps/rendered/dungeon_tileset_07/map_014.json,canonical_referenced,normal_4bpp_rom_setup
normal_primary,7,15,cfg_t07_l015_v2,2,,,,,,,,,9,,,data/maps/rendered/dungeon_tileset_07/map_015.png,data/maps/rendered/dungeon_tileset_07/map_015.json,canonical_referenced,normal_4bpp_rom_setup
normal_primary,7,16,cfg_t07_l016_v2,2,,,,,,,,,9,,,data/maps/rendered/dungeon_tileset_07/map_016.png,data/maps/rendered/dungeon_tileset_07/map_016.json,canonical_referenced,normal_4bpp_rom_setup
normal_primary,7,22,cfg_t07_l022_v2,2,,,,,,,,,9,,,data/maps/rendered/dungeon_tileset_07/map_022.png,data/maps/rendered/dungeon_tileset_07/map_022.json,canonical_referenced,normal_4bpp_rom_setup
normal_primary,7,23,cfg_t07_l023_v2,2,,,,,,,,,9,,,data/maps/rendered/dungeon_tileset_07/map_023.png,data/maps/rendered/dungeon_tileset_07/map_023.json,canonical_referenced,normal_4bpp_rom_setup
normal_primary,7,24,cfg_t07_l024_v2,2,,,,,,,,,9,,,data/maps/rendered/dungeon_tileset_07/map_024.png,data/maps/rendered/dungeon_tileset_07/map_024.json,canonical_referenced,normal_4bpp_rom_setup
normal_primary,7,25,cfg_t07_l025_v2,2,,,,,,,,,9,,,data/maps/rendered/dungeon_tileset_07/map_025.png,data/maps/rendered/dungeon_tileset_07/map_025.json,canonical_referenced,normal_4bpp_rom_setup
normal_primary,7,26,cfg_t07_l026_v2,2,,,,,,,,,9,,,data/maps/rendered/dungeon_tileset_07/map_026.png,data/maps/rendered/dungeon_tileset_07/map_026.json,canonical_referenced,normal_4bpp_rom_setup
normal_primary,7,27,cfg_t07_l027_v2,2,,,,,,,,,9,,,data/maps/rendered/dungeon_tileset_07/map_027.png,data/maps/rendered/dungeon_tileset_07/map_027.json,canonical_referenced,normal_4bpp_rom_setup
normal_primary,7,33,cfg_t07_l033_v2,2,,,,,,,,,9,,,data/maps/rendered/dungeon_tileset_07/map_033.png,data/maps/rendered/dungeon_tileset_07/map_033.json,canonical_referenced,normal_4bpp_rom_setup
normal_primary,7,36,cfg_t07_l036_v2,2,,,,,,,,,9,,,data/maps/rendered/dungeon_tileset_07/map_036.png,data/maps/rendered/dungeon_tileset_07/map_036.json,canonical_referenced,normal_4bpp_rom_setup
normal_primary,7,46,cfg_t07_l046_v2,2,,,,,,,,,9,,,data/maps/rendered/dungeon_tileset_07/map_046.png,data/maps/rendered/dungeon_tileset_07/map_046.json,canonical_referenced,normal_4bpp_rom_setup
normal_primary,7,47,cfg_t07_l047_v2,2,,,,,,,,,9,,,data/maps/rendered/dungeon_tileset_07/map_047.png,data/maps/rendered/dungeon_tileset_07/map_047.json,canonical_referenced,normal_4bpp_rom_setup
normal_primary,7,48,cfg_t07_l048_v2,2,,,,,,,,,9,,,data/maps/rendered/dungeon_tileset_07/map_048.png,data/maps/rendered/dungeon_tileset_07/map_048.json,canonical_referenced,normal_4bpp_rom_setup
normal_primary,7,49,cfg_t07_l049_v2,2,,,,,,,,,9,,,data/maps/rendered/dungeon_tileset_07/map_049.png,data/maps/rendered/dungeon_tileset_07/map_049.json,canonical_referenced,normal_4bpp_rom_setup
normal_primary,7,50,cfg_t07_l050_v2,2,,,,,,,,,9,,,data/maps/rendered/dungeon_tileset_07/map_050.png,data/maps/rendered/dungeon_tileset_07/map_050.json,canonical_referenced,normal_4bpp_rom_setup
normal_primary,7,51,cfg_t07_l051_v2,2,,,,,,,,,9,,,data/maps/rendered/dungeon_tileset_07/map_051.png,data/maps/rendered/dungeon_tileset_07/map_051.json,canonical_referenced,normal_4bpp_rom_setup
normal_primary,7,52,cfg_t07_l052_v2,2,,,,,,,,,9,,,data/maps/rendered/dungeon_tileset_07/map_052.png,data/maps/rendered/dungeon_tileset_07/map_052.json,canonical_referenced,normal_4bpp_rom_setup
normal_primary,7,53,cfg_t07_l053_v2,2,,,,,,,,,9,,,data/maps/rendered/dungeon_tileset_07/map_053.png,data/maps/rendered/dungeon_tileset_07/map_053.json,canonical_referenced,normal_4bpp_rom_setup
normal_primary,7,54,cfg_t07_l054_v2,2,,,,,,,,,9,,,data/maps/rendered/dungeon_tileset_07/map_054.png,data/maps/rendered/dungeon_tileset_07/map_054.json,canonical_referenced,normal_4bpp_rom_setup
normal_primary,7,55,cfg_t07_l055_v2,2,,,,,,,,,9,,,data/maps/rendered/dungeon_tileset_07/map_055.png,data/maps/rendered/dungeon_tileset_07/map_055.json,canonical_referenced,normal_4bpp_rom_setup
normal_primary,7,56,cfg_t07_l056_v2,2,,,,,,,,,9,,,data/maps/rendered/dungeon_tileset_07/map_056.png,data/maps/rendered/dungeon_tileset_07/map_056.json,canonical_referenced,normal_4bpp_rom_setup
normal_primary,7,63,cfg_t07_l063_v2,2,,,,,,,,,9,,,data/maps/rendered/dungeon_tileset_07/map_063.png,data/maps/rendered/dungeon_tileset_07/map_063.json,canonical_referenced,normal_4bpp_rom_setup
normal_primary,7,64,cfg_t07_l064_v2,2,,,,,,,,,9,,,data/maps/rendered/dungeon_tileset_07/map_064.png,data/maps/rendered/dungeon_tileset_07/map_064.json,canonical_referenced,normal_4bpp_rom_setup
normal_primary,7,65,cfg_t07_l065_v2,2,,,,,,,,,9,,,data/maps/rendered/dungeon_tileset_07/map_065.png,data/maps/rendered/dungeon_tileset_07/map_065.json,canonical_referenced,normal_4bpp_rom_setup
normal_primary,7,67,cfg_t07_l067_v2,2,,,,,,,,,9,,,data/maps/rendered/dungeon_tileset_07/map_067.png,data/maps/rendered/dungeon_tileset_07/map_067.json,canonical_referenced,normal_4bpp_rom_setup
normal_primary,7,68,cfg_t07_l068_v2,2,,,,,,,,,9,,,data/maps/rendered/dungeon_tileset_07/map_068.png,data/maps/rendered/dungeon_tileset_07/map_068.json,canonical_referenced,normal_4bpp_rom_setup
normal_primary,7,69,cfg_t07_l069_v2,2,,,,,,,,,9,,,data/maps/rendered/dungeon_tileset_07/map_069.png,data/maps/rendered/dungeon_tileset_07/map_069.json,canonical_referenced,normal_4bpp_rom_setup
normal_primary,7,71,cfg_t07_l071_v2,2,,,,,,,,,9,,,data/maps/rendered/dungeon_tileset_07/map_071.png,data/maps/rendered/dungeon_tileset_07/map_071.json,canonical_referenced,normal_4bpp_rom_setup
normal_primary,7,72,cfg_t07_l072_v2,2,,,,,,,,,9,,,data/maps/rendered/dungeon_tileset_07/map_072.png,data/maps/rendered/dungeon_tileset_07/map_072.json,canonical_referenced,normal_4bpp_rom_setup
normal_primary,7,75,cfg_t07_l075_v2,2,,,,,,,,,9,,,data/maps/rendered/dungeon_tileset_07/map_075.png,data/maps/rendered/dungeon_tileset_07/map_075.json,canonical_referenced,normal_4bpp_rom_setup
normal_primary,7,76,cfg_t07_l076_v2,2,,,,,,,,,9,,,data/maps/rendered/dungeon_tileset_07/map_076.png,data/maps/rendered/dungeon_tileset_07/map_076.json,canonical_referenced,normal_4bpp_rom_setup
normal_primary,7,78,cfg_t07_l078_v2,2,,,,,,,,,9,,,data/maps/rendered/dungeon_tileset_07/map_078.png,data/maps/rendered/dungeon_tileset_07/map_078.json,canonical_referenced,normal_4bpp_rom_setup
normal_primary,7,80,cfg_t07_l080_v2,2,,,,,,,,,9,,,data/maps/rendered/dungeon_tileset_07/map_080.png,data/maps/rendered/dungeon_tileset_07/map_080.json,canonical_referenced,normal_4bpp_rom_setup
normal_primary,7,84,cfg_t07_l084_v2,2,,,,,,,,,9,,,data/maps/rendered/dungeon_tileset_07/map_084.png,data/maps/rendered/dungeon_tileset_07/map_084.json,canonical_referenced,normal_4bpp_rom_setup
normal_primary,7,90,cfg_t07_l090_v2,2,,,,,,,,,9,,,data/maps/rendered/dungeon_tileset_07/map_090.png,data/maps/rendered/dungeon_tileset_07/map_090.json,canonical_referenced,normal_4bpp_rom_setup
normal_primary,8,92,cfg_t08_l092_v2,2,,,,,,,,,10,,,data/maps/rendered/dungeon_tileset_08/map_092.png,data/maps/rendered/dungeon_tileset_08/map_092.json,canonical_referenced,normal_4bpp_rom_setup
normal_primary,8,94,cfg_t08_l094_v2,2,,,,,,,,,10,,,data/maps/rendered/dungeon_tileset_08/map_094.png,data/maps/rendered/dungeon_tileset_08/map_094.json,canonical_referenced,normal_4bpp_rom_setup
normal_primary,8,96,cfg_t08_l096_v2,2,,,,,,,,,10,,,data/maps/rendered/dungeon_tileset_08/map_096.png,data/maps/rendered/dungeon_tileset_08/map_096.json,canonical_referenced,normal_4bpp_rom_setup
normal_primary,9,97,cfg_t09_l097_v2,2,,,,,,,,,11,,,data/maps/rendered/dungeon_tileset_09/map_097.png,data/maps/rendered/dungeon_tileset_09/map_097.json,canonical_referenced,normal_4bpp_rom_setup
normal_primary,9,98,cfg_t09_l098_v2,2,,,,,,,,,11,,,data/maps/rendered/dungeon_tileset_09/map_098.png,data/maps/rendered/dungeon_tileset_09/map_098.json,canonical_referenced,normal_4bpp_rom_setup
normal_primary,11,101,cfg_t11_l101_v2,2,,,,,,,,,12,,,data/maps/rendered/dungeon_tileset_11/map_101.png,data/maps/rendered/dungeon_tileset_11/map_101.json,canonical_referenced,normal_4bpp_rom_setup
normal_primary,13,103,cfg_t13_l103_v2,2,,,,,,,,,13,,,data/maps/rendered/dungeon_tileset_13/map_103.png,data/maps/rendered/dungeon_tileset_13/map_103.json,canonical_referenced,normal_4bpp_rom_setup
normal_primary,14,105,cfg_t14_l105_v2,2,,,,,,,,,14,,,data/maps/rendered/dungeon_tileset_14_p0E/map_105.png,data/maps/rendered/dungeon_tileset_14_p0E/map_105.json,canonical_referenced,normal_4bpp_rom_setup
normal_primary,14,105,cfg_t14_l105_v2,2,,,,,,,,,17,,,data/maps/rendered/dungeon_tileset_14_p11/map_105.png,data/maps/rendered/dungeon_tileset_14_p11/map_105.json,canonical_referenced,normal_4bpp_rom_setup
normal_primary,15,107,cfg_t15_l107_v2,2,,,,,,,,,15,,,data/maps/rendered/dungeon_tileset_15/map_107.png,data/maps/rendered/dungeon_tileset_15/map_107.json,canonical_referenced,normal_4bpp_rom_setup
normal_primary,16,109,cfg_t16_l109_v2,2,,,,,,,,,16,,,data/maps/rendered/dungeon_tileset_16/map_109.png,data/maps/rendered/dungeon_tileset_16/map_109.json,canonical_referenced,normal_4bpp_rom_setup
normal_primary,17,111,cfg_t17_l111_v2,2,,,,,,,,,21,,,data/maps/rendered/dungeon_tileset_17/map_111.png,data/maps/rendered/dungeon_tileset_17/map_111.json,canonical_referenced,normal_4bpp_rom_setup
normal_primary,18,112,cfg_t18_l112_v2,2,,,,,,,,,18,,,data/maps/rendered/dungeon_tileset_18/map_112.png,data/maps/rendered/dungeon_tileset_18/map_112.json,canonical_referenced,normal_4bpp_rom_setup
normal_primary,19,113,cfg_t19_l113_v2,2,,,,,,,,,19,,,data/maps/rendered/dungeon_tileset_19/map_113.png,data/maps/rendered/dungeon_tileset_19/map_113.json,canonical_referenced,normal_4bpp_rom_setup
normal_primary,19,115,cfg_t19_l115_v2,2,,,,,,,,,19,,,data/maps/rendered/dungeon_tileset_19/map_115.png,data/maps/rendered/dungeon_tileset_19/map_115.json,canonical_referenced,normal_4bpp_rom_setup
normal_primary,20,117,cfg_t20_l117_v1,1,,,,,,,,,20,,,data/maps/rendered/dungeon_tileset_20/map_117.png,data/maps/rendered/dungeon_tileset_20/map_117.json,canonical_referenced,normal_4bpp_rom_setup
normal_primary,21,119,cfg_t21_l119_v2,2,,,,,,,,,22,,,data/maps/rendered/dungeon_tileset_21/map_119.png,data/maps/rendered/dungeon_tileset_21/map_119.json,canonical_referenced,normal_4bpp_rom_setup
normal_primary,22,121,cfg_t22_l121_v2,2,,,,,,,,,24,,,data/maps/rendered/dungeon_tileset_22/map_121.png,data/maps/rendered/dungeon_tileset_22/map_121.json,canonical_referenced,normal_4bpp_rom_setup
normal_primary,23,123,cfg_t23_l123_v1;cfg_t23_l123_v2,1;2,,,,,,,,,25,,,data/maps/rendered/dungeon_tileset_23/map_123.png,data/maps/rendered/dungeon_tileset_23/map_123.json,canonical_referenced,normal_4bpp_rom_setup
normal_primary,24,125,cfg_t24_l125_v2,2,,,,,,,,,26,,,data/maps/rendered/dungeon_tileset_24/map_125.png,data/maps/rendered/dungeon_tileset_24/map_125.json,canonical_referenced,normal_4bpp_rom_setup
normal_primary,24,127,cfg_t24_l127_v2,2,,,,,,,,,26,,,data/maps/rendered/dungeon_tileset_24/map_127.png,data/maps/rendered/dungeon_tileset_24/map_127.json,canonical_referenced,normal_4bpp_rom_setup
normal_primary,25,129,cfg_t25_l129_v2,2,,,,,,,,,27,,,data/maps/rendered/dungeon_tileset_25/map_129.png,data/maps/rendered/dungeon_tileset_25/map_129.json,canonical_referenced,normal_4bpp_rom_setup
normal_primary,26,131,cfg_t26_l131_v1,1,,,,,,,,,28,,,data/maps/rendered/dungeon_tileset_26/map_131.png,data/maps/rendered/dungeon_tileset_26/map_131.json,canonical_referenced,normal_4bpp_rom_setup
normal_primary,27,132,cfg_t27_l132_v2,2,,,,,,,,,10,,,data/maps/rendered/dungeon_tileset_27/map_132.png,data/maps/rendered/dungeon_tileset_27/map_132.json,canonical_referenced,normal_4bpp_rom_setup
normal_primary,27,134,cfg_t27_l134_v2,2,,,,,,,,,10,,,data/maps/rendered/dungeon_tileset_27/map_134.png,data/maps/rendered/dungeon_tileset_27/map_134.json,canonical_referenced,normal_4bpp_rom_setup
normal_primary,28,136,cfg_t28_l136_v2,2,,,,,,,,,25,,,data/maps/rendered/dungeon_tileset_28/map_136.png,data/maps/rendered/dungeon_tileset_28/map_136.json,canonical_referenced,normal_4bpp_rom_setup
normal_primary,29,138,cfg_t29_l138_v2,2,,,,,,,,,29,,,data/maps/rendered/dungeon_tileset_29/map_138.png,data/maps/rendered/dungeon_tileset_29/map_138.json,canonical_referenced,normal_4bpp_rom_setup
normal_primary,30,140,cfg_t30_l140_v2,2,,,,,,,,,25,,,data/maps/rendered/dungeon_tileset_30/map_140.png,data/maps/rendered/dungeon_tileset_30/map_140.json,canonical_referenced,normal_4bpp_rom_setup
normal_primary,31,142,cfg_t31_l142_v2,2,,,,,,,,,30,,,data/maps/rendered/dungeon_tileset_31/map_142.png,data/maps/rendered/dungeon_tileset_31/map_142.json,canonical_referenced,normal_4bpp_rom_setup
normal_primary,32,144,cfg_t32_l144_v1,1,,,,,,,,,31,,,data/maps/rendered/dungeon_tileset_32/map_144.png,data/maps/rendered/dungeon_tileset_32/map_144.json,canonical_referenced,normal_4bpp_rom_setup
normal_primary,33,146,cfg_t33_l146_v1,1,,,,,,,,,32,,,data/maps/rendered/dungeon_tileset_33/map_146.png,data/maps/rendered/dungeon_tileset_33/map_146.json,canonical_referenced,normal_4bpp_rom_setup
normal_primary,34,148,cfg_t34_l148_v1,1,,,,,,,,,33,,,data/maps/rendered/dungeon_tileset_34/map_148.png,data/maps/rendered/dungeon_tileset_34/map_148.json,canonical_referenced,normal_4bpp_rom_setup
normal_primary,35,149,cfg_t35_l149_v2,2,,,,,,,,,34,,,data/maps/rendered/dungeon_tileset_35/map_149.png,data/maps/rendered/dungeon_tileset_35/map_149.json,canonical_referenced,normal_4bpp_rom_setup
normal_primary,36,150,cfg_t36_l150_v2,2,,,,,,,,,35,,,data/maps/rendered/dungeon_tileset_36/map_150.png,data/maps/rendered/dungeon_tileset_36/map_150.json,canonical_referenced,normal_4bpp_rom_setup
normal_primary,37,152,cfg_t37_l152_v2,2,,,,,,,,,36,,,data/maps/rendered/dungeon_tileset_37/map_152.png,data/maps/rendered/dungeon_tileset_37/map_152.json,canonical_referenced,normal_4bpp_rom_setup
normal_primary,38,154,cfg_t38_l154_v2,2,,,,,,,,,30,,,data/maps/rendered/dungeon_tileset_38/map_154.png,data/maps/rendered/dungeon_tileset_38/map_154.json,canonical_referenced,normal_4bpp_rom_setup
normal_primary,39,156,cfg_t39_l156_v1,1,,,,,,,,,37,,,data/maps/rendered/dungeon_tileset_39/map_156.png,data/maps/rendered/dungeon_tileset_39/map_156.json,canonical_referenced,normal_4bpp_rom_setup
normal_primary,40,157,cfg_t40_l157_v2,2,,,,,,,,,38,,,data/maps/rendered/dungeon_tileset_40/map_157.png,data/maps/rendered/dungeon_tileset_40/map_157.json,canonical_referenced,normal_4bpp_rom_setup
normal_primary,40,159,cfg_t40_l159_v2,2,,,,,,,,,38,,,data/maps/rendered/dungeon_tileset_40/map_159.png,data/maps/rendered/dungeon_tileset_40/map_159.json,canonical_referenced,normal_4bpp_rom_setup
normal_primary,42,163,cfg_t42_l163_v1,1,,,,,,,,,40,,,data/maps/rendered/dungeon_tileset_42_p28_secondary/map_163.png,data/maps/rendered/dungeon_tileset_42_p28_secondary/map_163.json,canonical_referenced,normal_4bpp_rom_setup
normal_primary,42,163,cfg_t42_l163_v1,1,,,,,,,,,41,,,data/maps/rendered/dungeon_tileset_42_p29/map_163.png,data/maps/rendered/dungeon_tileset_42_p29/map_163.json,canonical_referenced,normal_4bpp_rom_setup
normal_primary,43,165,cfg_t43_l165_v2,2,,,,,,,,,37,,,data/maps/rendered/dungeon_tileset_43/map_165.png,data/maps/rendered/dungeon_tileset_43/map_165.json,canonical_referenced,normal_4bpp_rom_setup
normal_primary,44,167,cfg_t44_l167_v1,1,,,,,,,,,43,,,data/maps/rendered/dungeon_tileset_44/map_167.png,data/maps/rendered/dungeon_tileset_44/map_167.json,canonical_referenced,normal_4bpp_rom_setup
normal_primary,45,168,cfg_t45_l168_v2,2,,,,,,,,,42,,,data/maps/rendered/dungeon_tileset_45/map_168.png,data/maps/rendered/dungeon_tileset_45/map_168.json,canonical_referenced,normal_4bpp_rom_setup
normal_primary,46,170,cfg_t46_l170_v2,2,,,,,,,,,44,,,data/maps/rendered/dungeon_tileset_46/map_170.png,data/maps/rendered/dungeon_tileset_46/map_170.json,canonical_referenced,normal_4bpp_rom_setup
normal_primary,47,172,cfg_t47_l172_v2,2,,,,,,,,,45,,,data/maps/rendered/dungeon_tileset_47/map_172.png,data/maps/rendered/dungeon_tileset_47/map_172.json,canonical_referenced,normal_4bpp_rom_setup
normal_primary,48,174,cfg_t48_l174_v2,2,,,,,,,,,46,,,data/maps/rendered/dungeon_tileset_48/map_174.png,data/maps/rendered/dungeon_tileset_48/map_174.json,canonical_referenced,normal_4bpp_rom_setup
normal_primary,49,176,cfg_t49_l176_v2,2,,,,,,,,,47,,,data/maps/rendered/dungeon_tileset_49/map_176.png,data/maps/rendered/dungeon_tileset_49/map_176.json,canonical_referenced,normal_4bpp_rom_setup
normal_primary,50,178,cfg_t50_l178_v1,1,,,,,,,,,48,,,data/maps/rendered/dungeon_tileset_50/map_178.png,data/maps/rendered/dungeon_tileset_50/map_178.json,canonical_referenced,normal_4bpp_rom_setup
normal_primary,51,180,cfg_t51_l180_v2,2,,,,,,,,,49,,,data/maps/rendered/dungeon_tileset_51/map_180.png,data/maps/rendered/dungeon_tileset_51/map_180.json,canonical_referenced,normal_4bpp_rom_setup
normal_primary,52,182,cfg_t52_l182_v2,2,,,,,,,,,50,,,data/maps/rendered/dungeon_tileset_52/map_182.png,data/maps/rendered/dungeon_tileset_52/map_182.json,canonical_referenced,normal_4bpp_rom_setup
normal_primary,53,184,cfg_t53_l184_v2,2,,,,,,,,,51,,,data/maps/rendered/dungeon_tileset_53/map_184.png,data/maps/rendered/dungeon_tileset_53/map_184.json,canonical_referenced,normal_4bpp_rom_setup
normal_primary,53,186,cfg_t53_l186_v2,2,,,,,,,,,51,,,data/maps/rendered/dungeon_tileset_53/map_186.png,data/maps/rendered/dungeon_tileset_53/map_186.json,canonical_referenced,normal_4bpp_rom_setup
normal_primary,53,188,cfg_t53_l188_v2,2,,,,,,,,,51,,,data/maps/rendered/dungeon_tileset_53/map_188.png,data/maps/rendered/dungeon_tileset_53/map_188.json,canonical_referenced,normal_4bpp_rom_setup
normal_primary,54,190,cfg_t54_l190_v2,2,,,,,,,,,52,,,data/maps/rendered/dungeon_tileset_54/map_190.png,data/maps/rendered/dungeon_tileset_54/map_190.json,canonical_referenced,normal_4bpp_rom_setup
normal_primary,55,192,cfg_t55_l192_v2,2,,,,,,,,,53,,,data/maps/rendered/dungeon_tileset_55/map_192.png,data/maps/rendered/dungeon_tileset_55/map_192.json,canonical_referenced,normal_4bpp_rom_setup
normal_primary,56,194,cfg_t56_l194_v1,1,,,,,,,,,54,,,data/maps/rendered/dungeon_tileset_56/map_194.png,data/maps/rendered/dungeon_tileset_56/map_194.json,canonical_referenced,normal_4bpp_rom_setup
normal_primary,58,196,cfg_t58_l196_v1,1,,,,,,,,,55,,,data/maps/rendered/dungeon_tileset_58/map_196.png,data/maps/rendered/dungeon_tileset_58/map_196.json,canonical_referenced,normal_4bpp_rom_setup
normal_primary,58,197,cfg_t58_l197_v1,1,,,,,,,,,55,,,data/maps/rendered/dungeon_tileset_58/map_197.png,data/maps/rendered/dungeon_tileset_58/map_197.json,canonical_referenced,normal_4bpp_rom_setup
normal_primary,58,198,cfg_t58_l198_v1,1,,,,,,,,,55,,,data/maps/rendered/dungeon_tileset_58/map_198.png,data/maps/rendered/dungeon_tileset_58/map_198.json,canonical_referenced,normal_4bpp_rom_setup
normal_primary,59,201,cfg_t59_l201_v2,2,,,,,,,,,56,,,data/maps/rendered/dungeon_tileset_59/map_201.png,data/maps/rendered/dungeon_tileset_59/map_201.json,canonical_referenced,normal_4bpp_rom_setup
normal_primary,60,203,cfg_t60_l203_v1,1,,,,,,,,,57,,,data/maps/rendered/dungeon_tileset_60/map_203.png,data/maps/rendered/dungeon_tileset_60/map_203.json,canonical_referenced,normal_4bpp_rom_setup
secondary_layer,8,93,cfg_t08_l092_v2;cfg_t08_l096_v2,,,,cfg_t08_l092_v2;cfg_t08_l096_v2,8;8,92;96,8,93,,10,2304,1024,data/maps/rendered/secondary_layers/t08_l093.png,data/maps/rendered/secondary_layers/t08_l093.json,canonical_referenced,opcode_0x51_secondary_layer
secondary_layer,8,95,cfg_t08_l094_v2,,,,cfg_t08_l094_v2,8,94,8,95,,10,1280,512,data/maps/rendered/secondary_layers/t08_l095.png,data/maps/rendered/secondary_layers/t08_l095.json,canonical_referenced,opcode_0x51_secondary_layer
secondary_layer,10,99,cfg_t09_l097_v2,,,,cfg_t09_l097_v2,9,97,10,99,,11,4096,1024,data/maps/rendered/secondary_layers/t10_l099.png,data/maps/rendered/secondary_layers/t10_l099.json,canonical_referenced,opcode_0x51_secondary_layer
secondary_layer,10,100,cfg_t09_l098_v2,,,,cfg_t09_l098_v2,9,98,10,100,,11,768,1024,data/maps/rendered/secondary_layers/t10_l100.png,data/maps/rendered/secondary_layers/t10_l100.json,canonical_referenced,opcode_0x51_secondary_layer
secondary_layer,12,102,cfg_t11_l101_v2,,,,cfg_t11_l101_v2,11,101,12,102,,12,3840,1536,data/maps/rendered/secondary_layers/t12_l102.png,data/maps/rendered/secondary_layers/t12_l102.json,canonical_referenced,opcode_0x51_secondary_layer
secondary_layer,13,104,cfg_t13_l103_v2,,,,cfg_t13_l103_v2,13,103,13,104,,13,1536,2816,data/maps/rendered/secondary_layers/t13_l104.png,data/maps/rendered/secondary_layers/t13_l104.json,canonical_referenced,opcode_0x51_secondary_layer
secondary_layer,14,106,cfg_t14_l105_v2,,,,cfg_t14_l105_v2,14,105,14,106,,14,3584,1280,data/maps/rendered/secondary_layers/t14_l106_pal0E_v1.png,data/maps/rendered/secondary_layers/t14_l106_pal0E_v1.json,canonical_referenced,opcode_0x51_secondary_layer
secondary_layer,14,106,cfg_t14_l105_v2,,,,cfg_t14_l105_v2,14,105,14,106,,17,3584,1280,data/maps/rendered/secondary_layers/t14_l106_pal11_v2.png,data/maps/rendered/secondary_layers/t14_l106_pal11_v2.json,canonical_referenced,opcode_0x51_secondary_layer
secondary_layer,15,108,cfg_t15_l107_v2,,,,cfg_t15_l107_v2,15,107,15,108,,15,1024,1536,data/maps/rendered/secondary_layers/t15_l108.png,data/maps/rendered/secondary_layers/t15_l108.json,canonical_referenced,opcode_0x51_secondary_layer
secondary_layer,16,110,cfg_t16_l109_v2,,,,cfg_t16_l109_v2,16,109,16,110,,16,1024,768,data/maps/rendered/secondary_layers/t16_l110.png,data/maps/rendered/secondary_layers/t16_l110.json,canonical_referenced,opcode_0x51_secondary_layer
secondary_layer,19,114,cfg_t19_l113_v2,,,,cfg_t19_l113_v2,19,113,19,114,,19,1536,1024,data/maps/rendered/secondary_layers/t19_l114.png,data/maps/rendered/secondary_layers/t19_l114.json,canonical_referenced,opcode_0x51_secondary_layer
secondary_layer,19,116,cfg_t19_l115_v2,,,,cfg_t19_l115_v2,19,115,19,116,,19,768,512,data/maps/rendered/secondary_layers/t19_l116.png,data/maps/rendered/secondary_layers/t19_l116.json,canonical_referenced,opcode_0x51_secondary_layer
secondary_layer,20,118,cfg_t20_l117_v1,,,,cfg_t20_l117_v1,20,117,20,118,,20,512,768,data/maps/rendered/secondary_layers/t20_l118.png,data/maps/rendered/secondary_layers/t20_l118.json,canonical_referenced,opcode_0x51_secondary_layer
secondary_layer,21,120,cfg_t21_l119_v2,,,,cfg_t21_l119_v2,21,119,21,120,,22,1536,1024,data/maps/rendered/secondary_layers/t21_l120.png,data/maps/rendered/secondary_layers/t21_l120.json,canonical_referenced,opcode_0x51_secondary_layer
secondary_layer,22,122,cfg_t22_l121_v2,,,,cfg_t22_l121_v2,22,121,22,122,,24,4096,1280,data/maps/rendered/secondary_layers/t22_l122.png,data/maps/rendered/secondary_layers/t22_l122.json,canonical_referenced,opcode_0x51_secondary_layer
secondary_layer,23,124,cfg_t23_l123_v1;cfg_t23_l123_v2,,,,cfg_t23_l123_v1;cfg_t23_l123_v2,23,123,23,124,,25,2816,1024,data/maps/rendered/secondary_layers/t23_l124.png,data/maps/rendered/secondary_layers/t23_l124.json,canonical_referenced,opcode_0x51_secondary_layer
secondary_layer,24,126,cfg_t24_l125_v2,,,,cfg_t24_l125_v2,24,125,24,126,,26,3584,768,data/maps/rendered/secondary_layers/t24_l126.png,data/maps/rendered/secondary_layers/t24_l126.json,canonical_referenced,opcode_0x51_secondary_layer
secondary_layer,24,128,cfg_t24_l127_v2,,,,cfg_t24_l127_v2,24,127,24,128,,26,2560,1536,data/maps/rendered/secondary_layers/t24_l128.png,data/maps/rendered/secondary_layers/t24_l128.json,canonical_referenced,opcode_0x51_secondary_layer
secondary_layer,25,130,cfg_t25_l129_v2,,,,cfg_t25_l129_v2,25,129,25,130,,27,2304,768,data/maps/rendered/secondary_layers/t25_l130.png,data/maps/rendered/secondary_layers/t25_l130.json,canonical_referenced,opcode_0x51_secondary_layer
secondary_layer,27,133,cfg_t27_l132_v2,,,,cfg_t27_l132_v2,27,132,27,133,,10,512,512,data/maps/rendered/secondary_layers/t27_l133.png,data/maps/rendered/secondary_layers/t27_l133.json,canonical_referenced,opcode_0x51_secondary_layer
secondary_layer,27,135,cfg_t27_l134_v2,,,,cfg_t27_l134_v2,27,134,27,135,,10,512,512,data/maps/rendered/secondary_layers/t27_l135.png,data/maps/rendered/secondary_layers/t27_l135.json,canonical_referenced,opcode_0x51_secondary_layer
secondary_layer,28,137,cfg_t28_l136_v2,,,,cfg_t28_l136_v2,28,136,28,137,,25,1024,1024,data/maps/rendered/secondary_layers/t28_l137.png,data/maps/rendered/secondary_layers/t28_l137.json,canonical_referenced,opcode_0x51_secondary_layer
secondary_layer,29,139,cfg_t29_l138_v2,,,,cfg_t29_l138_v2,29,138,29,139,,29,3840,768,data/maps/rendered/secondary_layers/t29_l139.png,data/maps/rendered/secondary_layers/t29_l139.json,canonical_referenced,opcode_0x51_secondary_layer
secondary_layer,30,141,cfg_t30_l140_v2,,,,cfg_t30_l140_v2,30,140,30,141,,25,768,512,data/maps/rendered/secondary_layers/t30_l141.png,data/maps/rendered/secondary_layers/t30_l141.json,canonical_referenced,opcode_0x51_secondary_layer
secondary_layer,31,143,cfg_t31_l142_v2,,,,cfg_t31_l142_v2,31,142,31,143,,30,1024,512,data/maps/rendered/secondary_layers/t31_l143.png,data/maps/rendered/secondary_layers/t31_l143.json,canonical_referenced,opcode_0x51_secondary_layer
secondary_layer,32,145,cfg_t32_l144_v1,,,,cfg_t32_l144_v1,32,144,32,145,,31,3584,1024,data/maps/rendered/secondary_layers/t32_l145.png,data/maps/rendered/secondary_layers/t32_l145.json,canonical_referenced,opcode_0x51_secondary_layer
secondary_layer,33,147,cfg_t33_l146_v1,,,,cfg_t33_l146_v1,33,146,33,147,,32,4096,1024,data/maps/rendered/secondary_layers/t33_l147.png,data/maps/rendered/secondary_layers/t33_l147.json,canonical_referenced,opcode_0x51_secondary_layer
secondary_layer,36,151,cfg_t36_l150_v2,,,,cfg_t36_l150_v2,36,150,36,151,,35,512,1024,data/maps/rendered/secondary_layers/t36_l151.png,data/maps/rendered/secondary_layers/t36_l151.json,canonical_referenced,opcode_0x51_secondary_layer
secondary_layer,37,153,cfg_t37_l152_v2,,,,cfg_t37_l152_v2,37,152,37,153,,36,512,1024,data/maps/rendered/secondary_layers/t37_l153.png,data/maps/rendered/secondary_layers/t37_l153.json,canonical_referenced,opcode_0x51_secondary_layer
secondary_layer,38,155,cfg_t38_l154_v2,,,,cfg_t38_l154_v2,38,154,38,155,,30,512,512,data/maps/rendered/secondary_layers/t38_l155.png,data/maps/rendered/secondary_layers/t38_l155.json,canonical_referenced,opcode_0x51_secondary_layer
secondary_layer,40,158,cfg_t40_l157_v2,,,,cfg_t40_l157_v2,40,157,40,158,,38,2048,1024,data/maps/rendered/secondary_layers/t40_l158.png,data/maps/rendered/secondary_layers/t40_l158.json,canonical_referenced,opcode_0x51_secondary_layer
secondary_layer,40,160,cfg_t40_l159_v2,,,,cfg_t40_l159_v2,40,159,40,160,,38,2048,1280,data/maps/rendered/secondary_layers/t40_l160.png,data/maps/rendered/secondary_layers/t40_l160.json,canonical_referenced,opcode_0x51_secondary_layer
secondary_layer,43,166,cfg_t43_l165_v2,,,,cfg_t43_l165_v2,43,165,43,166,,37,768,1024,data/maps/rendered/secondary_layers/t43_l166.png,data/maps/rendered/secondary_layers/t43_l166.json,canonical_referenced,opcode_0x51_secondary_layer
secondary_layer,45,169,cfg_t45_l168_v2,,,,cfg_t45_l168_v2,45,168,45,169,,42,1024,768,data/maps/rendered/secondary_layers/t45_l169.png,data/maps/rendered/secondary_layers/t45_l169.json,canonical_referenced,opcode_0x51_secondary_layer
secondary_layer,46,171,cfg_t46_l170_v2,,,,cfg_t46_l170_v2,46,170,46,171,,44,1792,512,data/maps/rendered/secondary_layers/t46_l171.png,data/maps/rendered/secondary_layers/t46_l171.json,canonical_referenced,opcode_0x51_secondary_layer
secondary_layer,47,173,cfg_t47_l172_v2,,,,cfg_t47_l172_v2,47,172,47,173,,45,1792,512,data/maps/rendered/secondary_layers/t47_l173.png,data/maps/rendered/secondary_layers/t47_l173.json,canonical_referenced,opcode_0x51_secondary_layer
secondary_layer,48,175,cfg_t48_l174_v2,,,,cfg_t48_l174_v2,48,174,48,175,,46,2048,512,data/maps/rendered/secondary_layers/t48_l175.png,data/maps/rendered/secondary_layers/t48_l175.json,canonical_referenced,opcode_0x51_secondary_layer
secondary_layer,49,177,cfg_t49_l176_v2,,,,cfg_t49_l176_v2,49,176,49,177,,47,2048,1024,data/maps/rendered/secondary_layers/t49_l177.png,data/maps/rendered/secondary_layers/t49_l177.json,canonical_referenced,opcode_0x51_secondary_layer
secondary_layer,50,179,cfg_t50_l178_v1,,,,cfg_t50_l178_v1,50,178,50,179,,48,2304,1536,data/maps/rendered/secondary_layers/t50_l179.png,data/maps/rendered/secondary_layers/t50_l179.json,canonical_referenced,opcode_0x51_secondary_layer
secondary_layer,51,181,cfg_t51_l180_v2,,,,cfg_t51_l180_v2,51,180,51,181,,49,2048,1280,data/maps/rendered/secondary_layers/t51_l181.png,data/maps/rendered/secondary_layers/t51_l181.json,canonical_referenced,opcode_0x51_secondary_layer
secondary_layer,52,183,cfg_t52_l182_v2,,,,cfg_t52_l182_v2,52,182,52,183,,50,1280,1280,data/maps/rendered/secondary_layers/t52_l183.png,data/maps/rendered/secondary_layers/t52_l183.json,canonical_referenced,opcode_0x51_secondary_layer
secondary_layer,53,185,cfg_t53_l184_v2,,,,cfg_t53_l184_v2,53,184,53,185,,51,4096,1536,data/maps/rendered/secondary_layers/t53_l185.png,data/maps/rendered/secondary_layers/t53_l185.json,canonical_referenced,opcode_0x51_secondary_layer
secondary_layer,53,187,cfg_t53_l186_v2,,,,cfg_t53_l186_v2,53,186,53,187,,51,1024,4096,data/maps/rendered/secondary_layers/t53_l187.png,data/maps/rendered/secondary_layers/t53_l187.json,canonical_referenced,opcode_0x51_secondary_layer
secondary_layer,53,189,cfg_t53_l188_v2,,,,cfg_t53_l188_v2,53,188,53,189,,51,512,512,data/maps/rendered/secondary_layers/t53_l189.png,data/maps/rendered/secondary_layers/t53_l189.json,canonical_referenced,opcode_0x51_secondary_layer
secondary_layer,54,191,cfg_t54_l190_v2,,,,cfg_t54_l190_v2,54,190,54,191,,52,1792,1280,data/maps/rendered/secondary_layers/t54_l191.png,data/maps/rendered/secondary_layers/t54_l191.json,canonical_referenced,opcode_0x51_secondary_layer
secondary_layer,55,193,cfg_t55_l192_v2,,,,cfg_t55_l192_v2,55,192,55,193,,53,1792,1280,data/maps/rendered/secondary_layers/t55_l193.png,data/maps/rendered/secondary_layers/t55_l193.json,canonical_referenced,opcode_0x51_secondary_layer
secondary_layer,57,195,cfg_t56_l194_v1,,,,cfg_t56_l194_v1,56,194,57,195,,54,1024,1024,data/maps/rendered/secondary_layers/t57_l195.png,data/maps/rendered/secondary_layers/t57_l195.json,canonical_referenced,opcode_0x51_secondary_layer
secondary_layer,58,199,cfg_t58_l196_v1,,,,cfg_t58_l196_v1,58,196,58,199,,55,3840,2048,data/maps/rendered/secondary_layers/t58_l199.png,data/maps/rendered/secondary_layers/t58_l199.json,canonical_referenced,opcode_0x51_secondary_layer
secondary_layer,58,200,cfg_t58_l197_v1,,,,cfg_t58_l197_v1,58,197,58,200,,55,2048,1792,data/maps/rendered/secondary_layers/t58_l200.png,data/maps/rendered/secondary_layers/t58_l200.json,canonical_referenced,opcode_0x51_secondary_layer
secondary_layer,59,202,cfg_t59_l201_v2,,,,cfg_t59_l201_v2,59,201,59,202,,56,512,512,data/maps/rendered/secondary_layers/t59_l202.png,data/maps/rendered/secondary_layers/t59_l202.json,canonical_referenced,opcode_0x51_secondary_layer
secondary_layer_non_immediate,42,164,,,,,,,,,,,40,,,data/maps/rendered/dungeon_tileset_42_p28_secondary/map_164.png,data/maps/rendered/dungeon_tileset_42_p28_secondary/map_164.json,canonical_referenced_non_immediate,pack 0x9D normal-mode path CC:FB98: 51 2A A4
unreferenced_probe,7,17,,,,,,,,,,,9,,,data/maps/rendered/unreferenced_layout_probes/ts07/map_017.png,data/maps/rendered/unreferenced_layout_probes/ts07/map_017.json,strong_render_candidate_not_runtime_reference,CF-order neighborhood is TS7 and the proven TS7 ROM resources pass complete CHR/palette coverage.
unreferenced_probe,7,66,,,,,,,,,,,9,,,data/maps/rendered/unreferenced_layout_probes/ts07/map_066.png,data/maps/rendered/unreferenced_layout_probes/ts07/map_066.json,strong_render_candidate_not_runtime_reference,Immediately between referenced TS7 layouts 65 and 67; proven TS7 resources pass complete coverage.
unreferenced_probe,7,79,,,,,,,,,,,9,,,data/maps/rendered/unreferenced_layout_probes/ts07/map_079.png,data/maps/rendered/unreferenced_layout_probes/ts07/map_079.json,strong_render_candidate_not_runtime_reference,Immediately between referenced TS7 layouts 78 and 80; proven TS7 resources pass complete coverage.
unreferenced_probe,41,161,,,,,,,,,,,39,,,data/maps/rendered/unreferenced_layout_probes/ts41_candidate/map_161.png,data/maps/rendered/unreferenced_layout_probes/ts41_candidate/map_161.json,structural_candidate_only,"Layout numbering fills the missing TS41 slot between TS40 and TS42; inferred sequential setup passes complete coverage, but no 50 29 A1 selector/setup script is found."
unreferenced_probe,41,162,,,,,,,,,,,39,,,data/maps/rendered/unreferenced_layout_probes/ts41_candidate/map_162.png,data/maps/rendered/unreferenced_layout_probes/ts41_candidate/map_162.json,structural_candidate_only,"Pairs naturally with 161 as a sparse secondary-like layer; inferred TS41 setup passes complete coverage, but no 51 29 A2 selector is found."
