pack_id_dec,pack_id_hex,list_pointer,seed_index,seed_script_addr,record_index,entry_id,relation
20,0x14,CA:C4E8,1,CA:DB45,20,0x79,substream_start
73,0x49,CA:C58A,1,CC:02EB,4,0x79,substream_start
76,0x4C,CA:C596,1,CC:0AF4,1,0x79,substream_start
76,0x4C,CA:C596,2,CC:0B46,4,0x79,substream_start
76,0x4C,CA:C596,3,CC:0C7D,22,0x79,substream_start
76,0x4C,CA:C596,4,CC:0CD7,27,0x79,substream_start
76,0x4C,CA:C596,5,CC:0D7E,36,0x79,substream_start
76,0x4C,CA:C596,6,CC:0DEB,43,0x79,substream_start
76,0x4C,CA:C596,7,CC:1459,88,0x79,substream_start
76,0x4C,CA:C596,8,CC:1696,93,0x79,substream_start
86,0x56,CA:C5CC,1,CC:2936,1,0x79,substream_start
92,0x5C,CA:C5E1,1,CC:35C4,1,0x79,substream_start
102,0x66,CA:C602,1,CC:4875,1,0x79,substream_start
104,0x68,CA:C60B,1,CC:5215,35,0x79,substream_start
107,0x6B,CA:C617,1,CC:5AB0,1,0x79,substream_start
109,0x6D,CA:C620,1,CC:62CF,1,0x79,substream_start
110,0x6E,CA:C626,1,CC:6409,1,0x79,substream_start
120,0x78,CA:C647,1,CC:93DF,17,0x79,substream_start
124,0x7C,CA:C656,1,CC:9A9F,15,0x79,substream_start
130,0x82,CA:C66B,1,CC:B728,25,0x79,substream_start
132,0x84,CA:C674,1,CC:BAEF,1,0x79,substream_start
133,0x85,CA:C67A,1,CC:BC4B,1,0x79,substream_start
134,0x86,CA:C680,1,CC:BE40,2,0x79,substream_start
138,0x8A,CA:C68F,1,CC:C68C,1,0x79,substream_start
139,0x8B,CA:C695,1,CC:C721,1,0x79,substream_start
142,0x8E,CA:C6A1,1,CC:CCC8,1,0x79,substream_start
143,0x8F,CA:C6A7,1,CC:CE7A,1,0x79,substream_start
144,0x90,CA:C6AD,1,CC:D1F8,2,0x79,substream_start
145,0x91,CA:C6B3,1,CC:D31A,2,0x79,substream_start
149,0x95,CA:C6C2,1,CC:DA22,3,0x79,substream_start
150,0x96,CA:C6C8,1,CC:DC99,3,0x79,substream_start
150,0x96,CA:C6C8,2,CC:DCAA,4,0x79,substream_start
152,0x98,CA:C6D4,1,CC:E0E0,5,0x79,substream_start
153,0x99,CA:C6DA,1,CC:E327,1,0x79,substream_start
153,0x99,CA:C6DA,2,CC:E35A,3,0x79,substream_start
153,0x99,CA:C6DA,3,CC:E384,5,0x79,substream_start
153,0x99,CA:C6DA,4,CC:E3B1,7,0x79,substream_start
153,0x99,CA:C6DA,5,CC:E3C5,8,0x79,substream_start
153,0x99,CA:C6DA,6,CC:E41F,10,0x79,substream_start
153,0x99,CA:C6DA,7,CC:E5A2,17,0x79,substream_start
154,0x9A,CA:C6F2,1,CC:ED12,50,0x79,substream_start
154,0x9A,CA:C6F2,2,CC:ED25,51,0x79,substream_start
154,0x9A,CA:C6F2,3,CC:ED38,52,0x79,substream_start
154,0x9A,CA:C6F2,4,CC:ED4B,53,0x79,substream_start
154,0x9A,CA:C6F2,5,CC:EDBA,55,0x79,substream_start
154,0x9A,CA:C6F2,6,CC:EDCD,56,0x79,substream_start
154,0x9A,CA:C6F2,7,CC:EDE0,57,0x79,substream_start
154,0x9A,CA:C6F2,8,CC:EE8F,62,0x79,substream_start
154,0x9A,CA:C6F2,9,CC:EEA2,63,0x79,substream_start
154,0x9A,CA:C6F2,10,CC:EEB5,64,0x79,substream_start
154,0x9A,CA:C6F2,11,CC:EEC8,65,0x79,substream_start
155,0x9B,CA:C716,1,CC:F827,45,0x79,substream_start
155,0x9B,CA:C716,2,CC:F83A,46,0x79,substream_start
155,0x9B,CA:C716,3,CC:F84D,47,0x79,substream_start
155,0x9B,CA:C716,4,CC:F860,48,0x79,substream_start
155,0x9B,CA:C716,5,CC:F8C2,50,0x79,substream_start
155,0x9B,CA:C716,6,CC:F8D5,51,0x79,substream_start
155,0x9B,CA:C716,7,CC:F8E8,52,0x79,substream_start
163,0xA3,CA:C743,1,CD:0E4E,4,0x79,substream_start
166,0xA6,CA:C74F,1,CD:1938,14,0x79,substream_start
168,0xA8,CA:C758,1,CD:1FC1,12,0x79,substream_start
174,0xAE,CA:C76D,1,CD:3C31,33,0x79,substream_start
182,0xB6,CA:C788,1,CD:5351,6,0x79,substream_start
184,0xB8,CA:C791,1,CD:57A4,3,0x79,substream_start
186,0xBA,CA:C79A,1,CD:608E,1,0x79,substream_start
187,0xBB,CA:C7A0,1,CD:666B,1,0x79,substream_start
189,0xBD,CA:C7A9,1,CD:6E01,9,0x79,substream_start
190,0xBE,CA:C7AF,1,CD:70EC,14,0x79,substream_start
192,0xC0,CA:C7B8,1,CD:7A05,8,0x79,substream_start
192,0xC0,CA:C7B8,2,CD:7A22,9,0x79,substream_start
192,0xC0,CA:C7B8,3,CD:7ADD,10,0x79,substream_start
198,0xC6,CA:C7D3,1,CD:84C6,8,0x79,substream_start
203,0xCB,CA:C7E5,1,CD:8EB7,2,0x79,substream_start
207,0xCF,CA:C7F4,1,CD:9508,19,0x79,substream_start
214,0xD6,CA:C80C,1,CD:A02F,1,0x79,substream_start
214,0xD6,CA:C80C,2,CD:A04D,2,0x79,substream_start
214,0xD6,CA:C80C,3,CD:A05A,3,0x79,substream_start
220,0xDC,CA:C827,1,CD:B1E6,14,0x79,substream_start
221,0xDD,CA:C82D,1,CD:B62E,1,0x79,substream_start
224,0xE0,CA:C839,1,CD:BF82,23,0x79,substream_start
227,0xE3,CA:C845,1,CD:C7F7,1,0x79,substream_start
228,0xE4,CA:C84B,1,CD:C96C,1,0x79,substream_start
228,0xE4,CA:C84B,2,CD:CA3C,10,0x79,substream_start
230,0xE6,CA:C857,1,CD:CE1F,3,0x79,substream_start
232,0xE8,CA:C860,1,CD:D806,1,0x79,substream_start
233,0xE9,CA:C866,1,CD:DDB4,21,0x79,substream_start
234,0xEA,CA:C86C,1,CD:DE55,1,0x79,substream_start
235,0xEB,CA:C872,1,CD:E0E9,8,0x79,substream_start
238,0xEE,CA:C87E,1,CD:EBD0,6,0x79,substream_start
246,0xF6,CA:C899,1,CE:0BFC,1,0x79,substream_start
