pack_id_dec,pack_id_hex,record_index,record_start,record_end_exclusive,entry_id_dec,entry_id_hex,substream_start,substream_end_exclusive,command_addr,opcode,primary_tileset_id,primary_tileset_ptr,primary_layout_id,map_variant,evidence_class,confirmed_setup_signature,special_interpretation_status,special_interpretation_impossible,state0_prefix_mode_safe,state0_prefix_promoted,state0_prefix_b910_targets,state0_cfg_branch_used,state0_nested_entry_seeded,state0_nested_seed_count,state0_nested_seed_callers,state0_nested_mode_safe,state0_nested_promoted,state0_nested_b910_targets,state0_nested_cfg_branch_used,normal_mode_confirmed,layout_ptr,layout_flags,layout_width_chunks,layout_height_chunks,layout_cell_count,logical_width_metatiles,logical_height_metatiles,immediate_secondary,secondary_command_addr,secondary_tileset_id,secondary_tileset_ptr,secondary_layout_id,secondary_layout_ptr
40,0x28,0,CB:D6CC,CB:D6EB,1,0x01,CB:D6D3,CB:D6E5,CB:D6D9,0x50,7,CE:44C0,90,2,confirmed_setup_signature,True,possible_bank82_special_opcode,False,True,False,C0:B924,False,False,0,,False,False,,False,True,CF:3C99,0x80,1,1,1,16,16,False,,,,,
41,0x29,0,CB:D715,CB:D734,1,0x01,CB:D71C,CB:D729,CB:D722,0x50,7,CE:44C0,14,2,confirmed_setup_signature_and_special_parse_impossible,True,invalid_normal_brk,True,True,False,C0:B924,False,False,0,,False,False,,False,True,CF:2E12,0x80,1,1,1,16,16,False,,,,,
42,0x2A,0,CB:D776,CB:D798,1,0x01,CB:D77D,CB:D792,CB:D783,0x50,7,CE:44C0,16,2,confirmed_setup_signature,True,possible_normal_low_opcode,False,True,False,C0:B924,False,False,0,,False,False,,False,True,CF:2E2E,0x80,2,2,4,32,32,False,,,,,
43,0x2B,0,CB:D966,CB:D985,1,0x01,CB:D96D,CB:D97A,CB:D973,0x50,7,CE:44C0,12,2,confirmed_setup_signature_and_special_parse_impossible,True,invalid_normal_brk,True,True,False,C0:B924,False,False,0,,False,False,,False,True,CF:2DFC,0x80,1,1,1,16,16,False,,,,,
44,0x2C,0,CB:D9D5,CB:DA20,1,0x01,CB:D9E5,CB:DA08,CB:D9F1,0x50,7,CE:44C0,33,2,confirmed_normal_state0_safe_prefix,False,possible_normal_low_opcode,False,True,True,C0:B924,True,False,0,,False,False,,False,True,CF:3024,0x80,1,1,1,16,16,False,,,,,
44,0x2C,0,CB:D9D5,CB:DA20,1,0x01,CB:D9E5,CB:DA08,CB:D9FC,0x50,7,CE:44C0,11,2,confirmed_normal_state0_safe_prefix,False,possible_normal_low_opcode,False,True,True,C0:B924,True,False,0,,False,False,,False,True,CF:2DF1,0x80,1,1,1,16,16,False,,,,,
45,0x2D,0,CB:DD48,CB:DD8B,1,0x01,CB:DD5B,CB:DD6D,CB:DD61,0x50,7,CE:44C0,13,2,confirmed_setup_signature_and_special_parse_impossible,True,invalid_normal_brk,True,True,False,C0:B924,False,False,0,,False,False,,False,True,CF:2E07,0x80,1,1,1,16,16,False,,,,,
46,0x2E,0,CB:DE63,CB:DE82,1,0x01,CB:DE6A,CB:DE7C,CB:DE70,0x50,7,CE:44C0,15,2,confirmed_setup_signature_and_special_parse_impossible,True,invalid_normal_brk,True,True,False,C0:B924,False,False,0,,False,False,,False,True,CF:2E1D,0x80,2,1,2,32,16,False,,,,,
47,0x2F,0,CB:DF7C,CB:DF9B,1,0x01,CB:DF83,CB:DF90,CB:DF89,0x50,7,CE:44C0,47,2,confirmed_setup_signature,True,possible_normal_low_opcode,False,True,False,C0:B924,False,False,0,,False,False,,False,True,CF:35AD,0x80,1,1,1,16,16,False,,,,,
48,0x30,0,CB:DFCF,CB:DFEE,1,0x01,CB:DFD6,CB:DFE8,CB:DFDC,0x50,7,CE:44C0,65,2,confirmed_setup_signature,True,possible_normal_low_opcode,False,True,False,C0:B924,False,False,0,,False,False,,False,True,CF:3955,0x80,1,1,1,16,16,False,,,,,
49,0x31,0,CB:E04B,CB:E06A,1,0x01,CB:E052,CB:E05F,CB:E058,0x50,7,CE:44C0,46,2,confirmed_setup_signature,True,possible_normal_low_opcode,False,True,False,C0:B924,False,False,0,,False,False,,False,True,CF:35A2,0x80,1,1,1,16,16,False,,,,,
50,0x32,0,CB:E0A2,CB:E0F1,1,0x01,CB:E0AF,CB:E0D7,CB:E0CB,0x50,7,CE:44C0,24,2,confirmed_setup_signature,True,possible_normal_low_opcode,False,True,False,C0:B924,True,False,0,,False,False,,False,True,CF:2F43,0x80,1,1,1,16,16,False,,,,,
51,0x33,0,CB:E281,CB:E2A0,1,0x01,CB:E288,CB:E29A,CB:E28E,0x50,7,CE:44C0,26,2,confirmed_setup_signature,True,possible_normal_low_opcode,False,True,False,C0:B924,False,False,0,,False,False,,False,True,CF:2F59,0x80,1,1,1,16,16,False,,,,,
52,0x34,0,CB:E396,CB:E3B5,1,0x01,CB:E39D,CB:E3AF,CB:E3A3,0x50,7,CE:44C0,22,2,confirmed_setup_signature,True,possible_normal_low_opcode,False,True,False,C0:B924,False,False,0,,False,False,,False,True,CF:2F2D,0x80,1,1,1,16,16,False,,,,,
53,0x35,0,CB:E4C5,CB:E4F6,1,0x01,CB:E4D2,CB:E4E4,CB:E4D8,0x50,7,CE:44C0,23,2,confirmed_setup_signature,True,possible_normal_low_opcode,False,True,False,C0:B924,False,False,0,,False,False,,False,True,CF:2F38,0x80,1,1,1,16,16,False,,,,,
54,0x36,0,CB:E54F,CB:E56E,1,0x01,CB:E556,CB:E568,CB:E55C,0x50,7,CE:44C0,25,2,confirmed_setup_signature,True,possible_normal_low_opcode,False,True,False,C0:B924,False,False,0,,False,False,,False,True,CF:2F4E,0x80,1,1,1,16,16,False,,,,,
55,0x37,0,CB:E599,CB:E5B8,1,0x01,CB:E5A0,CB:E5B2,CB:E5A6,0x50,7,CE:44C0,27,2,confirmed_setup_signature,True,possible_normal_low_opcode,False,True,False,C0:B924,False,False,0,,False,False,,False,True,CF:2F64,0x80,1,1,1,16,16,False,,,,,
56,0x38,0,CB:E5E6,CB:E662,1,0x01,CB:E5F6,CB:E606,CB:E5FC,0x50,54,CE:E4B0,190,2,confirmed_normal_special_parse_impossible,False,invalid_bank82_special_range,True,True,False,"C0:B924,C0:B944",False,False,0,,False,False,,False,True,CF:624B,0x00,7,5,35,112,80,True,CB:E600,54,CE:E4B0,191,CF:62B9
57,0x39,0,CB:E6EC,CB:E768,1,0x01,CB:E6FC,CB:E70C,CB:E702,0x50,54,CE:E4B0,190,2,confirmed_normal_special_parse_impossible,False,invalid_bank82_special_range,True,True,False,"C0:B924,C0:B944",False,False,0,,False,False,,False,True,CF:624B,0x00,7,5,35,112,80,True,CB:E706,54,CE:E4B0,191,CF:62B9
58,0x3A,0,CB:E7B4,CB:E830,1,0x01,CB:E7C4,CB:E7D4,CB:E7CA,0x50,54,CE:E4B0,190,2,confirmed_normal_special_parse_impossible,False,invalid_bank82_special_range,True,True,False,"C0:B924,C0:B944",False,False,0,,False,False,,False,True,CF:624B,0x00,7,5,35,112,80,True,CB:E7CE,54,CE:E4B0,191,CF:62B9
59,0x3B,0,CB:E876,CB:E8F2,1,0x01,CB:E886,CB:E896,CB:E88C,0x50,54,CE:E4B0,190,2,confirmed_normal_special_parse_impossible,False,invalid_bank82_special_range,True,True,False,"C0:B924,C0:B944",False,False,0,,False,False,,False,True,CF:624B,0x00,7,5,35,112,80,True,CB:E890,54,CE:E4B0,191,CF:62B9
60,0x3C,0,CB:E91B,CB:E9B1,1,0x01,CB:E92E,CB:E93E,CB:E934,0x50,54,CE:E4B0,190,2,confirmed_normal_special_parse_impossible,False,invalid_bank82_special_range,True,True,False,"C0:B924,C0:B944",False,False,0,,False,False,,False,True,CF:624B,0x00,7,5,35,112,80,True,CB:E938,54,CE:E4B0,191,CF:62B9
61,0x3D,0,CB:EA5E,CB:EA95,1,0x01,CB:EA68,CB:EA89,CB:EA72,0x50,7,CE:44C0,33,2,confirmed_normal_state0_safe_prefix,False,possible_normal_low_opcode,False,True,True,C0:B924,True,False,0,,False,False,,False,True,CF:3024,0x80,1,1,1,16,16,False,,,,,
61,0x3D,0,CB:EA5E,CB:EA95,1,0x01,CB:EA68,CB:EA89,CB:EA7D,0x50,7,CE:44C0,68,2,confirmed_normal_state0_safe_prefix,False,possible_normal_low_opcode,False,True,True,C0:B924,True,False,0,,False,False,,False,True,CF:3976,0x80,1,1,1,16,16,False,,,,,
62,0x3E,0,CB:EB16,CB:EB35,1,0x01,CB:EB1D,CB:EB2A,CB:EB23,0x50,7,CE:44C0,48,2,confirmed_setup_signature,True,possible_normal_low_opcode,False,True,False,C0:B924,False,False,0,,False,False,,False,True,CF:35B8,0x80,1,1,1,16,16,False,,,,,
63,0x3F,0,CB:EB83,CB:EBC1,1,0x01,CB:EB90,CB:EBAC,CB:EBA0,0x50,7,CE:44C0,49,2,confirmed_setup_signature,True,possible_normal_low_opcode,False,True,False,C0:B924,True,False,0,,False,False,,False,True,CF:35C3,0x80,2,2,4,32,32,False,,,,,
64,0x40,0,CB:EF8A,CB:EFA9,1,0x01,CB:EF91,CB:EF9E,CB:EF97,0x50,7,CE:44C0,51,2,confirmed_setup_signature,True,possible_normal_low_opcode,False,True,False,C0:B924,False,False,0,,False,False,,False,True,CF:35F1,0x80,1,1,1,16,16,False,,,,,
65,0x41,0,CB:F0E1,CB:F115,1,0x01,CB:F0EB,CB:F109,CB:F0FD,0x50,7,CE:44C0,50,2,confirmed_setup_signature,True,possible_normal_low_opcode,False,True,False,C0:B924,True,False,0,,False,False,,False,True,CF:35E0,0x80,2,1,2,32,16,False,,,,,
66,0x42,0,CB:F498,CB:F4B7,1,0x01,CB:F49F,CB:F4AC,CB:F4A5,0x50,7,CE:44C0,52,2,confirmed_setup_signature,True,possible_normal_low_opcode,False,True,False,C0:B924,False,False,0,,False,False,,False,True,CF:35FC,0x80,1,1,1,16,16,False,,,,,
67,0x43,0,CB:F535,CB:F554,1,0x01,CB:F53C,CB:F549,CB:F542,0x50,7,CE:44C0,53,2,confirmed_setup_signature,True,possible_normal_low_opcode,False,True,False,C0:B924,False,False,0,,False,False,,False,True,CF:3607,0x80,1,1,1,16,16,False,,,,,
68,0x44,0,CB:F6CC,CB:F6EE,1,0x01,CB:F6D3,CB:F6E3,CB:F6D9,0x50,7,CE:44C0,54,2,confirmed_setup_signature,True,possible_normal_low_opcode,False,True,False,C0:B924,False,False,0,,False,False,,False,True,CF:3612,0x80,3,2,6,48,32,False,,,,,
69,0x45,0,CB:FC36,CB:FC55,1,0x01,CB:FC3D,CB:FC4A,CB:FC43,0x50,7,CE:44C0,55,2,confirmed_setup_signature,True,possible_normal_low_opcode,False,True,False,C0:B924,False,False,0,,False,False,,False,True,CF:363B,0x80,1,1,1,16,16,False,,,,,
70,0x46,0,CB:FC9F,CB:FCDA,1,0x01,CB:FCA6,CB:FCCF,CB:FCC8,0x50,7,CE:44C0,56,2,confirmed_setup_signature,True,possible_normal_low_opcode,False,True,False,C0:B924,True,False,0,,False,False,,False,True,CF:3646,0x80,1,1,1,16,16,False,,,,,
71,0x47,0,CB:FE5E,CB:FE7D,1,0x01,CB:FE65,CB:FE72,CB:FE6B,0x50,7,CE:44C0,63,2,confirmed_setup_signature,True,possible_normal_low_opcode,False,True,False,C0:B924,False,False,0,,False,False,,False,True,CF:392D,0x80,1,1,1,16,16,False,,,,,
72,0x48,0,CC:0011,CC:0041,1,0x01,CC:0018,CC:002A,CC:0020,0x50,33,CE:9700,146,1,confirmed_normal_state0_safe_prefix,False,possible_bank82_special_opcode,False,True,True,C0:B924,False,False,0,,False,False,,False,True,CF:528D,0x00,16,4,64,256,64,True,CC:0024,33,CE:9700,147,CF:5352
73,0x49,0,CC:01EA,CC:027C,1,0x01,CC:01FD,CC:0258,CC:020E,0x50,7,CE:44C0,67,2,confirmed_setup_signature,True,possible_normal_low_opcode,False,True,False,C0:B924,True,False,0,,False,False,,False,True,CF:396B,0x80,1,1,1,16,16,False,,,,,
74,0x4A,0,CC:049B,CC:04F0,1,0x01,CC:04B4,CC:04C6,CC:04BA,0x50,7,CE:44C0,75,2,confirmed_setup_signature,True,possible_normal_low_opcode,False,True,False,C0:B924,False,False,0,,False,False,,False,True,CF:3A8F,0x80,1,1,1,16,16,False,,,,,
75,0x4B,0,CC:06C5,CC:0735,1,0x01,CC:06E7,CC:06F9,CC:06ED,0x50,7,CE:44C0,80,2,confirmed_setup_signature,True,possible_bank82_special_opcode,False,True,False,C0:B924,False,False,0,,False,False,,False,True,CF:3AF0,0x80,1,1,1,16,16,False,,,,,
76,0x4C,0,CC:08AC,CC:0AF0,1,0x01,CC:0913,CC:095D,CC:0929,0x50,1,CE:2100,1,1,confirmed_normal_state0_safe_prefix,False,possible_normal_low_opcode,False,True,True,C0:B944,True,False,0,,False,False,,False,True,CF:2261,0x01,16,16,256,256,256,False,,,,,
76,0x4C,0,CC:08AC,CC:0AF0,1,0x01,CC:0913,CC:095D,CC:0931,0x50,1,CE:2100,2,1,confirmed_normal_state0_safe_prefix,False,possible_normal_low_opcode,False,True,True,C0:B944,True,False,0,,False,False,,False,True,CF:2566,0x01,16,16,256,256,256,False,,,,,
77,0x4D,0,CC:1890,CC:18C4,1,0x01,CC:189A,CC:18B3,CC:18A4,0x50,4,CE:2800,6,2,confirmed_normal_state0_safe_prefix,False,possible_normal_low_opcode,False,True,True,C0:B944,False,False,0,,False,False,,False,True,CF:2CFA,0x80,3,3,9,48,48,False,,,,,
78,0x4E,0,CC:18E3,CC:193A,1,0x01,CC:18F3,CC:1905,CC:18F9,0x50,7,CE:44C0,7,2,confirmed_setup_signature,True,possible_normal_low_opcode,False,True,False,C0:B924,False,False,0,,False,False,,False,True,CF:2D35,0x80,1,1,1,16,16,False,,,,,
79,0x4F,0,CC:1B86,CC:1BAE,1,0x01,CC:1B90,CC:1BA2,CC:1B96,0x50,7,CE:44C0,33,2,confirmed_setup_signature,True,possible_normal_low_opcode,False,True,False,C0:B924,False,False,0,,False,False,,False,True,CF:3024,0x80,1,1,1,16,16,False,,,,,
80,0x50,0,CC:1C25,CC:1C76,1,0x01,CC:1C35,CC:1C4E,CC:1C3F,0x50,4,CE:2800,8,2,confirmed_normal_state0_safe_prefix,False,possible_normal_low_opcode,False,True,True,C0:B944,False,False,0,,False,False,,False,True,CF:2D40,0x80,5,5,25,80,80,False,,,,,
81,0x51,0,CC:1F36,CC:1F55,1,0x01,CC:1F3D,CC:1F4A,CC:1F43,0x50,7,CE:44C0,9,2,confirmed_setup_signature,True,possible_normal_low_opcode,False,True,False,C0:B924,False,False,0,,False,False,,False,True,CF:2DDB,0x80,1,1,1,16,16,False,,,,,
82,0x52,0,CC:2120,CC:213F,1,0x01,CC:2127,CC:2134,CC:212D,0x50,7,CE:44C0,10,2,confirmed_setup_signature,True,possible_normal_low_opcode,False,True,False,C0:B924,False,False,0,,False,False,,False,True,CF:2DE6,0x80,1,1,1,16,16,False,,,,,
83,0x53,0,CC:23A3,CC:253B,1,0x01,CC:23CE,CC:23E3,CC:23D9,0x50,8,CE:50B0,94,2,confirmed_normal_state0_safe_prefix,False,possible_bank82_special_opcode,False,True,True,C0:B924,False,False,0,,False,False,,False,True,CF:3DA3,0x00,5,2,10,80,32,True,CC:23DD,8,CE:50B0,95,CF:3DC6
84,0x54,0,CC:27AF,CC:27FD,1,0x01,CC:27B6,CC:27F1,CC:27C1,0x50,5,CE:3540,32,2,confirmed_normal_state0_safe_prefix,False,possible_normal_low_opcode,False,True,True,"C0:B924,C0:B944",True,False,0,,False,False,,False,True,CF:3013,0x00,2,2,4,32,32,False,,,,,
84,0x54,0,CC:27AF,CC:27FD,1,0x01,CC:27B6,CC:27F1,CC:27D4,0x50,4,CE:2800,29,2,confirmed_normal_state0_safe_prefix,False,possible_normal_low_opcode,False,True,True,"C0:B924,C0:B944",True,False,0,,False,False,,False,True,CF:2F8C,0x80,2,2,4,32,32,False,,,,,
84,0x54,0,CC:27AF,CC:27FD,1,0x01,CC:27B6,CC:27F1,CC:27DF,0x50,4,CE:2800,30,2,confirmed_normal_state0_safe_prefix,False,possible_normal_low_opcode,False,True,True,"C0:B924,C0:B944",True,False,0,,False,False,,False,True,CF:2FA9,0x80,2,2,4,32,32,False,,,,,
84,0x54,0,CC:27AF,CC:27FD,1,0x01,CC:27B6,CC:27F1,CC:27E5,0x50,4,CE:2800,28,2,confirmed_normal_state0_safe_prefix,False,possible_normal_low_opcode,False,True,True,"C0:B924,C0:B944",True,False,0,,False,False,,False,True,CF:2F6F,0x80,2,2,4,32,32,False,,,,,
85,0x55,0,CC:2823,CC:2894,1,0x01,CC:2839,CC:285E,CC:283F,0x50,27,CE:8748,132,2,confirmed_normal_state0_safe_prefix,False,possible_bank82_special_opcode,False,True,True,C0:B924,False,False,0,,False,False,,False,True,CF:4F05,0x00,2,2,4,32,32,True,CC:2843,27,CE:8748,133,CF:4F16
86,0x56,0,CC:289C,CC:28D0,1,0x01,CC:28A6,CC:28C1,CC:28AC,0x50,4,CE:2800,31,2,confirmed_normal_state0_safe_prefix,False,possible_normal_low_opcode,False,True,True,C0:B944,False,False,0,,False,False,,False,True,CF:2FC6,0x80,3,4,12,48,64,False,,,,,
87,0x57,0,CC:296B,CC:29F9,1,0x01,CC:2978,CC:299D,CC:297E,0x50,27,CE:8748,134,2,confirmed_normal_state0_safe_prefix,False,possible_bank82_special_opcode,False,True,True,C0:B924,False,False,0,,False,False,,False,True,CF:4F27,0x00,2,2,4,32,32,True,CC:2982,27,CE:8748,135,CF:4F38
88,0x58,0,CC:2A75,CC:2B3D,1,0x01,CC:2A8B,CC:2A9E,CC:2A93,0x50,35,CE:9B50,149,2,confirmed_normal_special_parse_impossible,False,invalid_bank82_special_range,True,True,False,C0:B924,False,False,0,,False,False,,False,True,CF:5422,0x00,6,2,12,96,32,False,,,,,
89,0x59,0,CC:2C17,CC:2C6A,1,0x01,CC:2C27,CC:2C43,CC:2C2F,0x50,7,CE:44C0,33,2,confirmed_setup_signature,True,possible_normal_low_opcode,False,True,False,C0:B924,False,False,0,,False,False,,False,True,CF:3024,0x80,1,1,1,16,16,False,,,,,
90,0x5A,0,CC:32CF,CC:32FA,1,0x01,CC:32D6,CC:32EF,CC:32E0,0x50,4,CE:2800,18,2,confirmed_normal_state0_safe_prefix,False,possible_normal_low_opcode,False,True,True,C0:B944,False,False,0,,False,False,,False,True,CF:2E5C,0x80,3,3,9,48,48,False,,,,,
91,0x5B,0,CC:33E3,CC:340E,1,0x01,CC:33EA,CC:3403,CC:33F4,0x50,4,CE:2800,18,2,confirmed_normal_state0_safe_prefix,False,possible_normal_low_opcode,False,True,True,C0:B944,False,False,0,,False,False,,False,True,CF:2E5C,0x80,3,3,9,48,48,False,,,,,
92,0x5C,0,CC:358B,CC:35C0,1,0x01,CC:3592,CC:35B5,CC:359A,0x50,4,CE:2800,19,1,confirmed_normal_state0_safe_prefix,False,possible_normal_low_opcode,False,True,True,C0:B944,False,False,0,,False,False,,False,True,CF:2E97,0x80,3,3,9,48,48,False,,,,,
93,0x5D,0,CC:36E0,CC:370B,1,0x01,CC:36E7,CC:3700,CC:36F1,0x50,4,CE:2800,18,2,confirmed_normal_state0_safe_prefix,False,possible_normal_low_opcode,False,True,True,C0:B944,False,False,0,,False,False,,False,True,CF:2E5C,0x80,3,3,9,48,48,False,,,,,
94,0x5E,0,CC:381C,CC:3847,1,0x01,CC:3823,CC:383C,CC:382D,0x50,4,CE:2800,18,2,confirmed_normal_state0_safe_prefix,False,possible_normal_low_opcode,False,True,True,C0:B944,False,False,0,,False,False,,False,True,CF:2E5C,0x80,3,3,9,48,48,False,,,,,
95,0x5F,0,CC:395C,CC:398F,1,0x01,CC:3963,CC:3984,CC:3975,0x50,6,CE:3A50,21,2,confirmed_normal_state0_safe_prefix,False,possible_normal_low_opcode,False,True,True,C0:B944,True,False,0,,False,False,,False,True,CF:2EF2,0x80,3,3,9,48,48,False,,,,,
96,0x60,0,CC:3B60,CC:3BB8,1,0x01,CC:3B6D,CC:3B95,CC:3B83,0x50,4,CE:2800,34,2,confirmed_normal_state0_safe_prefix,False,possible_normal_low_opcode,False,True,True,C0:B944,True,False,0,,False,False,,False,True,CF:302F,0x80,4,4,16,64,64,False,,,,,
96,0x60,0,CC:3B60,CC:3BB8,1,0x01,CC:3B6D,CC:3B95,CC:3B89,0x50,4,CE:2800,35,2,confirmed_normal_state0_safe_prefix,False,possible_normal_low_opcode,False,True,True,C0:B944,True,False,0,,False,False,,False,True,CF:3094,0x80,4,4,16,64,64,False,,,,,
97,0x61,0,CC:40BB,CC:411C,1,0x01,CC:40CB,CC:40EA,CC:40DB,0x50,7,CE:44C0,36,2,confirmed_setup_signature,True,possible_normal_low_opcode,False,True,False,C0:B924,True,False,0,,False,False,,False,True,CF:30F9,0x80,2,2,4,32,32,False,,,,,
98,0x62,0,CC:4265,CC:4284,1,0x01,CC:426C,CC:427E,CC:4272,0x50,7,CE:44C0,9,2,confirmed_setup_signature,True,possible_normal_low_opcode,False,True,False,C0:B924,False,False,0,,False,False,,False,True,CF:2DDB,0x80,1,1,1,16,16,False,,,,,
99,0x63,0,CC:43AE,CC:43CD,1,0x01,CC:43B5,CC:43C2,CC:43BB,0x50,7,CE:44C0,10,2,confirmed_setup_signature,True,possible_normal_low_opcode,False,True,False,C0:B924,False,False,0,,False,False,,False,True,CF:2DE6,0x80,1,1,1,16,16,False,,,,,
100,0x64,0,CC:44DD,CC:44FC,1,0x01,CC:44E4,CC:44F6,CC:44EA,0x50,7,CE:44C0,9,2,confirmed_setup_signature,True,possible_normal_low_opcode,False,True,False,C0:B924,False,False,0,,False,False,,False,True,CF:2DDB,0x80,1,1,1,16,16,False,,,,,
101,0x65,0,CC:4570,CC:45B9,1,0x01,CC:457D,CC:45A2,CC:458F,0x50,4,CE:2800,44,2,confirmed_normal_state0_safe_prefix,False,possible_normal_low_opcode,False,True,True,C0:B944,True,False,0,,False,False,,False,True,CF:33FA,0x80,5,4,20,80,64,False,,,,,
102,0x66,0,CC:4830,CC:4871,1,0x01,CC:483D,CC:485C,CC:484D,0x50,7,CE:44C0,64,2,confirmed_setup_signature,True,possible_normal_low_opcode,False,True,False,C0:B924,True,False,0,,False,False,,False,True,CF:3938,0x80,2,2,4,32,32,False,,,,,
103,0x67,0,CC:4D19,CC:4D48,1,0x01,CC:4D20,CC:4D3D,CC:4D2A,0x50,4,CE:2800,39,2,confirmed_normal_state0_safe_prefix,False,possible_normal_low_opcode,False,True,True,C0:B944,False,False,0,,False,False,,False,True,CF:324C,0x80,3,4,12,48,64,False,,,,,
104,0x68,0,CC:4E4F,CC:4EA2,1,0x01,CC:4E5C,CC:4E84,CC:4E68,0x50,6,CE:3A50,37,2,confirmed_normal_state0_safe_prefix,False,possible_normal_low_opcode,False,True,True,C0:B944,True,False,0,,False,False,,False,True,CF:3116,0x80,5,5,25,80,80,False,,,,,
104,0x68,0,CC:4E4F,CC:4EA2,1,0x01,CC:4E5C,CC:4E84,CC:4E70,0x50,6,CE:3A50,38,2,confirmed_normal_state0_safe_prefix,False,possible_normal_low_opcode,False,True,True,C0:B944,True,False,0,,False,False,,False,True,CF:31B1,0x80,5,5,25,80,80,False,,,,,
105,0x69,0,CC:5382,CC:53A8,1,0x01,CC:5389,CC:539D,CC:5391,0x50,7,CE:44C0,15,2,confirmed_setup_signature_and_special_parse_impossible,True,invalid_normal_brk,True,True,False,C0:B924,False,False,0,,False,False,,False,True,CF:2E1D,0x80,2,1,2,32,16,False,,,,,
106,0x6A,0,CC:5441,CC:54BC,1,0x01,CC:5451,CC:5473,CC:5463,0x50,6,CE:3A50,40,2,confirmed_normal_state0_safe_prefix,False,possible_normal_low_opcode,False,True,True,C0:B944,True,False,0,,False,False,,False,True,CF:3299,0x80,6,5,30,96,80,False,,,,,
107,0x6B,0,CC:5A5A,CC:5AAC,1,0x01,CC:5A6A,CC:5A8D,CC:5A7E,0x50,5,CE:3540,42,2,confirmed_normal_state0_safe_prefix,False,possible_normal_low_opcode,False,True,True,"C0:B924,C0:B944",True,False,0,,False,False,,False,True,CF:3369,0x00,5,5,25,80,80,False,,,,,
108,0x6C,0,CC:6030,CC:6053,1,0x01,CC:6037,CC:604B,CC:603F,0x50,7,CE:44C0,76,2,confirmed_setup_signature,True,possible_normal_low_opcode,False,True,False,C0:B924,False,False,0,,False,False,,False,True,CF:3A9A,0x80,2,2,4,32,32,False,,,,,
109,0x6D,0,CC:6283,CC:62CB,1,0x01,CC:6290,CC:62B0,CC:62A1,0x50,5,CE:3540,77,2,confirmed_normal_state0_safe_prefix,False,possible_normal_low_opcode,False,True,True,"C0:B924,C0:B944",True,False,0,,False,False,,False,True,CF:3AB7,0x00,4,2,8,64,32,False,,,,,
110,0x6E,0,CC:63D3,CC:6405,1,0x01,CC:63DD,CC:63F4,CC:63E5,0x50,5,CE:3540,43,2,confirmed_normal_state0_safe_prefix,False,possible_normal_low_opcode,False,True,True,"C0:B924,C0:B944",False,False,0,,False,False,,False,True,CF:33B9,0x00,5,4,20,80,64,False,,,,,
111,0x6F,0,CC:66C5,CC:672A,1,0x01,CC:66D8,CC:66F2,CC:66E2,0x50,4,CE:2800,45,2,confirmed_normal_state0_safe_prefix,False,possible_normal_low_opcode,False,True,True,C0:B944,False,False,0,,False,False,,False,True,CF:3477,0x80,7,7,49,112,112,False,,,,,
112,0x70,0,CC:6D9C,CC:6DF0,1,0x01,CC:6DAC,CC:6DC5,CC:6DB6,0x50,4,CE:2800,45,2,confirmed_normal_state0_safe_prefix,False,possible_normal_low_opcode,False,True,True,C0:B944,False,False,0,,False,False,,False,True,CF:3477,0x80,7,7,49,112,112,False,,,,,
113,0x71,0,CC:73B2,CC:73D1,1,0x01,CC:73B9,CC:73C6,CC:73BF,0x50,7,CE:44C0,69,2,confirmed_setup_signature,True,possible_normal_low_opcode,False,True,False,C0:B924,False,False,0,,False,False,,False,True,CF:3981,0x80,1,1,1,16,16,False,,,,,
114,0x72,0,CC:7456,CC:74B4,1,0x01,CC:7472,CC:7484,CC:7478,0x50,7,CE:44C0,78,2,confirmed_setup_signature,True,possible_normal_low_opcode,False,True,False,C0:B924,False,False,0,,False,False,,False,True,CF:3AD4,0x80,2,1,2,32,16,False,,,,,
115,0x73,0,CC:765B,CC:76B9,1,0x01,CC:7677,CC:7689,CC:767D,0x50,7,CE:44C0,78,2,confirmed_setup_signature,True,possible_normal_low_opcode,False,True,False,C0:B924,False,False,0,,False,False,,False,True,CF:3AD4,0x80,2,1,2,32,16,False,,,,,
116,0x74,0,CC:7857,CC:79F2,1,0x01,CC:787C,CC:78AC,CC:7895,0x50,33,CE:9700,146,1,confirmed_normal_state0_safe_prefix,False,possible_bank82_special_opcode,False,True,True,C0:B924,True,False,0,,False,False,,False,True,CF:528D,0x00,16,4,64,256,64,True,CC:7899,33,CE:9700,147,CF:5352
117,0x75,0,CC:7D01,CC:7F13,1,0x01,CC:7D38,CC:7D4D,CC:7D40,0x50,50,CE:C940,178,1,confirmed_normal_special_parse_impossible,False,invalid_bank82_special_range,True,True,False,C0:B944,False,False,0,,False,False,,False,True,CF:5B6D,0x00,9,6,54,144,96,True,CC:7D44,50,CE:C940,179,CF:5C14
118,0x76,0,CC:8AA2,CC:8BBB,1,0x01,CC:8AC1,CC:8AD6,CC:8AC9,0x50,50,CE:C940,178,1,confirmed_normal_special_parse_impossible,False,invalid_bank82_special_range,True,True,False,C0:B944,False,False,0,,False,False,,False,True,CF:5B6D,0x00,9,6,54,144,96,True,CC:8ACD,50,CE:C940,179,CF:5C14
119,0x77,0,CC:9193,CC:91DC,1,0x01,CC:91A0,CC:91C1,CC:91AA,0x50,28,CE:8828,136,2,confirmed_normal_state0_safe_prefix,False,possible_bank82_special_opcode,False,True,True,C0:B924,False,False,0,,False,False,,False,True,CF:4F49,0x00,4,4,16,64,64,True,CC:91AE,28,CE:8828,137,CF:4F7E
120,0x78,0,CC:923F,CC:9298,1,0x01,CC:9249,CC:926D,CC:925B,0x50,46,CE:BEB8,170,2,confirmed_normal_special_parse_impossible,False,invalid_bank82_special_range,True,True,False,C0:B924,True,False,0,,False,False,,False,True,CF:597D,0x00,7,2,14,112,32,True,CC:925F,46,CE:BEB8,171,CF:59AC
121,0x79,0,CC:9433,CC:94FF,1,0x01,CC:944C,CC:945E,CC:9454,0x50,46,CE:BEB8,170,2,confirmed_normal_special_parse_impossible,False,invalid_bank82_special_range,True,True,False,C0:B924,False,False,0,,False,False,,False,True,CF:597D,0x00,7,2,14,112,32,True,CC:9458,46,CE:BEB8,171,CF:59AC
122,0x7A,0,CC:9756,CC:9786,1,0x01,CC:9760,CC:9772,CC:9766,0x50,5,CE:3540,41,2,confirmed_normal_state0_safe_prefix,False,possible_normal_low_opcode,False,True,True,C0:B924,False,False,0,,False,False,,False,True,CF:3352,0x00,2,3,6,32,48,False,,,,,
123,0x7B,0,CC:982C,CC:9878,1,0x01,CC:9839,CC:9848,CC:9841,0x50,7,CE:44C0,71,2,confirmed_setup_signature,True,possible_normal_low_opcode,False,True,False,C0:B924,False,False,0,,False,False,,False,True,CF:39F1,0x80,1,1,1,16,16,False,,,,,
124,0x7C,0,CC:9909,CC:99E5,1,0x01,CC:9937,CC:9963,CC:9951,0x50,39,CE:A3D0,156,1,confirmed_normal_special_parse_impossible,False,invalid_bank82_special_range,True,False,False,,True,False,0,,False,False,,False,True,CF:54E1,0x00,7,6,42,112,96,False,,,,,
125,0x7D,0,CC:9C7C,CC:9EF6,1,0x01,CC:9CBF,CC:9CD4,CC:9CC5,0x50,40,CE:A9B8,159,2,confirmed_normal_special_parse_impossible,False,invalid_bank82_special_range,True,True,False,C0:B924,False,False,0,,False,False,,False,True,CF:562E,0x00,8,5,40,128,80,True,CC:9CC9,40,CE:A9B8,160,CF:56AB
126,0x7E,0,CC:A197,CC:A419,1,0x01,CC:A1D7,CC:A209,CC:A1F6,0x50,40,CE:A9B8,157,2,confirmed_normal_special_parse_impossible,False,invalid_bank82_special_range,True,True,False,C0:B924,True,False,0,,False,False,,False,True,CF:5564,0x00,8,4,32,128,64,True,CC:A1FA,40,CE:A9B8,158,CF:55C9
127,0x7F,0,CC:A64D,CC:A690,1,0x01,CC:A65A,CC:A671,CC:A65E,0x50,40,CE:A9B8,157,2,confirmed_normal_special_parse_impossible,False,invalid_bank82_special_range,True,True,False,C0:B924,False,False,0,,False,False,,False,True,CF:5564,0x00,8,4,32,128,64,True,CC:A662,40,CE:A9B8,158,CF:55C9
127,0x7F,3,CC:A6CA,CC:A731,136,0x88,CC:A6CE,CC:A731,CC:A71F,0x50,42,CE:B198,99,1,strong_structural_candidate_mode_gate_unresolved,False,possible_bank82_special_opcode,False,False,False,,False,False,0,,False,False,,False,False,CF:3F00,0x00,16,4,64,256,64,False,,,,,
128,0x80,0,CC:A751,CC:A775,1,0x01,CC:A758,CC:A76A,CC:A75E,0x50,5,CE:3540,20,2,confirmed_normal_state0_safe_prefix,False,possible_normal_low_opcode,False,True,True,C0:B924,False,False,0,,False,False,,False,True,CF:2ED2,0x00,3,3,9,48,48,False,,,,,
129,0x81,0,CC:A8A6,CC:A97F,1,0x01,CC:A8B9,CC:A8FD,CC:A8D9,0x50,4,CE:2800,57,2,confirmed_normal_state0_safe_prefix,False,possible_normal_low_opcode,False,True,True,C0:B944,True,False,0,,False,False,,False,True,CF:3651,0x80,5,4,20,80,64,False,,,,,
129,0x81,0,CC:A8A6,CC:A97F,1,0x01,CC:A8B9,CC:A8FD,CC:A8E2,0x50,4,CE:2800,58,2,confirmed_normal_state0_safe_prefix,False,possible_normal_low_opcode,False,True,True,C0:B944,True,False,0,,False,False,,False,True,CF:36CE,0x80,5,4,20,80,64,False,,,,,
130,0x82,0,CC:B283,CC:B2E1,1,0x01,CC:B28D,CC:B2CD,CC:B2BB,0x50,4,CE:2800,59,2,confirmed_normal_state0_safe_prefix,False,possible_normal_low_opcode,False,True,True,C0:B944,True,False,0,,False,False,,False,True,CF:374B,0x80,5,5,25,80,80,False,,,,,
131,0x83,0,CC:B7D1,CC:B824,1,0x01,CC:B7DB,CC:B80E,CC:B7FF,0x50,4,CE:2800,70,2,confirmed_normal_state0_safe_prefix,False,possible_normal_low_opcode,False,True,True,C0:B944,True,False,0,,False,False,,False,True,CF:398C,0x80,4,4,16,64,64,False,,,,,
132,0x84,0,CC:BAB2,CC:BAEB,1,0x01,CC:BAC2,CC:BAD6,CC:BACA,0x50,7,CE:44C0,72,2,confirmed_setup_signature,True,possible_normal_low_opcode,False,True,False,C0:B924,False,False,0,,False,False,,False,True,CF:39FC,0x80,2,2,4,32,32,False,,,,,
133,0x85,0,CC:BC06,CC:BC47,1,0x01,CC:BC10,CC:BC39,CC:BC22,0x50,4,CE:2800,74,2,confirmed_normal_state0_safe_prefix,False,possible_normal_low_opcode,False,True,True,C0:B944,True,False,0,,False,False,,False,True,CF:3A54,0x80,3,3,9,48,48,False,,,,,
133,0x85,0,CC:BC06,CC:BC47,1,0x01,CC:BC10,CC:BC39,CC:BC2A,0x50,4,CE:2800,73,2,confirmed_normal_state0_safe_prefix,False,possible_normal_low_opcode,False,True,True,C0:B944,True,False,0,,False,False,,False,True,CF:3A19,0x80,3,3,9,48,48,False,,,,,
134,0x86,0,CC:BDE8,CC:BE2D,1,0x01,CC:BDF2,CC:BE17,CC:BE02,0x50,43,CE:B6A8,165,2,confirmed_normal_special_parse_impossible,False,invalid_bank82_special_range,True,False,False,,False,False,0,,False,False,,False,True,CF:58A4,0x00,3,4,12,48,64,True,CC:BE06,43,CE:B6A8,166,CF:58CD
135,0x87,0,CC:BF81,CC:BFE7,1,0x01,CC:BF9A,CC:BFB8,CC:BFAC,0x50,44,CE:BA20,167,1,confirmed_normal_special_parse_impossible,False,invalid_bank82_special_range,True,False,False,,False,False,0,,False,False,,False,True,CF:58F6,0x00,4,4,16,64,64,False,,,,,
136,0x88,0,CC:C0C0,CC:C208,1,0x01,CC:C0E8,CC:C0FD,CC:C0EE,0x50,45,CE:BCD8,168,2,confirmed_normal_special_parse_impossible,False,invalid_bank82_special_range,True,True,False,C0:B924,False,False,0,,False,False,,False,True,CF:592B,0x00,4,3,12,64,48,True,CC:C0F2,45,CE:BCD8,169,CF:5954
137,0x89,0,CC:C45E,CC:C567,1,0x01,CC:C47D,CC:C492,CC:C483,0x50,45,CE:BCD8,168,2,confirmed_normal_special_parse_impossible,False,invalid_bank82_special_range,True,True,False,C0:B924,False,False,0,,False,False,,False,True,CF:592B,0x00,4,3,12,64,48,True,CC:C487,45,CE:BCD8,169,CF:5954
138,0x8A,0,CC:C640,CC:C688,1,0x01,CC:C64D,CC:C66D,CC:C653,0x50,56,CE:EEB8,194,1,confirmed_normal_special_parse_impossible,False,invalid_bank82_special_range,True,True,False,C0:B924,False,False,0,,False,False,,False,True,CF:6403,0x00,4,4,16,64,64,True,CC:C657,57,CE:EF88,195,CF:6438
139,0x8B,0,CC:C6F7,CC:C71D,1,0x01,CC:C6FE,CC:C714,CC:C708,0x50,4,CE:2800,61,2,confirmed_normal_state0_safe_prefix,False,possible_normal_low_opcode,False,True,True,C0:B944,False,False,0,,False,False,,False,True,CF:3863,0x80,4,4,16,64,64,False,,,,,
140,0x8C,0,CC:C8D7,CC:C8FF,1,0x01,CC:C8DE,CC:C8F4,CC:C8E8,0x50,4,CE:2800,62,2,confirmed_normal_state0_safe_prefix,False,possible_normal_low_opcode,False,True,True,C0:B944,False,False,0,,False,False,,False,True,CF:38C8,0x80,4,4,16,64,64,False,,,,,
141,0x8D,0,CC:CA44,CC:CAB4,1,0x01,CC:CA66,CC:CA78,CC:CA6C,0x50,7,CE:44C0,84,2,confirmed_setup_signature,True,possible_bank82_special_opcode,False,True,False,C0:B924,False,False,0,,False,False,,False,True,CF:3B82,0x80,1,1,1,16,16,False,,,,,
142,0x8E,0,CC:CC92,CC:CCC4,1,0x01,CC:CC99,CC:CCB9,CC:CCA1,0x50,4,CE:2800,60,1,confirmed_normal_state0_safe_prefix,False,possible_normal_low_opcode,False,True,True,C0:B944,False,False,0,,False,False,,False,True,CF:37E6,0x80,4,5,20,64,80,False,,,,,
143,0x8F,0,CC:CE34,CC:CE70,1,0x01,CC:CE3E,CC:CE5A,CC:CE46,0x50,53,CE:DD98,186,2,confirmed_normal_special_parse_impossible,False,invalid_bank82_special_range,True,True,False,C0:B944,False,False,0,,False,False,,False,True,CF:609F,0x00,4,16,64,64,256,True,CC:CE4A,53,CE:DD98,187,CF:6164
144,0x90,0,CC:D151,CC:D18F,1,0x01,CC:D15E,CC:D174,CC:D168,0x50,4,CE:2800,81,2,confirmed_normal_state0_safe_prefix,False,possible_bank82_special_opcode,False,True,True,C0:B944,False,False,0,,False,False,,False,True,CF:3AFB,0x80,3,3,9,48,48,False,,,,,
145,0x91,0,CC:D228,CC:D305,1,0x01,CC:D23E,CC:D265,CC:D24E,0x50,8,CE:50B0,92,2,confirmed_normal_state0_safe_prefix,False,possible_bank82_special_opcode,False,True,True,C0:B924,True,False,0,,False,False,,False,True,CF:3CC1,0x00,9,4,36,144,64,True,CC:D252,8,CE:50B0,93,CF:3D32
146,0x92,0,CC:D420,CC:D4AC,1,0x01,CC:D439,CC:D469,CC:D449,0x50,8,CE:50B0,92,2,confirmed_normal_state0_safe_prefix,False,possible_bank82_special_opcode,False,True,True,C0:B924,True,False,0,,False,False,,False,True,CF:3CC1,0x00,9,4,36,144,64,True,CC:D44D,8,CE:50B0,93,CF:3D32
147,0x93,0,CC:D622,CC:D6E6,1,0x01,CC:D638,CC:D65F,CC:D648,0x50,8,CE:50B0,92,2,confirmed_normal_state0_safe_prefix,False,possible_bank82_special_opcode,False,True,True,C0:B924,True,False,0,,False,False,,False,True,CF:3CC1,0x00,9,4,36,144,64,True,CC:D64C,8,CE:50B0,93,CF:3D32
148,0x94,0,CC:D7BB,CC:D8EB,1,0x01,CC:D7DA,CC:D801,CC:D7EA,0x50,8,CE:50B0,92,2,confirmed_normal_state0_safe_prefix,False,possible_bank82_special_opcode,False,True,True,C0:B924,True,False,0,,False,False,,False,True,CF:3CC1,0x00,9,4,36,144,64,True,CC:D7EE,8,CE:50B0,93,CF:3D32
149,0x95,0,CC:D99C,CC:DA04,1,0x01,CC:D9AC,CC:D9E4,CC:D9C0,0x50,8,CE:50B0,92,2,confirmed_normal_state0_safe_prefix,False,possible_bank82_special_opcode,False,True,True,C0:B924,True,False,0,,False,False,,False,True,CF:3CC1,0x00,9,4,36,144,64,False,,,,,
149,0x95,0,CC:D99C,CC:DA04,1,0x01,CC:D9AC,CC:D9E4,CC:D9C8,0x50,8,CE:50B0,96,2,confirmed_normal_state0_safe_prefix,False,possible_bank82_special_opcode,False,True,True,C0:B924,True,False,0,,False,False,,False,True,CF:3DE9,0x00,3,4,12,48,64,True,CC:D9CC,8,CE:50B0,93,CF:3D32
150,0x96,0,CC:DBCB,CC:DC5C,1,0x01,CC:DBDB,CC:DBF2,CC:DBE3,0x50,9,CE:5448,98,2,confirmed_normal_state0_safe_prefix,False,possible_bank82_special_opcode,False,True,True,C0:B924,False,False,0,,False,False,,False,True,CF:3ED7,0x00,3,4,12,48,64,True,CC:DBE7,10,CE:56D8,100,CF:3FC5
151,0x97,0,CC:DCDB,CC:DDB4,1,0x01,CC:DCF1,CC:DD08,CC:DCF9,0x50,9,CE:5448,97,2,confirmed_normal_state0_safe_prefix,False,possible_bank82_special_opcode,False,True,True,C0:B924,False,False,0,,False,False,,False,True,CF:3E12,0x00,16,4,64,256,64,True,CC:DCFD,10,CE:56D8,99,CF:3F00
152,0x98,0,CC:DF4C,CC:E0A8,1,0x01,CC:DF71,CC:DF88,CC:DF79,0x50,9,CE:5448,97,2,confirmed_normal_state0_safe_prefix,False,possible_bank82_special_opcode,False,True,True,C0:B924,False,False,0,,False,False,,False,True,CF:3E12,0x00,16,4,64,256,64,True,CC:DF7D,10,CE:56D8,99,CF:3F00
153,0x99,0,CC:E190,CC:E320,1,0x01,CC:E1B2,CC:E1E2,CC:E1C4,0x50,21,CE:6B10,119,2,confirmed_normal_state0_safe_prefix,False,possible_bank82_special_opcode,False,True,True,C0:B924,True,False,0,,False,False,,False,True,CF:47B9,0x00,6,4,24,96,64,True,CC:E1C8,21,CE:6B10,120,CF:4806
154,0x9A,0,CC:E759,CC:E979,1,0x01,CC:E790,CC:E7B5,CC:E798,0x50,22,CE:7310,121,2,confirmed_normal_state0_safe_prefix,False,possible_bank82_special_opcode,False,True,True,C0:B924,False,False,0,,False,False,,False,True,CF:4853,0x00,16,5,80,256,80,True,CC:E79C,22,CE:7310,122,CF:4948
155,0x9B,0,CC:EF3B,CC:F0A8,1,0x01,CC:EF57,CC:EF7C,CC:EF5F,0x50,22,CE:7310,121,2,confirmed_normal_state0_safe_prefix,False,possible_bank82_special_opcode,False,True,True,C0:B924,False,False,0,,False,False,,False,True,CF:4853,0x00,16,5,80,256,80,True,CC:EF63,22,CE:7310,122,CF:4948
156,0x9C,0,CC:F913,CC:F9BC,1,0x01,CC:F91D,CC:F942,CC:F925,0x50,22,CE:7310,121,2,confirmed_normal_state0_safe_prefix,False,possible_bank82_special_opcode,False,True,True,C0:B924,False,False,0,,False,False,,False,True,CF:4853,0x00,16,5,80,256,80,True,CC:F929,22,CE:7310,122,CF:4948
157,0x9D,0,CC:FB47,CC:FC5D,1,0x01,CC:FB5D,CC:FBA1,CC:FB61,0x50,42,CE:B198,163,1,confirmed_normal_special_parse_impossible,False,invalid_bank82_special_range,True,True,False,C0:B924,False,False,0,,False,False,,False,True,CF:579E,0x00,6,7,42,96,112,False,,,,,
157,0x9D,4,CC:FCB9,CC:FE61,109,0x6D,CC:FD57,CC:FD76,CC:FD5C,0x50,14,CE:5FA0,82,1,strong_structural_candidate_mode_gate_unresolved,False,possible_bank82_special_opcode,False,False,False,,False,False,0,,False,False,,False,False,CF:3B36,0x80,3,3,9,48,48,False,,,,,
157,0x9D,5,CC:FE61,CC:FE83,108,0x6C,CC:FE68,CC:FE76,CC:FE6D,0x50,16,CE:6460,77,1,strong_structural_candidate_mode_gate_unresolved,False,possible_normal_low_opcode,False,False,False,,False,False,0,,False,False,,False,False,CF:3AB7,0x00,4,2,8,64,32,False,,,,,
158,0x9E,0,CC:FFC5,CD:00A1,1,0x01,CC:FFDE,CC:FFF7,CC:FFE8,0x50,24,CE:7DB8,125,2,confirmed_normal_state0_safe_prefix,False,possible_bank82_special_opcode,False,True,True,C0:B924,False,False,0,,False,False,,False,True,CF:4B67,0x00,14,3,42,224,48,True,CC:FFEC,24,CE:7DB8,126,CF:4BEA
159,0x9F,0,CD:01FF,CD:0258,1,0x01,CD:020C,CD:022A,CD:0216,0x50,24,CE:7DB8,125,2,confirmed_normal_state0_safe_prefix,False,possible_bank82_special_opcode,False,True,True,C0:B924,False,False,0,,False,False,,False,True,CF:4B67,0x00,14,3,42,224,48,True,CD:021A,24,CE:7DB8,126,CF:4BEA
160,0xA0,0,CD:05E6,CD:0643,1,0x01,CD:05F3,CD:0611,CD:05FD,0x50,24,CE:7DB8,125,2,confirmed_normal_state0_safe_prefix,False,possible_bank82_special_opcode,False,True,True,C0:B924,False,False,0,,False,False,,False,True,CF:4B67,0x00,14,3,42,224,48,True,CD:0601,24,CE:7DB8,126,CF:4BEA
161,0xA1,0,CD:06CD,CD:074D,1,0x01,CD:06DA,CD:070F,CD:06E4,0x50,24,CE:7DB8,125,2,confirmed_normal_state0_safe_prefix,False,possible_bank82_special_opcode,False,True,True,C0:B924,False,False,0,,False,False,,False,True,CF:4B67,0x00,14,3,42,224,48,True,CD:06E8,24,CE:7DB8,126,CF:4BEA
162,0xA2,0,CD:0B78,CD:0BD1,1,0x01,CD:0B85,CD:0BA3,CD:0B8F,0x50,24,CE:7DB8,125,2,confirmed_normal_state0_safe_prefix,False,possible_bank82_special_opcode,False,True,True,C0:B924,False,False,0,,False,False,,False,True,CF:4B67,0x00,14,3,42,224,48,True,CD:0B93,24,CE:7DB8,126,CF:4BEA
163,0xA3,0,CD:0D49,CD:0DB1,1,0x01,CD:0D56,CD:0D75,CD:0D60,0x50,24,CE:7DB8,125,2,confirmed_normal_state0_safe_prefix,False,possible_bank82_special_opcode,False,True,True,C0:B924,False,False,0,,False,False,,False,True,CF:4B67,0x00,14,3,42,224,48,True,CD:0D64,24,CE:7DB8,126,CF:4BEA
164,0xA4,0,CD:0FFD,CD:109F,1,0x01,CD:100D,CD:102B,CD:1017,0x50,24,CE:7DB8,127,2,confirmed_normal_state0_safe_prefix,False,possible_bank82_special_opcode,False,True,True,C0:B924,False,False,0,,False,False,,False,True,CF:4C6D,0x00,10,6,60,160,96,True,CD:101B,24,CE:7DB8,128,CF:4D26
165,0xA5,0,CD:149E,CD:14F7,1,0x01,CD:14AB,CD:14C9,CD:14B5,0x50,24,CE:7DB8,125,2,confirmed_normal_state0_safe_prefix,False,possible_bank82_special_opcode,False,True,True,C0:B924,False,False,0,,False,False,,False,True,CF:4B67,0x00,14,3,42,224,48,True,CD:14B9,24,CE:7DB8,126,CF:4BEA
166,0xA6,0,CD:175E,CD:188B,1,0x01,CD:1792,CD:17DF,CD:17AC,0x50,23,CE:7A68,123,1,confirmed_normal_state0_safe_prefix,False,possible_bank82_special_opcode,False,True,True,C0:B924,True,False,0,,False,False,,False,True,CF:4A3D,0x00,13,4,52,208,64,False,,,,,
166,0xA6,0,CD:175E,CD:188B,1,0x01,CD:1792,CD:17DF,CD:17C3,0x50,23,CE:7A68,123,2,confirmed_normal_state0_safe_prefix,False,possible_bank82_special_opcode,False,True,True,C0:B924,True,False,0,,False,False,,False,True,CF:4A3D,0x00,13,4,52,208,64,True,CD:17C7,23,CE:7A68,124,CF:4ADE
167,0xA7,0,CD:1991,CD:1BFD,1,0x01,CD:19D1,CD:19F5,CD:19DB,0x50,23,CE:7A68,123,1,confirmed_normal_state0_safe_prefix,False,possible_bank82_special_opcode,False,True,True,C0:B924,False,False,0,,False,False,,False,True,CF:4A3D,0x00,13,4,52,208,64,True,CD:19DF,23,CE:7A68,124,CF:4ADE
168,0xA8,0,CD:1D6C,CD:1ED5,1,0x01,CD:1D91,CD:1DB5,CD:1D9B,0x50,23,CE:7A68,123,1,confirmed_normal_state0_safe_prefix,False,possible_bank82_special_opcode,False,True,True,C0:B924,False,False,0,,False,False,,False,True,CF:4A3D,0x00,13,4,52,208,64,True,CD:1D9F,23,CE:7A68,124,CF:4ADE
169,0xA9,0,CD:240A,CD:2621,1,0x01,CD:243E,CD:247F,CD:2468,0x50,26,CE:8250,131,1,confirmed_normal_state0_safe_prefix,False,possible_bank82_special_opcode,False,True,True,C0:B924,True,False,0,,False,False,,False,True,CF:4E8B,0x00,13,3,39,208,48,False,,,,,
170,0xAA,0,CD:2B99,CD:2D86,1,0x01,CD:2BDC,CD:2C0C,CD:2BEA,0x50,26,CE:8250,131,1,confirmed_normal_state0_safe_prefix,False,possible_bank82_special_opcode,False,True,True,C0:B924,True,False,0,,False,False,,False,True,CF:4E8B,0x00,13,3,39,208,48,False,,,,,
171,0xAB,0,CD:3071,CD:30B8,1,0x01,CD:307E,CD:3097,CD:3086,0x50,49,CE:C7C0,176,2,confirmed_normal_special_parse_impossible,False,invalid_bank82_special_range,True,True,False,C0:B924,False,False,0,,False,False,,False,True,CF:5AA3,0x00,8,4,32,128,64,True,CD:308A,49,CE:C7C0,177,CF:5B08
172,0xAC,0,CD:318C,CD:3320,1,0x01,CD:31B7,CD:31CE,CD:31BF,0x50,49,CE:C7C0,176,2,confirmed_normal_special_parse_impossible,False,invalid_bank82_special_range,True,True,False,C0:B924,False,False,0,,False,False,,False,True,CF:5AA3,0x00,8,4,32,128,64,True,CD:31C3,49,CE:C7C0,177,CF:5B08
173,0xAD,0,CD:34B8,CD:34EF,1,0x01,CD:34BF,CD:34D6,CD:34C5,0x50,34,CE:9A20,148,1,confirmed_normal_special_parse_impossible,False,invalid_bank82_special_range,True,True,False,C0:B924,False,False,0,,False,False,,False,True,CF:5417,0x00,1,2,2,16,32,False,,,,,
174,0xAE,0,CD:35D0,CD:389E,1,0x01,CD:361C,CD:3639,CD:3622,0x50,11,CE:5748,101,2,confirmed_normal_state0_safe_prefix,False,possible_bank82_special_opcode,False,True,True,C0:B924,False,False,0,,False,False,,False,True,CF:3FEE,0x00,15,6,90,240,96,True,CD:3626,12,CE:59D0,102,CF:4101
175,0xAF,0,CD:3CDB,CD:3EAB,1,0x01,CD:3D12,CD:3D2A,CD:3D18,0x50,11,CE:5748,101,2,confirmed_normal_state0_safe_prefix,False,possible_bank82_special_opcode,False,True,True,C0:B924,False,False,0,,False,False,,False,True,CF:3FEE,0x00,15,6,90,240,96,True,CD:3D1C,12,CE:59D0,102,CF:4101
176,0xB0,0,CD:404E,CD:409D,1,0x01,CD:405B,CD:4073,CD:4061,0x50,11,CE:5748,101,2,confirmed_normal_state0_safe_prefix,False,possible_bank82_special_opcode,False,True,True,C0:B924,False,False,0,,False,False,,False,True,CF:3FEE,0x00,15,6,90,240,96,True,CD:4065,12,CE:59D0,102,CF:4101
177,0xB1,0,CD:4264,CD:437B,1,0x01,CD:42A7,CD:42E6,CD:42CA,0x50,29,CE:8910,138,2,confirmed_normal_state0_safe_prefix,False,possible_bank82_special_opcode,False,True,True,C0:B924,True,False,0,,False,False,,False,True,CF:4FB3,0x00,15,3,45,240,48,True,CD:42CE,29,CE:8910,139,CF:503F
178,0xB2,0,CD:45FB,CD:47AC,1,0x01,CD:4629,CD:4646,CD:462F,0x50,29,CE:8910,138,2,confirmed_normal_state0_safe_prefix,False,possible_bank82_special_opcode,False,True,True,C0:B924,False,False,0,,False,False,,False,True,CF:4FB3,0x00,15,3,45,240,48,True,CD:4633,29,CE:8910,139,CF:503F
179,0xB3,0,CD:489A,CD:49C2,1,0x01,CD:48BC,CD:48D9,CD:48C2,0x50,29,CE:8910,138,2,confirmed_normal_state0_safe_prefix,False,possible_bank82_special_opcode,False,True,True,C0:B924,False,False,0,,False,False,,False,True,CF:4FB3,0x00,15,3,45,240,48,True,CD:48C6,29,CE:8910,139,CF:503F
180,0xB4,0,CD:4B39,CD:4CB6,1,0x01,CD:4B61,CD:4B7E,CD:4B67,0x50,29,CE:8910,138,2,confirmed_normal_state0_safe_prefix,False,possible_bank82_special_opcode,False,True,True,C0:B924,False,False,0,,False,False,,False,True,CF:4FB3,0x00,15,3,45,240,48,True,CD:4B6B,29,CE:8910,139,CF:503F
181,0xB5,0,CD:4E0E,CD:4F7C,1,0x01,CD:4E33,CD:4E5F,CD:4E48,0x50,29,CE:8910,138,2,confirmed_normal_state0_safe_prefix,False,possible_bank82_special_opcode,False,True,True,C0:B924,True,False,0,,False,False,,False,True,CF:4FB3,0x00,15,3,45,240,48,True,CD:4E4C,29,CE:8910,139,CF:503F
182,0xB6,0,CD:5228,CD:530C,1,0x01,CD:5241,CD:525A,CD:524B,0x50,30,CE:8D48,140,2,confirmed_normal_state0_safe_prefix,False,possible_bank82_special_opcode,False,True,True,C0:B924,False,False,0,,False,False,,False,True,CF:50CB,0x00,3,2,6,48,32,True,CD:524F,30,CE:8D48,141,CF:50E2
183,0xB7,0,CD:53AF,CD:5537,1,0x01,CD:53D4,CD:5409,CD:53EC,0x50,47,CE:C1B8,172,2,confirmed_normal_special_parse_impossible,False,invalid_bank82_special_range,True,True,False,C0:B924,True,False,0,,False,False,,False,True,CF:59DB,0x00,7,2,14,112,32,True,CD:53F0,47,CE:C1B8,173,CF:5A0A
184,0xB8,0,CD:56A6,CD:575D,1,0x01,CD:56BC,CD:56F1,CD:56D4,0x50,47,CE:C1B8,172,2,confirmed_normal_special_parse_impossible,False,invalid_bank82_special_range,True,True,False,C0:B924,True,False,0,,False,False,,False,True,CF:59DB,0x00,7,2,14,112,32,True,CD:56D8,47,CE:C1B8,173,CF:5A0A
185,0xB9,0,CD:5C60,CD:5DFE,1,0x01,CD:5C8B,CD:5CAA,CD:5C95,0x50,25,CE:80C0,129,2,confirmed_normal_state0_safe_prefix,False,possible_bank82_special_opcode,False,True,True,C0:B924,False,False,0,,False,False,,False,True,CF:4DDF,0x00,9,3,27,144,48,True,CD:5C99,25,CE:80C0,130,CF:4E35
186,0xBA,0,CD:5F57,CD:608A,1,0x01,CD:5F73,CD:5FA2,CD:5F81,0x50,32,CE:9030,144,1,confirmed_normal_state0_safe_prefix,False,possible_bank82_special_opcode,False,True,True,C0:B924,True,False,0,,False,False,,False,True,CF:5133,0x00,14,4,56,224,64,True,CD:5F85,32,CE:9030,145,CF:51E0
187,0xBB,0,CD:6531,CD:6667,1,0x01,CD:654D,CD:6577,CD:655B,0x50,32,CE:9030,144,1,confirmed_normal_state0_safe_prefix,False,possible_bank82_special_opcode,False,True,True,C0:B924,True,False,0,,False,False,,False,True,CF:5133,0x00,14,4,56,224,64,True,CD:655F,32,CE:9030,145,CF:51E0
188,0xBC,0,CD:69EA,CD:6AE7,1,0x01,CD:6A03,CD:6A31,CD:6A15,0x50,32,CE:9030,144,1,confirmed_normal_state0_safe_prefix,False,possible_bank82_special_opcode,False,True,True,C0:B924,True,False,0,,False,False,,False,True,CF:5133,0x00,14,4,56,224,64,True,CD:6A19,32,CE:9030,145,CF:51E0
189,0xBD,0,CD:6C83,CD:6D78,1,0x01,CD:6C9C,CD:6CBD,CD:6CAE,0x50,36,CE:9F00,150,2,confirmed_normal_special_parse_impossible,False,invalid_bank82_special_range,True,True,False,C0:B924,True,False,0,,False,False,,False,True,CF:544B,0x00,2,4,8,32,64,True,CD:6CB2,36,CE:9F00,151,CF:5468
190,0xBE,0,CD:6E55,CD:6FBB,1,0x01,CD:6E7A,CD:6EA8,CD:6E96,0x50,13,CE:5C58,103,2,confirmed_normal_state0_safe_prefix,False,possible_bank82_special_opcode,False,True,True,C0:B924,True,False,0,,False,False,,False,True,CF:4214,0x00,6,11,66,96,176,True,CD:6E9A,13,CE:5C58,104,CF:42DF
191,0xBF,0,CD:7814,CD:783A,1,0x01,CD:781B,CD:782F,CD:7821,0x50,7,CE:44C0,9,2,confirmed_setup_signature,True,possible_normal_low_opcode,False,True,False,C0:B924,False,False,0,,False,False,,False,True,CF:2DDB,0x80,1,1,1,16,16,False,,,,,
192,0xC0,0,CD:7928,CD:7995,1,0x01,CD:793B,CD:7964,CD:794D,0x50,14,CE:5FA0,105,2,confirmed_normal_state0_safe_prefix,False,possible_bank82_special_opcode,False,True,True,C0:B924,True,False,0,,False,False,,False,True,CF:43AA,0x00,14,5,70,224,80,True,CD:7951,14,CE:5FA0,106,CF:4481
193,0xC1,0,CD:7C16,CD:7C5D,1,0x01,CD:7C23,CD:7C44,CD:7C2B,0x50,15,CE:6280,107,2,confirmed_normal_state0_safe_prefix,False,possible_bank82_special_opcode,False,True,True,C0:B924,False,False,0,,False,False,,False,True,CF:4558,0x00,4,6,24,64,96,True,CD:7C2F,15,CE:6280,108,CF:45A5
194,0xC2,0,CD:7D0E,CD:7D67,1,0x01,CD:7D1E,CD:7D46,CD:7D30,0x50,16,CE:6460,109,2,confirmed_normal_state0_safe_prefix,False,possible_bank82_special_opcode,False,True,True,C0:B924,True,False,0,,False,False,,False,True,CF:45F2,0x00,4,3,12,64,48,True,CD:7D34,16,CE:6460,110,CF:461B
195,0xC3,0,CD:7E2B,CD:7E89,1,0x01,CD:7E3B,CD:7E68,CD:7E4D,0x50,14,CE:5FA0,105,2,confirmed_normal_state0_safe_prefix,False,possible_bank82_special_opcode,False,True,True,C0:B924,True,False,0,,False,False,,False,True,CF:43AA,0x00,14,5,70,224,80,True,CD:7E51,14,CE:5FA0,106,CF:4481
196,0xC4,0,CD:7F99,CD:818F,1,0x01,CD:7FD6,CD:7FF2,CD:7FE6,0x50,17,CE:65E8,111,2,confirmed_normal_state0_safe_prefix,False,possible_bank82_special_opcode,False,True,True,C0:B924,True,False,0,,False,False,,False,True,CF:4644,0x00,6,4,24,96,64,False,,,,,
197,0xC5,0,CD:8338,CD:836C,1,0x01,CD:8342,CD:8360,CD:834A,0x50,18,CE:67A0,112,2,confirmed_normal_state0_safe_prefix,False,possible_bank82_special_opcode,False,True,True,C0:B924,False,False,0,,False,False,,False,True,CF:4691,0x00,3,5,15,48,80,False,,,,,
198,0xC6,0,CD:83D2,CD:844F,1,0x01,CD:83EE,CD:8414,CD:8400,0x50,19,CE:6840,113,2,confirmed_normal_state0_safe_prefix,False,possible_bank82_special_opcode,False,True,True,C0:B924,True,False,0,,False,False,,False,True,CF:46C3,0x00,6,4,24,96,64,True,CD:8404,19,CE:6840,114,CF:4710
199,0xC7,0,CD:855B,CD:8614,1,0x01,CD:8571,CD:8588,CD:8579,0x50,19,CE:6840,115,2,confirmed_normal_state0_safe_prefix,False,possible_bank82_special_opcode,False,True,True,C0:B924,False,False,0,,False,False,,False,True,CF:475D,0x00,3,2,6,48,32,True,CD:857D,19,CE:6840,116,CF:4774
200,0xC8,0,CD:86C9,CD:87D9,1,0x01,CD:86DC,CD:8703,CD:86EA,0x50,20,CE:6950,117,1,confirmed_normal_state0_safe_prefix,False,possible_bank82_special_opcode,False,True,True,C0:B924,True,False,0,,False,False,,False,True,CF:478B,0x00,2,3,6,32,48,True,CD:86EE,20,CE:6950,118,CF:47A2
201,0xC9,0,CD:8D33,CD:8D70,1,0x01,CD:8D40,CD:8D58,CD:8D46,0x50,59,CE:F570,201,2,confirmed_normal_special_parse_impossible,False,invalid_bank82_special_range,True,True,False,C0:B924,False,False,0,,False,False,,False,True,CF:68D6,0x00,2,2,4,32,32,True,CD:8D4A,59,CE:F570,202,CF:68E7
202,0xCA,0,CD:8DCC,CD:8E3E,1,0x01,CD:8DDC,CD:8DF2,CD:8DE6,0x50,4,CE:2800,28,2,confirmed_normal_state0_safe_prefix,False,possible_normal_low_opcode,False,True,True,C0:B944,False,False,0,,False,False,,False,True,CF:2F6F,0x80,2,2,4,32,32,False,,,,,
203,0xCB,0,CD:8E80,CD:8EA6,1,0x01,CD:8E87,CD:8E9D,CD:8E91,0x50,4,CE:2800,82,2,confirmed_normal_state0_safe_prefix,False,possible_bank82_special_opcode,False,True,True,C0:B944,False,False,0,,False,False,,False,True,CF:3B36,0x80,3,3,9,48,48,False,,,,,
204,0xCC,0,CD:8ED4,CD:8F85,1,0x01,CD:8EE7,CD:8F03,CD:8EF1,0x50,37,CE:A1A8,152,2,confirmed_normal_special_parse_impossible,False,invalid_bank82_special_range,True,True,False,C0:B924,False,False,0,,False,False,,False,True,CF:5485,0x00,2,4,8,32,64,True,CD:8EF5,37,CE:A1A8,153,CF:54A2
205,0xCD,0,CD:9005,CD:902B,1,0x01,CD:900C,CD:9020,CD:9014,0x50,5,CE:3540,83,2,confirmed_normal_state0_safe_prefix,False,possible_bank82_special_opcode,False,True,True,"C0:B924,C0:B944",False,False,0,,False,False,,False,True,CF:3B71,0x00,2,2,4,32,32,False,,,,,
206,0xCE,0,CD:9120,CD:922C,1,0x01,CD:9148,CD:91D8,CD:9156,0x50,4,CE:2800,86,2,confirmed_normal_state0_safe_prefix,False,possible_bank82_special_opcode,False,True,True,"C0:B924,C0:B944",True,False,0,,False,False,,False,True,CF:3BC8,0x80,3,3,9,48,48,False,,,,,
206,0xCE,0,CD:9120,CD:922C,1,0x01,CD:9148,CD:91D8,CD:916D,0x50,5,CE:3540,87,2,confirmed_normal_state0_safe_prefix,False,possible_bank82_special_opcode,False,True,True,"C0:B924,C0:B944",True,False,0,,False,False,,False,True,CF:3C03,0x00,3,3,9,48,48,False,,,,,
206,0xCE,0,CD:9120,CD:922C,1,0x01,CD:9148,CD:91D8,CD:9186,0x50,4,CE:2800,88,2,confirmed_normal_state0_safe_prefix,False,possible_bank82_special_opcode,False,True,True,"C0:B924,C0:B944",True,False,0,,False,False,,False,True,CF:3C23,0x80,3,3,9,48,48,False,,,,,
206,0xCE,0,CD:9120,CD:922C,1,0x01,CD:9148,CD:91D8,CD:919F,0x50,4,CE:2800,89,2,confirmed_normal_state0_safe_prefix,False,possible_bank82_special_opcode,False,True,True,"C0:B924,C0:B944",True,False,0,,False,False,,False,True,CF:3C5E,0x80,3,3,9,48,48,False,,,,,
206,0xCE,0,CD:9120,CD:922C,1,0x01,CD:9148,CD:91D8,CD:91B6,0x50,53,CE:DD98,188,2,confirmed_normal_special_parse_impossible,False,invalid_bank82_special_range,True,True,False,"C0:B924,C0:B944",True,False,0,,False,False,,False,True,CF:6229,0x00,2,2,4,32,32,True,CD:91BA,53,CE:DD98,189,CF:623A
206,0xCE,0,CD:9120,CD:922C,1,0x01,CD:9148,CD:91D8,CD:91CC,0x50,4,CE:2800,85,2,confirmed_normal_state0_safe_prefix,False,possible_bank82_special_opcode,False,True,True,"C0:B924,C0:B944",True,False,0,,False,False,,False,True,CF:3B8D,0x80,3,3,9,48,48,False,,,,,
207,0xCF,0,CD:9298,CD:93E4,1,0x01,CD:92CF,CD:930D,CD:92EB,0x50,2,CE:2400,3,1,confirmed_normal_state0_safe_prefix,False,possible_normal_low_opcode,False,True,True,C0:B944,True,False,0,,False,False,,False,True,CF:286B,0x01,8,8,64,128,128,False,,,,,
207,0xCF,0,CD:9298,CD:93E4,1,0x01,CD:92CF,CD:930D,CD:92F4,0x50,2,CE:2400,4,1,confirmed_normal_state0_safe_prefix,False,possible_normal_low_opcode,False,True,True,C0:B944,True,False,0,,False,False,,False,True,CF:2930,0x01,8,8,64,128,128,False,,,,,
208,0xD0,0,CD:961B,CD:9657,1,0x01,CD:9625,CD:963F,CD:962D,0x50,53,CE:DD98,184,2,confirmed_normal_special_parse_impossible,False,invalid_bank82_special_range,True,True,False,C0:B944,False,False,0,,False,False,,False,True,CF:5E55,0x00,16,6,96,256,96,True,CD:9631,53,CE:DD98,185,CF:5F7A
209,0xD1,0,CD:975B,CD:97F1,1,0x01,CD:976E,CD:977E,CD:9774,0x50,54,CE:E4B0,190,2,confirmed_normal_special_parse_impossible,False,invalid_bank82_special_range,True,True,False,"C0:B924,C0:B944",False,False,0,,False,False,,False,True,CF:624B,0x00,7,5,35,112,80,True,CD:9778,54,CE:E4B0,191,CF:62B9
210,0xD2,0,CD:9907,CD:999D,1,0x01,CD:991A,CD:992A,CD:9920,0x50,54,CE:E4B0,190,2,confirmed_normal_special_parse_impossible,False,invalid_bank82_special_range,True,True,False,"C0:B924,C0:B944",False,False,0,,False,False,,False,True,CF:624B,0x00,7,5,35,112,80,True,CD:9924,54,CE:E4B0,191,CF:62B9
211,0xD3,0,CD:9A48,CD:9ADE,1,0x01,CD:9A5B,CD:9A6B,CD:9A61,0x50,54,CE:E4B0,190,2,confirmed_normal_special_parse_impossible,False,invalid_bank82_special_range,True,True,False,"C0:B924,C0:B944",False,False,0,,False,False,,False,True,CF:624B,0x00,7,5,35,112,80,True,CD:9A65,54,CE:E4B0,191,CF:62B9
212,0xD4,0,CD:9C3B,CD:9CF0,1,0x01,CD:9C51,CD:9C61,CD:9C57,0x50,54,CE:E4B0,190,2,confirmed_normal_special_parse_impossible,False,invalid_bank82_special_range,True,True,False,"C0:B924,C0:B944",False,False,0,,False,False,,False,True,CF:624B,0x00,7,5,35,112,80,True,CD:9C5B,54,CE:E4B0,191,CF:62B9
213,0xD5,0,CD:9E43,CD:9E7F,1,0x01,CD:9E4D,CD:9E67,CD:9E55,0x50,53,CE:DD98,184,2,confirmed_normal_special_parse_impossible,False,invalid_bank82_special_range,True,True,False,C0:B944,False,False,0,,False,False,,False,True,CF:5E55,0x00,16,6,96,256,96,True,CD:9E59,53,CE:DD98,185,CF:5F7A
214,0xD6,0,CD:9FA7,CD:A028,1,0x01,CD:9FB4,CD:9FD8,CD:9FBE,0x50,37,CE:A1A8,152,2,confirmed_normal_special_parse_impossible,False,invalid_bank82_special_range,True,True,False,C0:B924,False,False,0,,False,False,,False,True,CF:5485,0x00,2,4,8,32,64,True,CD:9FC2,37,CE:A1A8,153,CF:54A2
215,0xD7,0,CD:A116,CD:A152,1,0x01,CD:A120,CD:A13A,CD:A128,0x50,53,CE:DD98,184,2,confirmed_normal_special_parse_impossible,False,invalid_bank82_special_range,True,True,False,C0:B944,False,False,0,,False,False,,False,True,CF:5E55,0x00,16,6,96,256,96,True,CD:A12C,53,CE:DD98,185,CF:5F7A
216,0xD8,0,CD:A382,CD:A3BE,1,0x01,CD:A38C,CD:A3A6,CD:A394,0x50,53,CE:DD98,184,2,confirmed_normal_special_parse_impossible,False,invalid_bank82_special_range,True,True,False,C0:B944,False,False,0,,False,False,,False,True,CF:5E55,0x00,16,6,96,256,96,True,CD:A398,53,CE:DD98,185,CF:5F7A
217,0xD9,0,CD:A4E2,CD:A553,1,0x01,CD:A4F2,CD:A527,CD:A510,0x50,52,CE:D818,182,2,confirmed_normal_special_parse_impossible,False,invalid_bank82_special_range,True,True,False,C0:B944,True,False,0,,False,False,,False,True,CF:5DB5,0x00,5,5,25,80,80,True,CD:A514,52,CE:D818,183,CF:5E05
218,0xDA,0,CD:A5D2,CD:A821,1,0x01,CD:A603,CD:A628,CD:A61B,0x50,51,CE:D078,180,2,confirmed_normal_special_parse_impossible,False,invalid_bank82_special_range,True,True,False,"C0:B924,C0:B944",True,False,0,,False,False,,False,True,CF:5CBB,0x00,8,5,40,128,80,True,CD:A61F,51,CE:D078,181,CF:5D38
219,0xDB,0,CD:AAAF,CD:ABD7,1,0x01,CD:AACB,CD:AAF9,CD:AAEC,0x50,51,CE:D078,180,2,confirmed_normal_special_parse_impossible,False,invalid_bank82_special_range,True,True,False,"C0:B924,C0:B944",True,False,0,,False,False,,False,True,CF:5CBB,0x00,8,5,40,128,80,True,CD:AAF0,51,CE:D078,181,CF:5D38
220,0xDC,0,CD:AF89,CD:B0EC,1,0x01,CD:AFAB,CD:AFEC,CD:AFDF,0x50,51,CE:D078,180,2,confirmed_normal_special_parse_impossible,False,invalid_bank82_special_range,True,True,False,"C0:B924,C0:B944",True,False,0,,False,False,,False,True,CF:5CBB,0x00,8,5,40,128,80,True,CD:AFE3,51,CE:D078,181,CF:5D38
221,0xDD,0,CD:B5C1,CD:B62A,1,0x01,CD:B5D7,CD:B5EE,CD:B5DF,0x50,53,CE:DD98,184,2,confirmed_normal_special_parse_impossible,False,invalid_bank82_special_range,True,True,False,C0:B944,False,False,0,,False,False,,False,True,CF:5E55,0x00,16,6,96,256,96,True,CD:B5E3,53,CE:DD98,185,CF:5F7A
222,0xDE,0,CD:B6E2,CD:B821,1,0x01,CD:B704,CD:B71D,CD:B70C,0x50,48,CE:C6B8,174,2,confirmed_normal_special_parse_impossible,False,invalid_bank82_special_range,True,True,False,C0:B924,False,False,0,,False,False,,False,True,CF:5A39,0x00,8,2,16,128,32,True,CD:B710,48,CE:C6B8,175,CF:5A6E
223,0xDF,0,CD:B8B7,CD:B93D,1,0x01,CD:B8CA,CD:B8EA,CD:B8D7,0x50,3,CE:269C,5,1,confirmed_normal_special_parse_impossible,False,invalid_normal_brk,True,True,False,C0:B944,False,False,0,,False,False,,False,True,CF:29F5,0x01,16,16,256,256,256,False,,,,,
224,0xE0,0,CD:BA62,CD:BB73,1,0x01,CD:BA8D,CD:BAC3,CD:BA9D,0x50,55,CE:E818,192,2,confirmed_normal_special_parse_impossible,False,invalid_bank82_special_range,True,True,False,"C0:B924,C0:B944",True,False,0,,False,False,,False,True,CF:6327,0x00,7,5,35,112,80,True,CD:BAA1,55,CE:E818,193,CF:6395
225,0xE1,0,CD:BFDA,CD:C131,1,0x01,CD:BFF6,CD:C01D,CD:C006,0x50,55,CE:E818,192,2,confirmed_normal_special_parse_impossible,False,invalid_bank82_special_range,True,True,False,"C0:B924,C0:B944",True,False,0,,False,False,,False,True,CF:6327,0x00,7,5,35,112,80,True,CD:C00A,55,CE:E818,193,CF:6395
226,0xE2,0,CD:C3C3,CD:C57A,1,0x01,CD:C3EB,CD:C415,CD:C3FB,0x50,55,CE:E818,192,2,confirmed_normal_special_parse_impossible,False,invalid_bank82_special_range,True,True,False,"C0:B924,C0:B944",True,False,0,,False,False,,False,True,CF:6327,0x00,7,5,35,112,80,True,CD:C3FF,55,CE:E818,193,CF:6395
227,0xE3,0,CD:C7B1,CD:C7E2,1,0x01,CD:C7BB,CD:C7D6,CD:C7C3,0x50,58,CE:EFD0,198,1,confirmed_normal_special_parse_impossible,False,invalid_bank82_special_range,True,True,False,C0:B924,False,False,0,,False,False,,False,True,CF:6687,0x00,2,8,16,32,128,False,,,,,
228,0xE4,0,CD:C858,CD:C968,1,0x01,CD:C877,CD:C891,CD:C87F,0x50,58,CE:EFD0,196,1,confirmed_normal_special_parse_impossible,False,invalid_bank82_special_range,True,True,False,C0:B924,False,False,0,,False,False,,False,True,CF:646D,0x00,15,8,120,240,128,True,CD:C883,58,CE:EFD0,199,CF:66BC
229,0xE5,0,CD:CAF8,CD:CBE6,1,0x01,CD:CB14,CD:CB2E,CD:CB1C,0x50,58,CE:EFD0,196,1,confirmed_normal_special_parse_impossible,False,invalid_bank82_special_range,True,True,False,C0:B924,False,False,0,,False,False,,False,True,CF:646D,0x00,15,8,120,240,128,True,CD:CB20,58,CE:EFD0,199,CF:66BC
230,0xE6,0,CD:CCDE,CD:CDF7,1,0x01,CD:CCF7,CD:CD3A,CD:CD28,0x50,58,CE:EFD0,196,1,confirmed_normal_special_parse_impossible,False,invalid_bank82_special_range,True,True,False,C0:B924,True,False,0,,False,False,,False,True,CF:646D,0x00,15,8,120,240,128,True,CD:CD2C,58,CE:EFD0,199,CF:66BC
231,0xE7,0,CD:D526,CD:D6DA,1,0x01,CD:D554,CD:D56E,CD:D55C,0x50,58,CE:EFD0,196,1,confirmed_normal_special_parse_impossible,False,invalid_bank82_special_range,True,True,False,C0:B924,False,False,0,,False,False,,False,True,CF:646D,0x00,15,8,120,240,128,True,CD:D560,58,CE:EFD0,199,CF:66BC
232,0xE8,0,CD:D79C,CD:D7FC,1,0x01,CD:D7AF,CD:D7CE,CD:D7B7,0x50,58,CE:EFD0,197,1,confirmed_normal_special_parse_impossible,False,invalid_bank82_special_range,True,True,False,C0:B924,False,False,0,,False,False,,False,True,CF:65DA,0x00,8,7,56,128,112,True,CD:D7BB,58,CE:EFD0,200,CF:6829
233,0xE9,0,CD:D8DB,CD:DA15,1,0x01,CD:D8FA,CD:D941,CD:D900,0x50,31,CE:8F30,142,2,confirmed_normal_state0_safe_prefix,False,possible_bank82_special_opcode,False,True,True,C0:B924,False,False,0,,False,False,,False,True,CF:50F9,0x00,4,2,8,64,32,True,CD:D904,31,CE:8F30,143,CF:5116
234,0xEA,0,CD:DDE3,CD:DE1D,1,0x01,CD:DDEA,CD:DE14,CD:DDF2,0x50,38,CE:A308,154,2,confirmed_normal_special_parse_impossible,False,invalid_bank82_special_range,True,True,False,C0:B924,False,False,0,,False,False,,False,True,CF:54BF,0x00,2,2,4,32,32,True,CD:DDF6,38,CE:A308,155,CF:54D0
235,0xEB,0,CD:DEB5,CD:DF44,1,0x01,CD:DEC5,CD:DEDA,CD:DECD,0x50,46,CE:BEB8,170,2,confirmed_normal_special_parse_impossible,False,invalid_bank82_special_range,True,True,False,C0:B924,False,False,0,,False,False,,False,True,CF:597D,0x00,7,2,14,112,32,True,CD:DED1,46,CE:BEB8,171,CF:59AC
236,0xEC,0,CD:E11C,CD:E145,1,0x01,CD:E123,CD:E13A,CD:E12D,0x50,7,CE:44C0,7,2,confirmed_normal_state0_safe_prefix,False,possible_normal_low_opcode,False,True,True,C0:B924,True,False,0,,False,False,,False,True,CF:2D35,0x80,1,1,1,16,16,False,,,,,
236,0xEC,0,CD:E11C,CD:E145,1,0x01,CD:E123,CD:E13A,CD:E133,0x50,7,CE:44C0,51,2,confirmed_normal_state0_safe_prefix,False,possible_normal_low_opcode,False,True,True,C0:B924,True,False,0,,False,False,,False,True,CF:35F1,0x80,1,1,1,16,16,False,,,,,
237,0xED,1,CD:E320,CD:E348,144,0x90,CD:E327,CD:E33C,CD:E330,0x50,1,CE:2100,1,1,confirmed_normal_state0_a0_nested_entry,False,possible_normal_low_opcode,False,False,False,,False,True,1,0xED@CD:E28F,True,True,C0:B944,False,True,CF:2261,0x01,16,16,256,256,256,False,,,,,
237,0xED,2,CD:E348,CD:E50C,144,0x90,CD:E34F,CD:E369,CD:E353,0x50,20,CE:6950,117,1,confirmed_normal_state0_a0_nested_entry,False,possible_bank82_special_opcode,False,False,False,,False,True,1,0xED@CD:E29B,True,True,C0:B924,False,True,CF:478B,0x00,2,3,6,32,48,True,CD:E357,20,CE:6950,118,CF:47A2
237,0xED,14,CD:E6D2,CD:E74F,144,0x90,CD:E6DC,CD:E6F7,CD:E6E5,0x50,1,CE:2100,1,1,confirmed_normal_state0_a0_nested_entry,False,possible_normal_low_opcode,False,False,False,,False,True,1,0xED@CD:E2B3,True,True,C0:B944,False,True,CF:2261,0x01,16,16,256,256,256,False,,,,,
237,0xED,19,CD:E7C3,CD:E837,144,0x90,CD:E7CA,CD:E7E2,CD:E7CE,0x50,1,CE:2100,1,1,confirmed_normal_state0_a0_nested_entry,False,possible_normal_low_opcode,False,False,False,,False,True,2,0xED@CD:E2BF;0xED@CD:E2CB,True,True,C0:B944,False,True,CF:2261,0x01,16,16,256,256,256,False,,,,,
237,0xED,20,CD:E837,CD:E858,144,0x90,CD:E83E,CD:E850,CD:E844,0x50,51,CE:D078,180,2,confirmed_normal_special_parse_impossible,False,invalid_bank82_special_range,True,False,False,,False,True,1,0xED@CD:E2A7,True,False,"C0:B924,C0:B944",False,True,CF:5CBB,0x00,8,5,40,128,80,True,CD:E848,51,CE:D078,181,CF:5D38
238,0xEE,1,CD:E97E,CD:E9F6,108,0x6C,CD:E98B,CD:E995,CD:E98F,0x50,60,CE:FB00,203,1,confirmed_normal_special_parse_impossible,False,invalid_bank82_special_range,True,False,False,,False,True,1,0xEE@CD:E8FB,True,False,C0:B944,False,True,CF:68F8,0x00,1,8,8,16,128,False,,,,,
238,0xEE,4,CD:EAD7,CD:EB19,108,0x6C,CD:EAE1,CD:EAFC,CD:EAEE,0x50,1,CE:2100,2,1,confirmed_normal_state0_a0_nested_entry,False,possible_normal_low_opcode,False,False,False,,False,True,1,0xEE@CD:E913,True,True,C0:B944,False,True,CF:2566,0x01,16,16,256,256,256,False,,,,,
238,0xEE,5,CD:EB19,CD:EB58,108,0x6C,CD:EB23,CD:EB3A,CD:EB29,0x50,1,CE:2100,2,1,confirmed_normal_state0_a0_nested_entry,False,possible_normal_low_opcode,False,False,False,,False,True,1,0xEE@CD:E91F,True,True,C0:B944,False,True,CF:2566,0x01,16,16,256,256,256,False,,,,,
238,0xEE,6,CD:EB58,CD:EBD9,108,0x6C,CD:EB68,CD:EB83,CD:EB75,0x50,1,CE:2100,2,1,confirmed_normal_state0_a0_nested_entry,False,possible_normal_low_opcode,False,False,False,,False,True,1,0xEE@CD:E92B,True,True,C0:B944,False,True,CF:2566,0x01,16,16,256,256,256,False,,,,,
238,0xEE,8,CD:EBF4,CD:ED3C,108,0x6C,CD:EC07,CD:EC2A,CD:EC1B,0x50,4,CE:2800,91,1,confirmed_normal_state0_a0_nested_entry,False,possible_bank82_special_opcode,False,False,False,,False,True,1,0xEE@CD:E937,True,True,C0:B944,True,True,CF:3CA4,0x80,2,2,4,32,32,False,,,,,
239,0xEF,0,CD:EEBC,CD:EF8E,1,0x01,CD:EEE7,CD:EF40,CD:EF0A,0x50,1,CE:2100,1,1,confirmed_normal_state0_safe_prefix,False,possible_normal_low_opcode,False,True,True,,True,False,0,,False,False,,False,True,CF:2261,0x01,16,16,256,256,256,False,,,,,
239,0xEF,0,CD:EEBC,CD:EF8E,1,0x01,CD:EEE7,CD:EF40,CD:EF1C,0x50,1,CE:2100,2,1,confirmed_normal_state0_safe_prefix,False,possible_normal_low_opcode,False,True,True,,True,False,0,,False,False,,False,True,CF:2566,0x01,16,16,256,256,256,False,,,,,
240,0xF0,0,CD:F625,CD:F6D4,1,0x01,CD:F644,CD:F692,CD:F662,0x50,6,CE:3A50,37,2,confirmed_normal_state0_safe_prefix,False,possible_normal_low_opcode,False,True,True,,True,False,0,,False,False,,False,True,CF:3116,0x80,5,5,25,80,80,False,,,,,
240,0xF0,1,CD:F6D4,CD:F6F3,108,0x6C,CD:F6D8,CD:F6F3,CD:F6E1,0x50,1,CE:2100,1,1,confirmed_normal_state0_a0_nested_entry,False,possible_normal_low_opcode,False,False,False,,False,True,1,0xF0@CD:F68B,True,True,C0:B944,False,True,CF:2261,0x01,16,16,256,256,256,False,,,,,
240,0xF0,2,CD:F6F3,CD:F70C,108,0x6C,CD:F6F7,CD:F70C,CD:F6FF,0x50,4,CE:2800,8,2,confirmed_normal_state0_a0_nested_entry,False,possible_normal_low_opcode,False,False,False,,False,True,1,0xF0@CD:F677,True,True,C0:B944,False,True,CF:2D40,0x80,5,5,25,80,80,False,,,,,
240,0xF0,3,CD:F70C,CD:F725,108,0x6C,CD:F710,CD:F725,CD:F719,0x50,1,CE:2100,2,1,confirmed_normal_state0_a0_nested_entry,False,possible_normal_low_opcode,False,False,False,,False,True,1,0xF0@CD:F64C,True,True,C0:B944,False,True,CF:2566,0x01,16,16,256,256,256,False,,,,,
240,0xF0,16,CD:F8BC,CD:F944,108,0x6C,CD:F8C9,CD:F8E3,CD:F8CF,0x50,55,CE:E818,192,2,confirmed_normal_special_parse_impossible,False,invalid_bank82_special_range,True,False,False,,False,True,1,0xF0@CD:F683,True,False,"C0:B924,C0:B944",False,True,CF:6327,0x00,7,5,35,112,80,True,CD:F8D3,55,CE:E818,193,CF:6395
241,0xF1,2,CD:FA65,CD:FAB6,108,0x6C,CD:FA72,CD:FA8E,CD:FA80,0x50,1,CE:2100,1,1,confirmed_normal_state0_a0_nested_entry,False,possible_normal_low_opcode,False,False,False,,False,True,1,0xF1@CD:F9CE,True,True,C0:B944,False,True,CF:2261,0x01,16,16,256,256,256,False,,,,,
241,0xF1,3,CD:FAB6,CD:FB26,108,0x6C,CD:FAC3,CD:FAD3,CD:FAC9,0x50,26,CE:8250,131,1,confirmed_normal_state0_a0_nested_entry,False,possible_bank82_special_opcode,False,False,False,,False,True,1,0xF1@CD:F9DA,True,True,C0:B924,False,True,CF:4E8B,0x00,13,3,39,208,48,False,,,,,
241,0xF1,4,CD:FB26,CD:FBB1,108,0x6C,CD:FB36,CD:FB4F,CD:FB40,0x50,4,CE:2800,8,2,confirmed_normal_state0_a0_nested_entry,False,possible_normal_low_opcode,False,False,False,,False,True,1,0xF1@CD:F9E6,True,True,C0:B944,False,True,CF:2D40,0x80,5,5,25,80,80,False,,,,,
241,0xF1,5,CD:FBB1,CD:FC16,108,0x6C,CD:FBBE,CD:FBDA,CD:FBCB,0x50,2,CE:2400,3,1,confirmed_normal_state0_a0_nested_entry,False,possible_normal_low_opcode,False,False,False,,False,True,1,0xF1@CD:F9F2,True,True,C0:B944,False,True,CF:286B,0x01,8,8,64,128,128,False,,,,,
241,0xF1,6,CD:FC16,CD:FC40,108,0x6C,CD:FC20,CD:FC27,CD:FC22,0x50,7,CE:44C0,7,2,confirmed_normal_state0_a0_nested_entry,False,possible_normal_low_opcode,False,False,False,,False,True,1,0xF1@CD:F9FE,True,True,,False,True,CF:2D35,0x80,1,1,1,16,16,False,,,,,
243,0xF3,0,CE:027C,CE:02A7,1,0x01,CE:0283,CE:029C,CE:028D,0x50,4,CE:2800,70,2,confirmed_normal_state0_safe_prefix,False,possible_normal_low_opcode,False,True,True,C0:B944,False,False,0,,False,False,,False,True,CF:398C,0x80,4,4,16,64,64,False,,,,,
244,0xF4,0,CE:041E,CE:0449,1,0x01,CE:0425,CE:043E,CE:042F,0x50,6,CE:3A50,21,2,confirmed_normal_state0_safe_prefix,False,possible_normal_low_opcode,False,True,True,C0:B944,False,False,0,,False,False,,False,True,CF:2EF2,0x80,3,3,9,48,48,False,,,,,
245,0xF5,0,CE:05A4,CE:07B8,1,0x01,CE:05DB,CE:05F0,CE:05E3,0x50,50,CE:C940,178,1,confirmed_normal_special_parse_impossible,False,invalid_bank82_special_range,True,True,False,C0:B944,False,False,0,,False,False,,False,True,CF:5B6D,0x00,9,6,54,144,96,True,CE:05E7,50,CE:C940,179,CF:5C14
246,0xF6,0,CE:0BA6,CE:0BF8,1,0x01,CE:0BB3,CE:0BE3,CE:0BC3,0x50,7,CE:44C0,72,2,confirmed_setup_signature,True,possible_normal_low_opcode,False,True,False,"C0:B924,C0:B944",True,False,0,,False,False,,False,True,CF:39FC,0x80,2,2,4,32,32,False,,,,,
246,0xF6,0,CE:0BA6,CE:0BF8,1,0x01,CE:0BB3,CE:0BE3,CE:0BD6,0x50,4,CE:2800,74,2,confirmed_normal_state0_safe_prefix,False,possible_normal_low_opcode,False,True,True,"C0:B924,C0:B944",True,False,0,,False,False,,False,True,CF:3A54,0x80,3,3,9,48,48,False,,,,,
247,0xF7,1,CE:0D82,CE:0DA1,108,0x6C,CE:0D89,CE:0D9B,CE:0D8F,0x50,7,CE:44C0,26,2,confirmed_setup_signature,True,possible_normal_low_opcode,False,False,False,,False,True,1,0xF7@CE:0CE2,True,False,C0:B924,False,True,CF:2F59,0x80,1,1,1,16,16,False,,,,,
247,0xF7,6,CE:0DE5,CE:0E04,108,0x6C,CE:0DEC,CE:0DFE,CE:0DF2,0x50,7,CE:44C0,22,2,confirmed_setup_signature,True,possible_normal_low_opcode,False,False,False,,False,True,1,0xF7@CE:0CED,True,False,C0:B924,False,True,CF:2F2D,0x80,1,1,1,16,16,False,,,,,
247,0xF7,11,CE:0E48,CE:0E79,108,0x6C,CE:0E55,CE:0E69,CE:0E5D,0x50,7,CE:44C0,24,2,confirmed_setup_signature,True,possible_normal_low_opcode,False,False,False,,False,True,1,0xF7@CE:0CF8,True,False,C0:B924,False,True,CF:2F43,0x80,1,1,1,16,16,False,,,,,
247,0xF7,12,CE:0E79,CE:0EA8,108,0x6C,CE:0E86,CE:0E98,CE:0E8C,0x50,7,CE:44C0,27,2,confirmed_setup_signature,True,possible_normal_low_opcode,False,False,False,,False,True,1,0xF7@CE:0D03,True,False,C0:B924,False,True,CF:2F64,0x80,1,1,1,16,16,False,,,,,
247,0xF7,13,CE:0EA8,CE:0EC7,108,0x6C,CE:0EAF,CE:0EC1,CE:0EB5,0x50,7,CE:44C0,23,2,confirmed_setup_signature,True,possible_normal_low_opcode,False,False,False,,False,True,1,0xF7@CE:0D0E,True,False,C0:B924,False,True,CF:2F38,0x80,1,1,1,16,16,False,,,,,
247,0xF7,16,CE:0EE9,CE:0F18,108,0x6C,CE:0EF6,CE:0F08,CE:0EFC,0x50,7,CE:44C0,25,2,confirmed_setup_signature,True,possible_normal_low_opcode,False,False,False,,False,True,1,0xF7@CE:0D19,True,False,C0:B924,False,True,CF:2F4E,0x80,1,1,1,16,16,False,,,,,
247,0xF7,17,CE:0F18,CE:0F47,108,0x6C,CE:0F25,CE:0F37,CE:0F2B,0x50,7,CE:44C0,15,2,confirmed_setup_signature_and_special_parse_impossible,True,invalid_normal_brk,True,False,False,,False,True,1,0xF7@CE:0D24,True,False,C0:B924,False,True,CF:2E1D,0x80,2,1,2,32,16,False,,,,,
247,0xF7,18,CE:0F47,CE:0F76,108,0x6C,CE:0F54,CE:0F66,CE:0F5A,0x50,7,CE:44C0,11,2,confirmed_setup_signature,True,possible_normal_low_opcode,False,False,False,,False,True,1,0xF7@CE:0D2F,True,False,C0:B924,False,True,CF:2DF1,0x80,1,1,1,16,16,False,,,,,
247,0xF7,19,CE:0F76,CE:0F98,108,0x6C,CE:0F7D,CE:0F92,CE:0F83,0x50,7,CE:44C0,16,2,confirmed_setup_signature,True,possible_normal_low_opcode,False,False,False,,False,True,1,0xF7@CE:0D3A,True,False,C0:B924,False,True,CF:2E2E,0x80,2,2,4,32,32,False,,,,,
247,0xF7,23,CE:0FCB,CE:0FEA,108,0x6C,CE:0FD2,CE:0FE4,CE:0FD8,0x50,7,CE:44C0,12,2,confirmed_setup_signature_and_special_parse_impossible,True,invalid_normal_brk,True,False,False,,False,True,1,0xF7@CE:0D45,True,False,C0:B924,False,True,CF:2DFC,0x80,1,1,1,16,16,False,,,,,
247,0xF7,24,CE:0FEA,CE:1019,108,0x6C,CE:0FF7,CE:1009,CE:0FFD,0x50,7,CE:44C0,14,2,confirmed_setup_signature_and_special_parse_impossible,True,invalid_normal_brk,True,False,False,,False,True,1,0xF7@CE:0D50,True,False,C0:B924,False,True,CF:2E12,0x80,1,1,1,16,16,False,,,,,
247,0xF7,25,CE:1019,CE:1048,108,0x6C,CE:1026,CE:1038,CE:102C,0x50,7,CE:44C0,65,2,confirmed_setup_signature,True,possible_normal_low_opcode,False,False,False,,False,True,1,0xF7@CE:0D5B,True,False,C0:B924,False,True,CF:3955,0x80,1,1,1,16,16,False,,,,,
247,0xF7,26,CE:1048,CE:1077,108,0x6C,CE:1055,CE:1067,CE:105B,0x50,7,CE:44C0,13,2,confirmed_setup_signature_and_special_parse_impossible,True,invalid_normal_brk,True,False,False,,False,True,1,0xF7@CE:0D66,True,False,C0:B924,False,True,CF:2E07,0x80,1,1,1,16,16,False,,,,,
247,0xF7,28,CE:1088,CE:10B7,108,0x6C,CE:1095,CE:10A2,CE:109B,0x50,7,CE:44C0,47,2,confirmed_setup_signature,True,possible_normal_low_opcode,False,False,False,,False,True,1,0xF7@CE:0D71,True,False,C0:B924,False,True,CF:35AD,0x80,1,1,1,16,16,False,,,,,
247,0xF7,29,CE:10B7,CE:10D6,108,0x6C,CE:10BE,CE:10CB,CE:10C4,0x50,7,CE:44C0,10,2,confirmed_setup_signature,True,possible_normal_low_opcode,False,False,False,,False,True,1,0xF7@CE:0D7C,True,False,C0:B924,False,True,CF:2DE6,0x80,1,1,1,16,16,False,,,,,
248,0xF8,0,CE:1124,CE:1157,1,0x01,CE:1131,CE:1145,CE:1139,0x50,7,CE:44C0,63,2,confirmed_setup_signature,True,possible_normal_low_opcode,False,True,False,C0:B924,False,False,0,,False,False,,False,True,CF:392D,0x80,1,1,1,16,16,False,,,,,
249,0xF9,0,CE:11DD,CE:1216,1,0x01,CE:11EA,CE:11FC,CE:11F2,0x50,7,CE:44C0,9,2,confirmed_setup_signature,True,possible_normal_low_opcode,False,True,False,C0:B924,False,False,0,,False,False,,False,True,CF:2DDB,0x80,1,1,1,16,16,False,,,,,
