pack_id_dec,pack_id_hex,record_index,record_start,record_end_exclusive,entry_id_dec,entry_id_hex,substream_start,substream_end_exclusive,command_addr,opcode,secondary_tileset_id,secondary_tileset_ptr,secondary_layout_id,secondary_layout_ptr,evidence_class
24,0x18,40,CB:32BF,CB:3327,178,0xB2,CB:32DF,CB:3327,CB:32FD,0x51,2,CE:2400,29,CF:2F8C,mode_ambiguous_secondary_shape
24,0x18,96,CB:3CD7,CB:3CF0,178,0xB2,CB:3CE2,CB:3CF0,CB:3CE7,0x51,2,CE:2400,164,CF:5821,mode_ambiguous_secondary_shape
24,0x18,123,CB:45AD,CB:45CB,161,0xA1,CB:45C0,CB:45CB,CB:45C4,0x51,1,CE:2100,164,CF:5821,mode_ambiguous_secondary_shape
24,0x18,131,CB:47C2,CB:484B,124,0x7C,CB:4838,CB:484B,CB:4842,0x51,2,CE:2400,164,CF:5821,mode_ambiguous_secondary_shape
24,0x18,145,CB:4C49,CB:4CB0,178,0xB2,CB:4C6A,CB:4CB0,CB:4C82,0x51,2,CE:2400,164,CF:5821,mode_ambiguous_secondary_shape
24,0x18,152,CB:4DE2,CB:4E4D,178,0xB2,CB:4DFA,CB:4E4D,CB:4E04,0x51,2,CE:2400,164,CF:5821,mode_ambiguous_secondary_shape
24,0x18,165,CB:51AC,CB:5295,178,0xB2,CB:51B8,CB:5295,CB:51F1,0x51,2,CE:2400,81,CF:3AFB,mode_ambiguous_secondary_shape
24,0x18,165,CB:51AC,CB:5295,178,0xB2,CB:51B8,CB:5295,CB:51F3,0x51,4,CE:2800,27,CF:2F64,mode_ambiguous_secondary_shape
24,0x18,191,CB:57B0,CB:57CA,178,0xB2,CB:57BC,CB:57CA,CB:57C1,0x51,2,CE:2400,164,CF:5821,mode_ambiguous_secondary_shape
24,0x18,223,CB:613A,CB:6291,194,0xC2,CB:6200,CB:6221,CB:6217,0x51,2,CE:2400,164,CF:5821,mode_ambiguous_secondary_shape
24,0x18,224,CB:6291,CB:635B,178,0xB2,CB:62CF,CB:634F,CB:62E3,0x51,2,CE:2400,27,CF:2F64,mode_ambiguous_secondary_shape
24,0x18,224,CB:6291,CB:635B,124,0x7C,CB:634F,CB:635B,CB:6355,0x51,2,CE:2400,29,CF:2F8C,mode_ambiguous_secondary_shape
24,0x18,239,CB:68FE,CB:6978,161,0xA1,CB:6958,CB:6973,CB:695A,0x51,2,CE:2400,164,CF:5821,mode_ambiguous_secondary_shape
25,0x19,0,CB:6C7F,CB:6CE6,176,0xB0,CB:6CBB,CB:6CE6,CB:6CE0,0x51,2,CE:2400,164,CF:5821,mode_ambiguous_secondary_shape
25,0x19,8,CB:6FC8,CB:7042,168,0xA8,CB:6FCF,CB:7037,CB:6FE6,0x51,2,CE:2400,164,CF:5821,mode_ambiguous_secondary_shape
25,0x19,49,CB:77F0,CB:7829,168,0xA8,CB:77F4,CB:7829,CB:780F,0x51,2,CE:2400,97,CF:3E12,mode_ambiguous_secondary_shape
25,0x19,74,CB:7CDC,CB:7D18,167,0xA7,CB:7CE0,CB:7D18,CB:7CFF,0x51,4,CE:2800,164,CF:5821,mode_ambiguous_secondary_shape
25,0x19,81,CB:7E14,CB:7E33,169,0xA9,CB:7E18,CB:7E33,CB:7E26,0x51,2,CE:2400,26,CF:2F59,mode_ambiguous_secondary_shape
26,0x1A,0,CB:8341,CB:8602,199,0xC7,CB:85AD,CB:85F8,CB:85C7,0x51,2,CE:2400,164,CF:5821,mode_ambiguous_secondary_shape
26,0x1A,22,CB:90B1,CB:9164,178,0xB2,CB:90C2,CB:90F7,CB:90C3,0x51,24,CE:7DB8,180,CF:5CBB,mode_ambiguous_secondary_shape
26,0x1A,22,CB:90B1,CB:9164,178,0xB2,CB:90C2,CB:90F7,CB:90E5,0x51,24,CE:7DB8,193,CF:6395,mode_ambiguous_secondary_shape
26,0x1A,22,CB:90B1,CB:9164,178,0xB2,CB:90C2,CB:90F7,CB:90EE,0x51,24,CE:7DB8,192,CF:6327,mode_ambiguous_secondary_shape
26,0x1A,23,CB:9164,CB:92F2,183,0xB7,CB:92C9,CB:92F2,CB:92E9,0x51,2,CE:2400,164,CF:5821,mode_ambiguous_secondary_shape
26,0x1A,24,CB:92F2,CB:9431,182,0xB6,CB:940C,CB:9431,CB:9427,0x51,2,CE:2400,164,CF:5821,mode_ambiguous_secondary_shape
26,0x1A,29,CB:9741,CB:97B6,167,0xA7,CB:9754,CB:97B6,CB:97AC,0x51,2,CE:2400,11,CF:2DF1,mode_ambiguous_secondary_shape
26,0x1A,30,CB:97B6,CB:9AE6,2,0x02,CB:990A,CB:9961,CB:9955,0x51,2,CE:2400,29,CF:2F8C,mode_ambiguous_secondary_shape
26,0x1A,30,CB:97B6,CB:9AE6,3,0x03,CB:9961,CB:9980,CB:9971,0x51,2,CE:2400,80,CF:3AF0,mode_ambiguous_secondary_shape
26,0x1A,30,CB:97B6,CB:9AE6,4,0x04,CB:9980,CB:9990,CB:9986,0x51,2,CE:2400,164,CF:5821,mode_ambiguous_secondary_shape
26,0x1A,30,CB:97B6,CB:9AE6,9,0x09,CB:9A31,CB:9A4C,CB:9A42,0x51,2,CE:2400,164,CF:5821,mode_ambiguous_secondary_shape
26,0x1A,30,CB:97B6,CB:9AE6,10,0x0A,CB:9A4C,CB:9A6C,CB:9A56,0x51,2,CE:2400,57,CF:3651,mode_ambiguous_secondary_shape
26,0x1A,32,CB:9DD0,CB:A2EF,40,0x28,CB:A059,CB:A06F,CB:A063,0x51,2,CE:2400,26,CF:2F59,mode_ambiguous_secondary_shape
26,0x1A,32,CB:9DD0,CB:A2EF,9,0x09,CB:A09F,CB:A0B5,CB:A0A1,0x51,2,CE:2400,164,CF:5821,mode_ambiguous_secondary_shape
26,0x1A,32,CB:9DD0,CB:A2EF,14,0x0E,CB:A108,CB:A131,CB:A119,0x51,2,CE:2400,26,CF:2F59,mode_ambiguous_secondary_shape
26,0x1A,32,CB:9DD0,CB:A2EF,17,0x11,CB:A155,CB:A160,CB:A157,0x51,2,CE:2400,164,CF:5821,mode_ambiguous_secondary_shape
26,0x1A,32,CB:9DD0,CB:A2EF,18,0x12,CB:A160,CB:A176,CB:A16D,0x51,4,CE:2800,164,CF:5821,mode_ambiguous_secondary_shape
26,0x1A,32,CB:9DD0,CB:A2EF,20,0x14,CB:A190,CB:A1FF,CB:A1A4,0x51,2,CE:2400,29,CF:2F8C,mode_ambiguous_secondary_shape
26,0x1A,32,CB:9DD0,CB:A2EF,20,0x14,CB:A190,CB:A1FF,CB:A1C6,0x51,2,CE:2400,29,CF:2F8C,mode_ambiguous_secondary_shape
26,0x1A,32,CB:9DD0,CB:A2EF,21,0x15,CB:A1FF,CB:A264,CB:A207,0x51,2,CE:2400,26,CF:2F59,mode_ambiguous_secondary_shape
26,0x1A,32,CB:9DD0,CB:A2EF,24,0x18,CB:A291,CB:A2BF,CB:A2A3,0x51,2,CE:2400,80,CF:3AF0,mode_ambiguous_secondary_shape
26,0x1A,32,CB:9DD0,CB:A2EF,25,0x19,CB:A2BF,CB:A2EF,CB:A2D2,0x51,2,CE:2400,164,CF:5821,mode_ambiguous_secondary_shape
28,0x1C,5,CB:ADD3,CB:AE70,124,0x7C,CB:ADD7,CB:AE70,CB:AE6B,0x51,1,CE:2100,164,CF:5821,mode_ambiguous_secondary_shape
28,0x1C,8,CB:B131,CB:B1C5,178,0xB2,CB:B141,CB:B163,CB:B151,0x51,2,CE:2400,81,CF:3AFB,mode_ambiguous_secondary_shape
28,0x1C,8,CB:B131,CB:B1C5,178,0xB2,CB:B141,CB:B163,CB:B153,0x51,4,CE:2800,164,CF:5821,mode_ambiguous_secondary_shape
28,0x1C,8,CB:B131,CB:B1C5,179,0xB3,CB:B163,CB:B17C,CB:B173,0x51,2,CE:2400,164,CF:5821,mode_ambiguous_secondary_shape
29,0x1D,14,CB:C037,CB:C0C0,124,0x7C,CB:C03B,CB:C0C0,CB:C068,0x51,23,CE:7A68,7,CF:2D35,mode_ambiguous_secondary_shape
56,0x38,0,CB:E5E6,CB:E662,1,0x01,CB:E5F6,CB:E606,CB:E600,0x51,54,CE:E4B0,191,CF:62B9,confirmed_normal_immediate_secondary_pair
57,0x39,0,CB:E6EC,CB:E768,1,0x01,CB:E6FC,CB:E70C,CB:E706,0x51,54,CE:E4B0,191,CF:62B9,confirmed_normal_immediate_secondary_pair
58,0x3A,0,CB:E7B4,CB:E830,1,0x01,CB:E7C4,CB:E7D4,CB:E7CE,0x51,54,CE:E4B0,191,CF:62B9,confirmed_normal_immediate_secondary_pair
59,0x3B,0,CB:E876,CB:E8F2,1,0x01,CB:E886,CB:E896,CB:E890,0x51,54,CE:E4B0,191,CF:62B9,confirmed_normal_immediate_secondary_pair
60,0x3C,0,CB:E91B,CB:E9B1,1,0x01,CB:E92E,CB:E93E,CB:E938,0x51,54,CE:E4B0,191,CF:62B9,confirmed_normal_immediate_secondary_pair
66,0x42,1,CB:F4B7,CB:F51A,124,0x7C,CB:F4C5,CB:F51A,CB:F505,0x51,2,CE:2400,80,CF:3AF0,mode_ambiguous_secondary_shape
80,0x50,1,CC:1C76,CC:1C83,119,0x77,CC:1C7A,CC:1C83,CC:1C80,0x51,2,CE:2400,176,CF:5AA3,mode_ambiguous_secondary_shape
83,0x53,0,CC:23A3,CC:253B,1,0x01,CC:23CE,CC:23E3,CC:23DD,0x51,8,CE:50B0,95,CF:3DC6,strong_immediate_secondary_pair_mode_gate_unresolved
85,0x55,0,CC:2823,CC:2894,1,0x01,CC:2839,CC:285E,CC:2843,0x51,27,CE:8748,133,CF:4F16,strong_immediate_secondary_pair_mode_gate_unresolved
87,0x57,0,CC:296B,CC:29F9,1,0x01,CC:2978,CC:299D,CC:2982,0x51,27,CE:8748,135,CF:4F38,strong_immediate_secondary_pair_mode_gate_unresolved
101,0x65,2,CC:45C6,CC:45D3,119,0x77,CC:45CA,CC:45D3,CC:45D0,0x51,2,CE:2400,176,CF:5AA3,mode_ambiguous_secondary_shape
103,0x67,2,CC:4D55,CC:4D62,119,0x77,CC:4D59,CC:4D62,CC:4D5F,0x51,2,CE:2400,176,CF:5AA3,mode_ambiguous_secondary_shape
106,0x6A,7,CC:550A,CC:5517,119,0x77,CC:550E,CC:5517,CC:5514,0x51,2,CE:2400,176,CF:5AA3,mode_ambiguous_secondary_shape
107,0x6B,10,CC:5B2D,CC:5B3A,119,0x77,CC:5B31,CC:5B3A,CC:5B37,0x51,2,CE:2400,176,CF:5AA3,mode_ambiguous_secondary_shape
112,0x70,33,CC:6F94,CC:6FA1,119,0x77,CC:6F98,CC:6FA1,CC:6F9E,0x51,2,CE:2400,176,CF:5AA3,mode_ambiguous_secondary_shape
116,0x74,0,CC:7857,CC:79F2,1,0x01,CC:787C,CC:78AC,CC:7899,0x51,33,CE:9700,147,CF:5352,strong_immediate_secondary_pair_mode_gate_unresolved
117,0x75,0,CC:7D01,CC:7F13,1,0x01,CC:7D38,CC:7D4D,CC:7D44,0x51,50,CE:C940,179,CF:5C14,confirmed_normal_immediate_secondary_pair
117,0x75,53,CC:8924,CC:89C1,124,0x7C,CC:8928,CC:89C1,CC:893F,0x51,8,CE:50B0,41,CF:3352,mode_ambiguous_secondary_shape
118,0x76,0,CC:8AA2,CC:8BBB,1,0x01,CC:8AC1,CC:8AD6,CC:8ACD,0x51,50,CE:C940,179,CF:5C14,confirmed_normal_immediate_secondary_pair
119,0x77,0,CC:9193,CC:91DC,1,0x01,CC:91A0,CC:91C1,CC:91AE,0x51,28,CE:8828,137,CF:4F7E,strong_immediate_secondary_pair_mode_gate_unresolved
120,0x78,0,CC:923F,CC:9298,1,0x01,CC:9249,CC:926D,CC:925F,0x51,46,CE:BEB8,171,CF:59AC,confirmed_normal_immediate_secondary_pair
121,0x79,0,CC:9433,CC:94FF,1,0x01,CC:944C,CC:945E,CC:9458,0x51,46,CE:BEB8,171,CF:59AC,confirmed_normal_immediate_secondary_pair
124,0x7C,0,CC:9909,CC:99E5,12,0x0C,CC:99BF,CC:99C8,CC:99C0,0x51,41,CE:AD30,81,CF:3AFB,mode_ambiguous_secondary_shape
124,0x7C,0,CC:9909,CC:99E5,12,0x0C,CC:99BF,CC:99C8,CC:99C2,0x51,41,CE:AD30,116,CF:4774,mode_ambiguous_secondary_shape
124,0x7C,11,CC:9A67,CC:9A74,119,0x77,CC:9A6B,CC:9A74,CC:9A6C,0x51,41,CE:AD30,179,CF:5C14,mode_ambiguous_secondary_shape
125,0x7D,0,CC:9C7C,CC:9EF6,1,0x01,CC:9CBF,CC:9CD4,CC:9CC9,0x51,40,CE:A9B8,160,CF:56AB,confirmed_normal_immediate_secondary_pair
126,0x7E,0,CC:A197,CC:A419,1,0x01,CC:A1D7,CC:A209,CC:A1FA,0x51,40,CE:A9B8,158,CF:55C9,confirmed_normal_immediate_secondary_pair
126,0x7E,10,CC:A498,CC:A4A7,119,0x77,CC:A49C,CC:A4A7,CC:A49F,0x51,25,CE:80C0,179,CF:5C14,mode_ambiguous_secondary_shape
127,0x7F,0,CC:A64D,CC:A690,1,0x01,CC:A65A,CC:A671,CC:A662,0x51,40,CE:A9B8,158,CF:55C9,confirmed_normal_immediate_secondary_pair
134,0x86,0,CC:BDE8,CC:BE2D,1,0x01,CC:BDF2,CC:BE17,CC:BE06,0x51,43,CE:B6A8,166,CF:58CD,confirmed_normal_immediate_secondary_pair
136,0x88,0,CC:C0C0,CC:C208,1,0x01,CC:C0E8,CC:C0FD,CC:C0F2,0x51,45,CE:BCD8,169,CF:5954,confirmed_normal_immediate_secondary_pair
137,0x89,0,CC:C45E,CC:C567,1,0x01,CC:C47D,CC:C492,CC:C487,0x51,45,CE:BCD8,169,CF:5954,confirmed_normal_immediate_secondary_pair
138,0x8A,0,CC:C640,CC:C688,1,0x01,CC:C64D,CC:C66D,CC:C657,0x51,57,CE:EF88,195,CF:6438,confirmed_normal_immediate_secondary_pair
143,0x8F,0,CC:CE34,CC:CE70,1,0x01,CC:CE3E,CC:CE5A,CC:CE4A,0x51,53,CE:DD98,187,CF:6164,confirmed_normal_immediate_secondary_pair
144,0x90,0,CC:D151,CC:D18F,1,0x01,CC:D15E,CC:D174,CC:D16A,0x51,2,CE:2400,82,CF:3B36,mode_ambiguous_secondary_shape
145,0x91,0,CC:D228,CC:D305,1,0x01,CC:D23E,CC:D265,CC:D252,0x51,8,CE:50B0,93,CF:3D32,strong_immediate_secondary_pair_mode_gate_unresolved
146,0x92,0,CC:D420,CC:D4AC,1,0x01,CC:D439,CC:D469,CC:D44D,0x51,8,CE:50B0,93,CF:3D32,strong_immediate_secondary_pair_mode_gate_unresolved
147,0x93,0,CC:D622,CC:D6E6,1,0x01,CC:D638,CC:D65F,CC:D64C,0x51,8,CE:50B0,93,CF:3D32,strong_immediate_secondary_pair_mode_gate_unresolved
148,0x94,0,CC:D7BB,CC:D8EB,1,0x01,CC:D7DA,CC:D801,CC:D7EE,0x51,8,CE:50B0,93,CF:3D32,strong_immediate_secondary_pair_mode_gate_unresolved
149,0x95,0,CC:D99C,CC:DA04,1,0x01,CC:D9AC,CC:D9E4,CC:D9CC,0x51,8,CE:50B0,93,CF:3D32,strong_immediate_secondary_pair_mode_gate_unresolved
150,0x96,0,CC:DBCB,CC:DC5C,1,0x01,CC:DBDB,CC:DBF2,CC:DBE7,0x51,10,CE:56D8,100,CF:3FC5,strong_immediate_secondary_pair_mode_gate_unresolved
151,0x97,0,CC:DCDB,CC:DDB4,1,0x01,CC:DCF1,CC:DD08,CC:DCFD,0x51,10,CE:56D8,99,CF:3F00,strong_immediate_secondary_pair_mode_gate_unresolved
152,0x98,0,CC:DF4C,CC:E0A8,1,0x01,CC:DF71,CC:DF88,CC:DF7D,0x51,10,CE:56D8,99,CF:3F00,strong_immediate_secondary_pair_mode_gate_unresolved
153,0x99,0,CC:E190,CC:E320,1,0x01,CC:E1B2,CC:E1E2,CC:E1C8,0x51,21,CE:6B10,120,CF:4806,strong_immediate_secondary_pair_mode_gate_unresolved
154,0x9A,0,CC:E759,CC:E979,1,0x01,CC:E790,CC:E7B5,CC:E79C,0x51,22,CE:7310,122,CF:4948,strong_immediate_secondary_pair_mode_gate_unresolved
155,0x9B,0,CC:EF3B,CC:F0A8,1,0x01,CC:EF57,CC:EF7C,CC:EF63,0x51,22,CE:7310,122,CF:4948,strong_immediate_secondary_pair_mode_gate_unresolved
156,0x9C,0,CC:F913,CC:F9BC,1,0x01,CC:F91D,CC:F942,CC:F929,0x51,22,CE:7310,122,CF:4948,strong_immediate_secondary_pair_mode_gate_unresolved
157,0x9D,0,CC:FB47,CC:FC5D,1,0x01,CC:FB5D,CC:FBA1,CC:FB98,0x51,42,CE:B198,164,CF:5821,mode_ambiguous_secondary_shape
157,0x9D,4,CC:FCB9,CC:FE61,122,0x7A,CC:FCCC,CC:FCD7,CC:FCD3,0x51,2,CE:2400,16,CF:2E2E,mode_ambiguous_secondary_shape
157,0x9D,4,CC:FCB9,CC:FE61,109,0x6D,CC:FD57,CC:FD76,CC:FD66,0x51,16,CE:6460,81,CF:3AFB,mode_ambiguous_secondary_shape
157,0x9D,4,CC:FCB9,CC:FE61,109,0x6D,CC:FD57,CC:FD76,CC:FD68,0x51,4,CE:2800,16,CF:2E2E,mode_ambiguous_secondary_shape
157,0x9D,6,CC:FE83,CC:FEA5,108,0x6C,CC:FE8A,CC:FE98,CC:FE8F,0x51,16,CE:6460,77,CF:3AB7,mode_ambiguous_secondary_shape
159,0x9F,0,CD:01FF,CD:0258,1,0x01,CD:020C,CD:022A,CD:021A,0x51,24,CE:7DB8,126,CF:4BEA,strong_immediate_secondary_pair_mode_gate_unresolved
160,0xA0,0,CD:05E6,CD:0643,1,0x01,CD:05F3,CD:0611,CD:0601,0x51,24,CE:7DB8,126,CF:4BEA,strong_immediate_secondary_pair_mode_gate_unresolved
161,0xA1,0,CD:06CD,CD:074D,1,0x01,CD:06DA,CD:070F,CD:06E8,0x51,24,CE:7DB8,126,CF:4BEA,strong_immediate_secondary_pair_mode_gate_unresolved
162,0xA2,0,CD:0B78,CD:0BD1,1,0x01,CD:0B85,CD:0BA3,CD:0B93,0x51,24,CE:7DB8,126,CF:4BEA,strong_immediate_secondary_pair_mode_gate_unresolved
163,0xA3,0,CD:0D49,CD:0DB1,1,0x01,CD:0D56,CD:0D75,CD:0D64,0x51,24,CE:7DB8,126,CF:4BEA,strong_immediate_secondary_pair_mode_gate_unresolved
164,0xA4,0,CD:0FFD,CD:109F,1,0x01,CD:100D,CD:102B,CD:101B,0x51,24,CE:7DB8,128,CF:4D26,strong_immediate_secondary_pair_mode_gate_unresolved
165,0xA5,0,CD:149E,CD:14F7,1,0x01,CD:14AB,CD:14C9,CD:14B9,0x51,24,CE:7DB8,126,CF:4BEA,strong_immediate_secondary_pair_mode_gate_unresolved
166,0xA6,0,CD:175E,CD:188B,1,0x01,CD:1792,CD:17DF,CD:17C7,0x51,23,CE:7A68,124,CF:4ADE,strong_immediate_secondary_pair_mode_gate_unresolved
167,0xA7,0,CD:1991,CD:1BFD,1,0x01,CD:19D1,CD:19F5,CD:19DF,0x51,23,CE:7A68,124,CF:4ADE,strong_immediate_secondary_pair_mode_gate_unresolved
168,0xA8,0,CD:1D6C,CD:1ED5,1,0x01,CD:1D91,CD:1DB5,CD:1D9F,0x51,23,CE:7A68,124,CF:4ADE,strong_immediate_secondary_pair_mode_gate_unresolved
171,0xAB,0,CD:3071,CD:30B8,1,0x01,CD:307E,CD:3097,CD:308A,0x51,49,CE:C7C0,177,CF:5B08,confirmed_normal_immediate_secondary_pair
172,0xAC,0,CD:318C,CD:3320,1,0x01,CD:31B7,CD:31CE,CD:31C3,0x51,49,CE:C7C0,177,CF:5B08,confirmed_normal_immediate_secondary_pair
174,0xAE,0,CD:35D0,CD:389E,1,0x01,CD:361C,CD:3639,CD:3626,0x51,12,CE:59D0,102,CF:4101,strong_immediate_secondary_pair_mode_gate_unresolved
175,0xAF,0,CD:3CDB,CD:3EAB,1,0x01,CD:3D12,CD:3D2A,CD:3D1C,0x51,12,CE:59D0,102,CF:4101,strong_immediate_secondary_pair_mode_gate_unresolved
176,0xB0,0,CD:404E,CD:409D,1,0x01,CD:405B,CD:4073,CD:4065,0x51,12,CE:59D0,102,CF:4101,strong_immediate_secondary_pair_mode_gate_unresolved
177,0xB1,0,CD:4264,CD:437B,1,0x01,CD:42A7,CD:42E6,CD:42CE,0x51,29,CE:8910,139,CF:503F,strong_immediate_secondary_pair_mode_gate_unresolved
178,0xB2,0,CD:45FB,CD:47AC,1,0x01,CD:4629,CD:4646,CD:4633,0x51,29,CE:8910,139,CF:503F,strong_immediate_secondary_pair_mode_gate_unresolved
179,0xB3,0,CD:489A,CD:49C2,1,0x01,CD:48BC,CD:48D9,CD:48C6,0x51,29,CE:8910,139,CF:503F,strong_immediate_secondary_pair_mode_gate_unresolved
179,0xB3,0,CD:489A,CD:49C2,4,0x04,CD:490A,CD:4921,CD:491C,0x51,12,CE:59D0,81,CF:3AFB,mode_ambiguous_secondary_shape
179,0xB3,0,CD:489A,CD:49C2,4,0x04,CD:490A,CD:4921,CD:491E,0x51,12,CE:59D0,176,CF:5AA3,mode_ambiguous_secondary_shape
179,0xB3,0,CD:489A,CD:49C2,5,0x05,CD:4921,CD:4938,CD:4933,0x51,17,CE:65E8,81,CF:3AFB,mode_ambiguous_secondary_shape
179,0xB3,0,CD:489A,CD:49C2,5,0x05,CD:4921,CD:4938,CD:4935,0x51,17,CE:65E8,176,CF:5AA3,mode_ambiguous_secondary_shape
179,0xB3,3,CD:49DC,CD:49E9,119,0x77,CD:49E0,CD:49E9,CD:49E1,0x51,12,CE:59D0,179,CF:5C14,mode_ambiguous_secondary_shape
179,0xB3,4,CD:49E9,CD:49F6,119,0x77,CD:49ED,CD:49F6,CD:49EE,0x51,17,CE:65E8,179,CF:5C14,mode_ambiguous_secondary_shape
180,0xB4,0,CD:4B39,CD:4CB6,1,0x01,CD:4B61,CD:4B7E,CD:4B6B,0x51,29,CE:8910,139,CF:503F,strong_immediate_secondary_pair_mode_gate_unresolved
181,0xB5,0,CD:4E0E,CD:4F7C,1,0x01,CD:4E33,CD:4E5F,CD:4E4C,0x51,29,CE:8910,139,CF:503F,strong_immediate_secondary_pair_mode_gate_unresolved
182,0xB6,0,CD:5228,CD:530C,1,0x01,CD:5241,CD:525A,CD:524F,0x51,30,CE:8D48,141,CF:50E2,strong_immediate_secondary_pair_mode_gate_unresolved
183,0xB7,0,CD:53AF,CD:5537,1,0x01,CD:53D4,CD:5409,CD:53F0,0x51,47,CE:C1B8,173,CF:5A0A,confirmed_normal_immediate_secondary_pair
184,0xB8,0,CD:56A6,CD:575D,1,0x01,CD:56BC,CD:56F1,CD:56D8,0x51,47,CE:C1B8,173,CF:5A0A,confirmed_normal_immediate_secondary_pair
184,0xB8,3,CD:578C,CD:58C9,123,0x7B,CD:582A,CD:58C9,CD:5861,0x51,16,CE:6460,4,CF:2930,mode_ambiguous_secondary_shape
185,0xB9,0,CD:5C60,CD:5DFE,1,0x01,CD:5C8B,CD:5CAA,CD:5C99,0x51,25,CE:80C0,130,CF:4E35,strong_immediate_secondary_pair_mode_gate_unresolved
186,0xBA,0,CD:5F57,CD:608A,1,0x01,CD:5F73,CD:5FA2,CD:5F85,0x51,32,CE:9030,145,CF:51E0,strong_immediate_secondary_pair_mode_gate_unresolved
186,0xBA,0,CD:5F57,CD:608A,6,0x06,CD:5FFE,CD:6015,CD:6010,0x51,23,CE:7A68,81,CF:3AFB,mode_ambiguous_secondary_shape
186,0xBA,0,CD:5F57,CD:608A,6,0x06,CD:5FFE,CD:6015,CD:6012,0x51,23,CE:7A68,176,CF:5AA3,mode_ambiguous_secondary_shape
186,0xBA,6,CD:613D,CD:614A,119,0x77,CD:6141,CD:614A,CD:6142,0x51,23,CE:7A68,179,CF:5C14,mode_ambiguous_secondary_shape
186,0xBA,34,CD:63F6,CD:640B,122,0x7A,CD:63FD,CD:6408,CD:6403,0x51,15,CE:6280,2,CF:2566,mode_ambiguous_secondary_shape
186,0xBA,39,CD:646D,CD:6489,122,0x7A,CD:6474,CD:647F,CD:647A,0x51,14,CE:5FA0,2,CF:2566,mode_ambiguous_secondary_shape
187,0xBB,0,CD:6531,CD:6667,1,0x01,CD:654D,CD:6577,CD:655F,0x51,32,CE:9030,145,CF:51E0,strong_immediate_secondary_pair_mode_gate_unresolved
188,0xBC,0,CD:69EA,CD:6AE7,1,0x01,CD:6A03,CD:6A31,CD:6A19,0x51,32,CE:9030,145,CF:51E0,strong_immediate_secondary_pair_mode_gate_unresolved
189,0xBD,0,CD:6C83,CD:6D78,1,0x01,CD:6C9C,CD:6CBD,CD:6CB2,0x51,36,CE:9F00,151,CF:5468,confirmed_normal_immediate_secondary_pair
190,0xBE,0,CD:6E55,CD:6FBB,1,0x01,CD:6E7A,CD:6EA8,CD:6E9A,0x51,13,CE:5C58,104,CF:42DF,strong_immediate_secondary_pair_mode_gate_unresolved
192,0xC0,0,CD:7928,CD:7995,1,0x01,CD:793B,CD:7964,CD:7951,0x51,14,CE:5FA0,106,CF:4481,strong_immediate_secondary_pair_mode_gate_unresolved
193,0xC1,0,CD:7C16,CD:7C5D,1,0x01,CD:7C23,CD:7C44,CD:7C2F,0x51,15,CE:6280,108,CF:45A5,strong_immediate_secondary_pair_mode_gate_unresolved
194,0xC2,0,CD:7D0E,CD:7D67,1,0x01,CD:7D1E,CD:7D46,CD:7D34,0x51,16,CE:6460,110,CF:461B,strong_immediate_secondary_pair_mode_gate_unresolved
194,0xC2,8,CD:7DD3,CD:7DDD,122,0x7A,CD:7DD7,CD:7DDD,CD:7DDA,0x51,1,CE:2100,176,CF:5AA3,mode_ambiguous_secondary_shape
195,0xC3,0,CD:7E2B,CD:7E89,1,0x01,CD:7E3B,CD:7E68,CD:7E51,0x51,14,CE:5FA0,106,CF:4481,strong_immediate_secondary_pair_mode_gate_unresolved
198,0xC6,0,CD:83D2,CD:844F,1,0x01,CD:83EE,CD:8414,CD:8404,0x51,19,CE:6840,114,CF:4710,strong_immediate_secondary_pair_mode_gate_unresolved
199,0xC7,0,CD:855B,CD:8614,1,0x01,CD:8571,CD:8588,CD:857D,0x51,19,CE:6840,116,CF:4774,strong_immediate_secondary_pair_mode_gate_unresolved
200,0xC8,0,CD:86C9,CD:87D9,1,0x01,CD:86DC,CD:8703,CD:86EE,0x51,20,CE:6950,118,CF:47A2,strong_immediate_secondary_pair_mode_gate_unresolved
201,0xC9,0,CD:8D33,CD:8D70,1,0x01,CD:8D40,CD:8D58,CD:8D4A,0x51,59,CE:F570,202,CF:68E7,confirmed_normal_immediate_secondary_pair
204,0xCC,0,CD:8ED4,CD:8F85,1,0x01,CD:8EE7,CD:8F03,CD:8EF5,0x51,37,CE:A1A8,153,CF:54A2,confirmed_normal_immediate_secondary_pair
206,0xCE,0,CD:9120,CD:922C,1,0x01,CD:9148,CD:91D8,CD:91BA,0x51,53,CE:DD98,189,CF:623A,confirmed_normal_immediate_secondary_pair
208,0xD0,0,CD:961B,CD:9657,1,0x01,CD:9625,CD:963F,CD:9631,0x51,53,CE:DD98,185,CF:5F7A,confirmed_normal_immediate_secondary_pair
209,0xD1,0,CD:975B,CD:97F1,1,0x01,CD:976E,CD:977E,CD:9778,0x51,54,CE:E4B0,191,CF:62B9,confirmed_normal_immediate_secondary_pair
210,0xD2,0,CD:9907,CD:999D,1,0x01,CD:991A,CD:992A,CD:9924,0x51,54,CE:E4B0,191,CF:62B9,confirmed_normal_immediate_secondary_pair
211,0xD3,0,CD:9A48,CD:9ADE,1,0x01,CD:9A5B,CD:9A6B,CD:9A65,0x51,54,CE:E4B0,191,CF:62B9,confirmed_normal_immediate_secondary_pair
212,0xD4,0,CD:9C3B,CD:9CF0,1,0x01,CD:9C51,CD:9C61,CD:9C5B,0x51,54,CE:E4B0,191,CF:62B9,confirmed_normal_immediate_secondary_pair
213,0xD5,0,CD:9E43,CD:9E7F,1,0x01,CD:9E4D,CD:9E67,CD:9E59,0x51,53,CE:DD98,185,CF:5F7A,confirmed_normal_immediate_secondary_pair
214,0xD6,0,CD:9FA7,CD:A028,1,0x01,CD:9FB4,CD:9FD8,CD:9FC2,0x51,37,CE:A1A8,153,CF:54A2,confirmed_normal_immediate_secondary_pair
215,0xD7,0,CD:A116,CD:A152,1,0x01,CD:A120,CD:A13A,CD:A12C,0x51,53,CE:DD98,185,CF:5F7A,confirmed_normal_immediate_secondary_pair
216,0xD8,0,CD:A382,CD:A3BE,1,0x01,CD:A38C,CD:A3A6,CD:A398,0x51,53,CE:DD98,185,CF:5F7A,confirmed_normal_immediate_secondary_pair
217,0xD9,0,CD:A4E2,CD:A553,1,0x01,CD:A4F2,CD:A527,CD:A514,0x51,52,CE:D818,183,CF:5E05,confirmed_normal_immediate_secondary_pair
218,0xDA,0,CD:A5D2,CD:A821,1,0x01,CD:A603,CD:A628,CD:A61F,0x51,51,CE:D078,181,CF:5D38,confirmed_normal_immediate_secondary_pair
219,0xDB,0,CD:AAAF,CD:ABD7,1,0x01,CD:AACB,CD:AAF9,CD:AAF0,0x51,51,CE:D078,181,CF:5D38,confirmed_normal_immediate_secondary_pair
220,0xDC,0,CD:AF89,CD:B0EC,1,0x01,CD:AFAB,CD:AFEC,CD:AFE3,0x51,51,CE:D078,181,CF:5D38,confirmed_normal_immediate_secondary_pair
221,0xDD,0,CD:B5C1,CD:B62A,1,0x01,CD:B5D7,CD:B5EE,CD:B5E3,0x51,53,CE:DD98,185,CF:5F7A,confirmed_normal_immediate_secondary_pair
222,0xDE,0,CD:B6E2,CD:B821,1,0x01,CD:B704,CD:B71D,CD:B710,0x51,48,CE:C6B8,175,CF:5A6E,confirmed_normal_immediate_secondary_pair
224,0xE0,0,CD:BA62,CD:BB73,1,0x01,CD:BA8D,CD:BAC3,CD:BAA1,0x51,55,CE:E818,193,CF:6395,confirmed_normal_immediate_secondary_pair
225,0xE1,0,CD:BFDA,CD:C131,1,0x01,CD:BFF6,CD:C01D,CD:C00A,0x51,55,CE:E818,193,CF:6395,confirmed_normal_immediate_secondary_pair
226,0xE2,0,CD:C3C3,CD:C57A,1,0x01,CD:C3EB,CD:C415,CD:C3FF,0x51,55,CE:E818,193,CF:6395,confirmed_normal_immediate_secondary_pair
228,0xE4,0,CD:C858,CD:C968,1,0x01,CD:C877,CD:C891,CD:C883,0x51,58,CE:EFD0,199,CF:66BC,confirmed_normal_immediate_secondary_pair
229,0xE5,0,CD:CAF8,CD:CBE6,1,0x01,CD:CB14,CD:CB2E,CD:CB20,0x51,58,CE:EFD0,199,CF:66BC,confirmed_normal_immediate_secondary_pair
230,0xE6,0,CD:CCDE,CD:CDF7,1,0x01,CD:CCF7,CD:CD3A,CD:CD2C,0x51,58,CE:EFD0,199,CF:66BC,confirmed_normal_immediate_secondary_pair
231,0xE7,0,CD:D526,CD:D6DA,1,0x01,CD:D554,CD:D56E,CD:D560,0x51,58,CE:EFD0,199,CF:66BC,confirmed_normal_immediate_secondary_pair
232,0xE8,0,CD:D79C,CD:D7FC,1,0x01,CD:D7AF,CD:D7CE,CD:D7BB,0x51,58,CE:EFD0,200,CF:6829,confirmed_normal_immediate_secondary_pair
233,0xE9,0,CD:D8DB,CD:DA15,1,0x01,CD:D8FA,CD:D941,CD:D904,0x51,31,CE:8F30,143,CF:5116,strong_immediate_secondary_pair_mode_gate_unresolved
234,0xEA,0,CD:DDE3,CD:DE1D,1,0x01,CD:DDEA,CD:DE14,CD:DDF6,0x51,38,CE:A308,155,CF:54D0,confirmed_normal_immediate_secondary_pair
235,0xEB,0,CD:DEB5,CD:DF44,1,0x01,CD:DEC5,CD:DEDA,CD:DED1,0x51,46,CE:BEB8,171,CF:59AC,confirmed_normal_immediate_secondary_pair
235,0xEB,7,CD:E0A6,CD:E0B0,122,0x7A,CD:E0AA,CD:E0B0,CD:E0AD,0x51,3,CE:269C,176,CF:5AA3,mode_ambiguous_secondary_shape
237,0xED,2,CD:E348,CD:E50C,144,0x90,CD:E34F,CD:E369,CD:E357,0x51,20,CE:6950,118,CF:47A2,strong_immediate_secondary_pair_mode_gate_unresolved
237,0xED,20,CD:E837,CD:E858,144,0x90,CD:E83E,CD:E850,CD:E848,0x51,51,CE:D078,181,CF:5D38,confirmed_normal_immediate_secondary_pair
240,0xF0,16,CD:F8BC,CD:F944,108,0x6C,CD:F8C9,CD:F8E3,CD:F8D3,0x51,55,CE:E818,193,CF:6395,confirmed_normal_immediate_secondary_pair
245,0xF5,0,CE:05A4,CE:07B8,1,0x01,CE:05DB,CE:05F0,CE:05E7,0x51,50,CE:C940,179,CF:5C14,confirmed_normal_immediate_secondary_pair
